phase,feature,rule,market,disc_n,disc_roi,disc_z,val_n,val_roi,val_excess,val_z
all,a_l10_h1t,a_l10_h1t >= 121.9,fg_total_under,222,16.09712541103363,3.2644556,179,13.104085624217987,20.03731280565262,2.8088226
gp25,d_d3_opp,d_d3_opp >= 4.988,tt_home_under,257,13.796979188919067,2.4779391,512,5.325338244438171,11.14213764667511,2.6544857
gp25,h_l3_gtot,h_l3_gtot >= 240.3,tt_home_under,158,16.972704231739044,2.366329,295,6.934310495853424,12.751109898090363,2.3058758
gp25,gbr_dog,gbr_dog >= 1.658,fg_total_over,174,9.71333310008049,2.0998578,198,12.805934250354767,15.438774228096008,2.2764752
stretch,d_l10_opp,d_l10_opp >= 7.1,fg_ml_fav,229,6.243012845516205,2.3160162,213,6.9770097732543945,9.967269003391266,2.2598236
all,open_total_move,open_total_move <= -1.5,h1_spread_away,382,5.314752086997032,2.174417,782,4.507183283567429,7.680545747280121,2.2490015
all,d_l5_win,d_l5_win <= -0.4,fg_ml_fav,396,4.296499863266945,2.0602083,417,2.3140568286180496,7.230079174041748,2.2026076
all,a_d3_oum,a_d3_oum <= -8.414,tt_home_under,230,7.542595267295837,2.1842494,450,3.838932141661644,9.825491905212402,2.1943445
all,a_d5_margin,a_d5_margin <= -7.53,h1_spread_dog,125,9.889137744903564,2.1192522,263,10.418582707643509,12.740443646907806,2.163123
gp25,h_l5_gtot,h_l5_gtot >= 243.2,fg_total_under,176,11.720597743988037,2.1299436,158,9.962321817874908,16.407617926597595,2.1606338
gp25,d_s2d_cover,d_s2d_cover <= -0.08562,h1_spread_home,189,9.907305985689163,2.3686795,348,4.324087128043175,11.000275611877441,2.1507733
all,open_total_move,open_total_move >= 2,h1_spread_home,287,8.191875368356705,2.2087245,645,2.031433582305908,7.911673188209534,2.1059895
all,d_d3_oum,d_d3_oum >= 17.32,fg_total_under,215,8.333685994148254,2.0200276,232,6.1780765652656555,13.111303746700287,2.0924168
all,a_d3_win,a_d3_win <= -0.3178,fg_ml_away,238,15.827997028827667,2.3906434,233,14.066977798938751,18.159547448158264,2.0752738
gp25,a_l10_h1t,a_l10_h1t >= 122.1,fg_total_under,176,18.235844373703003,3.0354898,128,10.431887954473495,16.877183318138123,2.000378
stretch,a_l3_gtot_vs_line,a_l3_gtot_vs_line <= -9.667,tt_home_under,125,17.676818370819092,2.123688,197,4.222703725099564,13.21357786655426,1.9541796
stretch,gbr_dog,gbr_dog <= 0,tt_away_under,138,9.420306235551834,2.0988612,233,4.442199692130089,11.93370670080185,1.9159096
gp50,a_adj_net,a_adj_net >= 2.59,h1_spread_away,124,15.10213017463684,2.2000787,257,6.189003586769104,11.409136652946472,1.9152744
all,a_adj_off,a_adj_off <= 111.6,fg_total_over,721,4.863873869180679,2.5692325,540,5.706774443387985,7.850988209247589,1.9119852
gp50,gbr_h,gbr_h <= -0.2143,fg_spread_dog,195,6.715620309114456,2.1312203,192,1.458799373358488,12.81270980834961,1.8633221
all,a_adj_def,a_adj_def >= 116.5,fg_total_under,246,7.874821871519089,2.0853584,442,1.5139101073145866,8.447137475013733,1.8607115
postdl,d_l10_opp,d_l10_opp >= 7.1,fg_ml_fav,179,9.780839085578918,2.7653883,195,8.510937541723251,8.3139069378376,1.8570181
all,pair_l5_oum,pair_l5_oum <= -4.445,h1_spread_dog,222,7.471964508295059,2.4465334,444,5.956435576081276,8.278296887874603,1.8262123
gp50,t60_ml_away_price,t60_ml_away_price <= 1.714,fg_spread_away,299,9.819675981998444,2.0034554,322,1.9091250374913216,9.679444134235382,1.8204367
early,h_l3_cover,h_l3_cover >= 0.666667,fg_ml_home,180,18.85717660188675,2.8142009,171,13.029229640960693,13.853062689304352,1.8202274
all,a_d5_opp,a_d5_opp < 0,fg_spread_away,1082,1.2997192330658436,2.0353332,1135,-0.7145682349801064,5.028757452964783,1.7739831
all,open_total_move,open_total_move >= 1,h1_spread_home,450,7.507939636707306,2.6133714,972,-0.494881346821785,5.385357886552811,1.7597691
stretch,gbr_dog,gbr_dog <= 0.04,tt_away_under,161,9.027393162250519,2.2141933,259,2.8829680755734444,10.37447527050972,1.7560534
postdl,gbr_dog,gbr_dog >= 1.654,fg_total_over,176,10.636010766029358,2.2631402,199,12.239070236682892,11.798354983329773,1.7459133
all,pair_l5_oum,pair_l5_oum <= -2.475,h1_spread_dog,327,3.8987215608358383,2.2915797,682,4.036938026547432,6.358799338340759,1.7385454
veryLate,d_d3_h1m,d_d3_h1m <= -4.676,fg_ml_home,157,15.4433012008667,2.4531891,155,1.1027824133634567,14.023754000663757,1.7351863
gp25,h_l5_h1t,h_l5_h1t >= 120.8,fg_total_under,349,6.676837056875229,2.0121646,305,2.683376334607601,9.128672629594803,1.6701851
gp25,open_total_move,open_total_move <= -3.25,fg_spread_away,173,12.583662569522858,2.0774584,234,4.545412212610245,10.422484576702118,1.6698707
all,d_l3_margin,d_l3_margin <= -11.67,fg_spread_fav,480,5.4131753742694855,2.0708969,532,1.5670433640480042,6.881237030029297,1.6625501
all,d_s2d_cover,d_s2d_cover <= -0.06222,h1_spread_home,348,6.779193133115768,2.1554384,692,0.12979686725884676,6.0100361704826355,1.6570597
all,a_adj_tempo_pts,a_adj_tempo_pts <= 223.3,fg_total_over,718,7.959757000207901,3.432919,433,5.372277274727821,7.516490668058395,1.639164
gp50,d_l10_opp,d_l10_opp >= 7.2,fg_ml_fav,200,7.459182292222977,2.3446803,187,8.065685629844666,7.4324361979961395,1.6294796
gp25,h_d5_margin,h_d5_margin >= 5.138,h1_total_under,190,11.553309857845306,2.138145,417,2.1580027416348457,7.608537375926971,1.6266912
gp25,st_days_to_deadline,st_days_to_deadline >= 42,fg_total_over,350,4.72501739859581,2.000493,398,5.054407566785812,7.687247544527054,1.607052
early,h_d5_gtot,h_d5_gtot < 0,fg_ml_fav,138,10.53297445178032,2.0759556,155,4.18853834271431,8.73052030801773,1.6017799
gp25,st_h_gp,st_h_gp >= 65,fg_total_over,523,2.9376965016126633,2.0172088,525,4.001791030168533,6.634631007909775,1.5929931
all,a_l3_oum,a_l3_oum <= -8.5,tt_home_under,239,9.942294657230377,2.615858,443,1.1791408061981201,7.165700197219849,1.5878327
all,a_d3_over,a_d3_over <= -0.1528,h1_spread_away,347,6.149664148688316,2.2355428,735,2.388732321560383,5.56209459900856,1.578979
stretch,h_km_7d,h_km_7d >= 4068,fg_total_over,333,4.345763847231865,2.3134155,381,8.736445009708405,7.635275274515152,1.5640423
all,st_both_done,st_both_done == 1,tt_home_over,127,12.80355304479599,2.2845623,272,4.683446884155273,8.915486931800842,1.5488826
early,d_d5_opp,d_d5_opp < 0,fg_total_under,128,10.369495302438736,2.2060735,134,1.173041295260191,12.691622972488403,1.5428922
gp25,a_s2d_own,a_s2d_own >= 119.3,fg_ml_home,175,12.478196620941162,2.2937284,219,2.055424451828003,10.472626984119415,1.5109093
mid,h_l10_opp,h_l10_opp <= 112,fg_ml_fav,272,8.50408747792244,2.3756785,315,-1.5661174431443214,5.9276483952999115,1.5096097
postdl,a_adj_def,a_adj_def <= 111.7,h1_spread_away,120,12.603220343589783,2.0310442,242,3.3909711986780167,9.225885570049286,1.5028827
late,h_l10_gtot_vs_line,h_l10_gtot_vs_line >= 4.8,fg_ml_away,187,17.26648658514023,2.0250807,174,13.111183047294617,15.295448899269104,1.4879737
all,d_d5_oum,d_d5_oum >= 8.383,tt_home_under,202,7.394958287477493,2.0249634,441,0.7086971774697304,6.695257127285004,1.4802356
gp25,d_d5_oum,d_d5_oum >= 13.7,fg_total_under,165,12.231408059597015,2.1310515,147,5.200738832354546,11.646035313606262,1.4792577
all,a_l10_oum,a_l10_oum < 0,tt_home_under,484,4.134877771139145,2.3818762,974,-1.4947930350899696,4.491766542196274,1.4758455
all,h_d3_over,h_d3_over <= -0.209,fg_spread_fav,465,9.623772650957108,2.9894528,503,0.9494997560977936,6.263693422079086,1.4715226
all,a_l10_h1t,a_l10_h1t >= 119.8,fg_total_under,434,6.8915508687496185,2.5552654,379,0.27897905092686415,7.2122059762477875,1.4711131
early,h_d3_cover,h_d3_cover > 0,fg_ml_home,142,17.12023913860321,2.283372,143,11.418543756008148,12.242376804351807,1.4710099
stretch,h_l3_gtot_vs_line,h_l3_gtot_vs_line <= -9.167,fg_ml_home,232,11.850605905056,2.7329326,224,-1.465968880802393,9.564843773841858,1.4539454
all,d_l5_win,d_l5_win <= -0.4,fg_spread_fav,386,8.320087939500809,2.4553769,410,1.5064317733049393,6.820625066757202,1.446667
gp50,pair_l10_margin_vs_line,pair_l10_margin_vs_line >= 6.85,fg_spread_away,197,13.379053771495819,2.1498978,208,1.7848463729023933,9.555165469646454,1.4443322
gp25,d_l3_atsm,d_l3_atsm >= 13.38,fg_ml_dog,175,27.446037530899048,2.511698,225,7.53600150346756,14.964617788791656,1.440889
gp25,h2h_days,h2h_days <= 6,fg_ml_home,154,12.058067321777344,2.102439,129,4.540741071105003,12.957943975925446,1.4348009
mid,a_l5_over,a_l5_over == 0.6,h1_spread_home,126,10.331210494041443,2.1379595,272,-2.496200054883957,8.276763558387756,1.433021
all,a_adj_tempo_pts,a_adj_tempo_pts <= 222.4,fg_total_over,480,6.992145627737045,2.584786,341,5.242568626999855,7.386782020330429,1.4295382
gp50,st_h_l10,st_h_l10 >= 0.7,fg_spread_dog,232,5.344060063362122,2.1056736,270,-3.0686508864164352,8.285260200500488,1.4288427
mid,meet_n,meet_n == 1,tt_away_over,191,19.30747479200363,2.271025,356,2.4354342371225357,7.1413300931453705,1.4184723
gp25,d_l10_atsm,d_l10_atsm >= 3.05,h1_total_under,273,9.131038188934326,2.1435483,566,0.23199438583105803,5.6825291365385056,1.4154214
postdl,h_l10_margin,h_l10_margin >= 5.4,fg_spread_dog,179,6.68138712644577,2.0061128,280,-2.4424467235803604,8.060997724533081,1.4148647
gp25,d_s2d_cover,d_s2d_cover <= -0.05128,h1_spread_home,267,7.122402638196945,2.3375642,500,-0.6666986271739006,6.009490042924881,1.4083936
stretch,pair_l10_margin_vs_line,pair_l10_margin_vs_line >= 6.65,fg_spread_away,225,11.995246261358261,2.0816774,242,0.9007307700812817,8.566421270370483,1.3965079
gp50,h_l10_margin,h_l10_margin >= 5.4,fg_spread_dog,198,6.086157634854317,2.0547163,285,-3.484126180410385,7.8697845339775085,1.3943815
postdl,st_h_l10,st_h_l10 >= 0.7,fg_spread_dog,207,6.077312305569649,2.0662322,264,-2.3283446207642555,8.175099641084671,1.393292
mid,a_adj_tempo_pts,a_adj_tempo_pts >= 228.2,fg_total_under,178,7.2546400129795074,2.0724702,447,5.513696372509003,6.101398169994354,1.3522807
gp25,d_d3_oum,d_d3_oum >= 17.7,fg_total_under,168,12.49999850988388,2.1868103,166,3.5052936524152756,9.950590133666992,1.343105
all,pair_l5_oum,pair_l5_oum < 0,h1_spread_dog,485,0.7201241794973612,2.0566518,1054,1.6080474480986595,3.929908573627472,1.3357387
gp50,d_l5_win,d_l5_win <= -0.4,fg_ml_fav,162,10.388927906751633,2.6615143,166,7.027149200439453,6.393899768590927,1.3207386
late,h_l10_gtot_vs_line,h_l10_gtot_vs_line <= -5,fg_ml_home,187,7.258234918117523,2.0379517,189,-0.28484403155744076,9.244154393672943,1.3144944
all,st_a_rank,st_a_rank <= 2,h1_spread_fav,165,14.114437997341156,2.0866055,327,0.18380307592451572,6.917034089565277,1.311664
all,d_l3_atsm,d_l3_atsm >= 13.43,fg_ml_dog,243,19.915948808193207,2.6368759,306,5.549347773194313,11.584080010652542,1.3087497
postdl,st_days_to_deadline,st_days_to_deadline <= 24,tt_home_under,136,16.672314703464508,2.086562,280,-2.2208601236343384,7.421669363975525,1.3086654
all,gbr_fav,gbr_fav <= -0.1111,h1_spread_away,271,6.949469447135925,2.1137204,515,2.331242151558399,5.5046044290065765,1.3080491
all,h_s2d_h1m,h_s2d_h1m >= 1.665,fg_ml_home,711,4.141282290220261,2.1346092,761,-1.9825391471385956,4.877205938100815,1.3051146
gp25,d_d5_oum,d_d5_oum >= 5.145,tt_home_under,258,11.212959885597229,2.0424998,491,-0.22410477977246046,5.592694878578186,1.3047845
all,a_s2d_h1t,a_s2d_h1t <= 112.7,fg_total_over,692,5.939824134111404,2.813541,624,2.8095507994294167,4.953764379024506,1.2968535
stretch,st_a_gp,st_a_gp >= 78,fg_total_over,135,8.879954367876053,2.0251749,135,11.711327731609344,10.610157996416092,1.2937491
all,a_d3_oum,a_d3_oum <= -5.457,tt_home_under,342,6.344164162874222,2.430931,687,-1.3202755711972713,4.6662840992212296,1.2876382
all,h_d5_h1m,h_d5_h1m >= 5.98,fg_total_under,233,12.251266092061996,2.7293553,250,0.8100726641714573,7.743299752473831,1.2827866
all,a_s2d_opp,a_s2d_opp <= 108.9,fg_total_over,228,15.552103519439697,3.1354778,242,5.722245201468468,7.866458594799042,1.2824789
veryLate,h_d5_h1m,h_d5_h1m >= 2.653,fg_total_under,155,9.618771821260452,2.5235465,167,-5.117035657167435,9.362833946943283,1.2743632
stretch,d_s2d_cover,d_s2d_cover <= -0.04658,h1_spread_home,169,12.876856327056885,2.5179317,324,1.9759526476264,6.745957583189011,1.2726353
all,d_s2d_h1t,d_s2d_h1t >= 6.7,tt_away_over,156,15.784615278244019,2.33808,209,4.438232257962227,8.343946933746338,1.2699441
all,d_d5_margin,d_d5_margin <= -11.07,fg_spread_away,231,8.281822502613068,2.0519783,257,1.7808876931667328,7.524213194847107,1.263044
all,a_adj_off,a_adj_off >= 113.9,fg_total_under,726,3.082161955535412,2.2296169,1283,-3.570278361439705,3.3629488199949265,1.2620946
all,st_days_to_deadline,st_days_to_deadline >= 48,fg_total_over,263,10.332288593053818,2.4807537,312,4.6410828828811646,6.785295903682709,1.256057
all,rt_imp_total,rt_imp_total >= 456.9,fg_total_under,489,4.244716838002205,2.099175,1092,-3.309544175863266,3.6236830055713654,1.254642
stretch,h_l10_win,h_l10_win >= 0.7,fg_spread_dog,264,5.5885374546051025,2.1134887,307,-0.44432091526687145,6.826583296060562,1.2526906
gp25,d_l5_oum,d_l5_oum >= 14.52,fg_total_under,164,12.920878827571869,2.2170882,140,3.660416603088379,10.105712711811066,1.252674
late,pair_l5_gtot_vs_line,pair_l5_gtot_vs_line > 0,fg_ml_away,306,13.442592322826385,2.0717802,320,7.296798378229141,9.481063485145569,1.2508075
all,d_s2d_gtot,d_s2d_gtot <= -12.58,fg_ml_home,236,9.683701395988464,2.0620818,166,3.1169001013040543,9.976644814014435,1.2468776
mid,a_l5_over,a_l5_over >= 0.8,fg_spread_away,167,7.439366728067398,2.1311235,154,7.967881113290787,9.548698365688324,1.2410319
all,a_streak_ou,a_streak_ou <= -1,h1_spread_away,613,2.4244699627161026,2.0038998,1179,0.25019992608577013,3.4235619008541107,1.2309188
stretch,gbr_fav,gbr_fav <= -0.1818,h1_spread_away,180,12.260939180850983,2.290068,348,2.047836221754551,6.290378421545029,1.2286725
postdl,d_l5_win,d_l5_win <= -0.4,fg_ml_fav,141,9.732335805892944,2.44584,166,6.126874312758446,5.929844081401825,1.2220558
all,st_h_gb_1,st_h_gb_1 >= 11.5,fg_spread_fav,759,4.886828735470772,2.452198,1152,-1.8793277442455292,3.4348659217357635,1.2212046
postdl,d_s2d_own,d_s2d_own <= -2.841,fg_spread_away,258,12.472280114889145,2.2338226,276,-1.098758541047573,7.011701166629791,1.2210767
early,h_l3_margin_vs_need,h_l3_margin_vs_need > 0,fg_ml_home,141,27.710500359535217,3.588767,157,8.853182196617126,9.677015244960785,1.2183528
gp25,a_s2d_over,a_s2d_over <= 0.4194,fg_ml_away,177,20.398254692554474,2.1100028,236,7.112624496221542,10.64075082540512,1.2129045
gp25,a_l5_atsm,a_l5_atsm <= -7.5,fg_ml_away,177,22.342823445796967,2.2985172,205,7.874993234872818,11.403119564056396,1.2114317
all,a_l10_own,a_l10_own >= 122.1,fg_spread_fav,220,9.352526068687439,2.0141065,216,2.5399556383490562,7.854149490594864,1.2091453
gp25,h_adj_def,h_adj_def <= 111,fg_total_over,344,6.555125862360001,2.338873,322,3.7671618163585663,6.400001794099808,1.203443
gp50,d_d5_gtot,d_d5_gtot >= 10.38,fg_ml_home,200,6.787187606096268,2.0666735,161,-2.620580978691578,9.096857160329819,1.2029233
gp25,gbr_d,gbr_d >= 0.3333,fg_ml_fav,351,4.163824766874313,2.3480353,357,-0.2919460879638791,4.220175743103027,1.1998241
stretch,st_h_l10,st_h_l10 >= 0.7,fg_spread_dog,266,6.230045855045319,2.2311118,306,-0.7428614888340235,6.528042256832123,1.195955
late,h_l3_gtot_vs_line,h_l3_gtot_vs_line <= -7.25,fg_spread_home,184,6.859717518091202,2.025244,165,6.547278165817261,8.848050236701965,1.1901289
gp25,st_days_to_deadline,st_days_to_deadline >= 54,fg_total_over,180,9.235723316669464,2.0686255,220,5.007858574390411,7.640698552131653,1.1875774
all,d_l3_margin,d_l3_margin <= -18,fg_spread_fav,243,10.792393237352371,2.3519058,294,1.2844632379710674,6.598656624555588,1.1851727
gp25,st_h_gp,st_h_gp >= 70,tt_home_over,186,3.3875685185194016,2.0185902,373,1.3995974324643612,5.820225179195404,1.1842239
stretch,rt_total_gap,rt_total_gap >= 231.7,fg_total_over,225,6.060837209224701,2.1712632,225,8.613545447587967,7.512375712394714,1.1825782
gp25,a_adj_tempo_pts,a_adj_tempo_pts <= 223.9,fg_total_over,518,3.2065190374851227,2.0716403,368,3.242143988609314,5.874983966350555,1.1809951
gp25,gbr_fav,gbr_fav <= -0.1852,h1_spread_away,182,12.012747675180435,2.126023,384,3.4187834709882736,5.746249482035637,1.1790987
stretch,d_l3_margin,d_l3_margin <= -11.67,fg_spread_fav,227,12.704955041408539,2.36325,250,5.363977700471878,7.109498232603073,1.1780365
all,open_total_move,open_total_move <= -3.25,h1_spread_away,138,13.224530220031738,2.2815492,328,3.031061589717865,6.204423680901527,1.1766105
all,c_tt_home_point,c_tt_home_point <= 109.5,h1_spread_away,284,7.236810028553009,2.2146158,462,2.046220749616623,5.219582840800285,1.1747652
late,h_l3_gtot_vs_line,h_l3_gtot_vs_line <= -7.25,fg_ml_home,187,13.211019337177277,2.8460944,168,-0.8572546765208244,8.671743422746658,1.1625768
stretch,st_h_gp,st_h_gp >= 71,fg_total_over,342,3.267228975892067,2.1354108,346,7.048922032117844,5.947751924395561,1.1610535
all,a_d3_atsm,a_d3_atsm >= 9.009,fg_spread_away,234,8.5379958152771,2.1063063,243,1.3517086394131184,7.095034420490265,1.1581064
all,st_both_done,st_both_done == 1,fg_total_over,193,10.780370980501175,2.1903365,274,4.521631076931953,6.6658444702625275,1.1563619
gp25,a_d3_cover,a_d3_cover <= -0.3704,fg_spread_dog,172,11.020957678556442,2.251168,217,2.104424498975277,7.492721825838089,1.1555505
all,st_a_gb_6,st_a_gb_6 <= -5,tt_away_under,128,10.734106600284576,2.512965,251,0.820384081453085,6.911008805036545,1.1516554
stretch,a_l3_h1m,a_l3_h1m <= -5.667,fg_total_over,230,7.0698559284210205,2.355648,282,7.634478062391281,6.533308327198029,1.151381
gp50,st_d_playin_edge,st_d_playin_edge <= -6.5,h1_total_over,169,9.355032444000244,2.018938,319,3.4067686647176743,6.1314355581998825,1.1485884
stretch,a_l5_oum,a_l5_oum >= 4.7,tt_home_over,159,4.373950511217117,2.0606973,385,4.187944158911705,5.547337234020233,1.1472408
all,h_d5_margin,h_d5_margin >= 4.616,fg_total_under,467,6.706421822309494,2.6087215,565,-2.329425700008869,4.603801667690277,1.1465663
gp25,h2h_days,h2h_days <= 13,fg_ml_home,280,8.775133639574051,2.3158011,245,-0.9649115614593029,7.452291250228882,1.1371913
mid,d_gp_prior,d_gp_prior <= -1,fg_total_over,370,9.388022869825363,2.1997154,327,-2.5241291150450706,5.9711754322052,1.1323134
all,h_d5_h1m,h_d5_h1m >= 5.98,tt_home_under,129,14.736850559711456,2.4932253,251,0.7286109961569309,6.715171039104462,1.120052
gp25,d_d5_gtot,d_d5_gtot >= 5.93,tt_home_under,252,11.567205935716629,2.0782592,495,-1.0489406064152718,4.767858982086182,1.1168708
mid,a_d3_h1m,a_d3_h1m >= 5.667,fg_ml_away,183,11.063859611749649,2.1486382,156,14.68111127614975,12.202663719654083,1.1116393
stretch,st_d_win_pct,st_d_win_pct < 0,fg_ml_fav,574,1.5107651241123676,2.0036314,537,0.07643744465894997,3.066696412861347,1.1039934
all,d_d5_win,d_d5_win <= -0.1559,fg_spread_fav,692,3.7442646920681,2.0266018,649,-1.1785742826759815,4.135619476437569,1.1036093
all,d_s2d_cover,d_s2d_cover >= 0.1694,tt_home_over,124,12.910312414169312,2.2701647,195,3.26530858874321,7.497349381446838,1.1028439
stretch,gbr_dog,gbr_dog >= 1.171,tt_home_over,136,5.454050749540329,2.0395036,266,5.040642246603966,6.400035321712494,1.1001778
mid,a_s2d_h1t,a_s2d_h1t <= 112.6,fg_total_over,264,10.6436587870121,2.0719342,243,-1.795423962175846,6.699880957603455,1.0952245
gp25,a_l3_atsm,a_l3_atsm <= -9.333,fg_spread_dog,181,11.798800528049469,2.4189346,216,1.7088526859879494,7.097150385379791,1.0920194
all,h_l3_gtot_vs_line,h_l3_gtot_vs_line <= -9.5,fg_spread_home,477,5.682426318526268,2.315955,472,1.5311840921640396,4.782156273722649,1.0880114
gp25,d_l10_oum,d_l10_oum >= 10.43,fg_total_under,158,12.37054392695427,2.1036804,138,2.3811012506484985,8.826397359371185,1.0862508
stretch,a_l5_own,a_l5_own >= 118.2,fg_total_under,342,9.973020851612091,2.1918166,369,-4.78808619081974,5.38824163377285,1.0860602
gp25,a_d3_over,a_d3_over <= -0.2143,tt_home_under,187,13.046756386756897,2.0048869,315,-0.025210456806235015,5.791589245200157,1.0822558
postdl,d_s2d_cover,d_s2d_cover <= -0.04271,h1_spread_home,131,15.040437877178192,2.3192918,301,2.8175195679068565,5.948904901742935,1.0814459
gp25,d_trav_km,d_trav_km > 0,fg_ml_away,373,20.160722732543945,3.0295992,387,3.869616985321045,7.397743314504623,1.0798242
gp50,d_s2d_cover,d_s2d_cover <= -0.04439,h1_spread_home,142,14.195436239242554,2.4839296,301,2.1762462332844734,5.935283750295639,1.078954
mid,st_d_gp,st_d_gp <= -1,fg_total_over,323,12.890605628490448,2.7150629,328,-2.8213100507855415,5.673994868993759,1.0776031
stretch,d_d5_atsm,d_d5_atsm >= 6.763,fg_ml_dog,229,21.435457468032837,2.2023513,255,-3.570377081632614,10.26722863316536,1.0734156
veryLate,a_l10_margin,a_l10_margin >= 3.9,fg_ml_fav,159,7.6774924993515015,2.2169392,175,4.778125137090683,4.879985749721527,1.0623788
all,st_a_win_pct,st_a_win_pct >= 0.6957,h1_spread_fav,144,14.844006299972534,2.0413558,312,-1.0012383572757244,5.731992796063423,1.0617242
veryLate,open_total_move,open_total_move <= -1,fg_total_over,176,14.984123408794403,2.0000668,195,12.604603171348572,7.201562821865082,1.0592394
all,d_d5_win,d_d5_win <= -0.2398,fg_spread_fav,460,5.842631682753563,2.123785,451,-0.5534243769943714,4.760769382119179,1.0590534
stretch,h_l3_gtot_vs_line,h_l3_gtot_vs_line <= -9.167,fg_spread_home,229,5.861933529376984,2.1740725,221,5.406268686056137,6.756977736949921,1.0523124
early,d_streak_ats,d_streak_ats < 0,fg_spread_away,188,10.745381563901901,2.3686376,175,-1.699903979897499,7.55675882101059,1.0474921
all,a_d5_h1m,a_d5_h1m >= 5.831,fg_ml_fav,238,7.371040433645248,2.2745981,249,-0.4776556510478258,4.4383663684129715,1.0448378
gp25,d_l5_margin,d_l5_margin <= -15.2,fg_spread_fav,175,15.649349987506866,2.6836553,207,3.2583441585302353,6.885063648223877,1.0376787
veryLate,d_s2d_h1m,d_s2d_h1m < 0,fg_ml_fav,278,4.063534364104271,2.0187664,237,3.993750736117363,4.095611348748207,1.0376114
stretch,st_days_to_deadline,st_days_to_deadline >= 43,fg_total_over,339,4.181098937988281,2.3023865,385,6.12235963344574,5.021189525723457,1.0339471
stretch,gbr_h,gbr_h <= -0.1765,fg_spread_dog,225,6.053594127297401,2.024239,225,-0.690190214663744,6.580713391304016,1.0337974
postdl,st_d_playin_edge,st_d_playin_edge <= -6.95,h1_total_over,151,9.773921966552734,2.0777462,305,1.9134093075990677,5.640869587659836,1.0331197
all,d_trav_km,d_trav_km >= 777.9,fg_spread_away,247,8.21826159954071,2.1113894,257,0.38542822003364563,6.12875409424305,1.0287968
postdl,a_km_14d,a_km_14d <= 3882,fg_spread_home,173,7.054189592599869,2.1156461,161,6.819336116313934,7.7316924929618835,1.027841
all,a_l10_margin,a_l10_margin >= 5.7,h1_spread_fav,270,10.585863143205643,2.059566,530,-2.4793779477477074,4.253853112459183,1.0269498
all,pair_l5_oum,pair_l5_oum <= -4.445,h1_spread_away,222,9.133382141590118,2.2544146,444,1.4694906771183014,4.642852768301964,1.0244027
mid,h_alt_m,h_alt_m >= 229,fg_spread_dog,201,7.392128556966782,2.1675196,196,6.252405792474747,6.974254548549652,1.0229052
gp50,d_l5_win,d_l5_win <= -0.4,fg_spread_fav,205,12.687550485134125,2.0896926,201,9.193801879882812,6.861920654773712,1.0217991
postdl,a_d3_win,a_d3_win <= -0.2435,fg_ml_away,176,24.535490572452545,2.164348,195,-1.9578834995627403,9.364507347345352,1.0151163
gp25,gbr_h,gbr_h >= 0.1765,fg_ml_fav,527,2.672032080590725,2.382707,635,-1.835121400654316,2.6770005002617836,1.0150518
mid,meet_n,meet_n == 2,tt_away_under,141,3.409348428249359,2.343692,362,-0.20902485121041536,5.0623055547475815,1.0132191
late,d_l5_over,d_l5_over > 0,tt_home_under,125,22.416764497756958,2.0202613,209,1.6366852447390556,6.645172089338303,1.0111686
early,h_l3_atsm,h_l3_atsm > 0,fg_ml_home,177,14.290764927864075,2.156111,175,6.779588758945465,7.6034218072891235,1.0106713
gp25,d_l3_atsm,d_l3_atsm >= 13.38,fg_spread_dog,175,9.098663926124573,2.0043364,221,1.104990392923355,6.493288278579712,1.0106022
all,d_l10_opp,d_l10_opp >= 10.7,fg_spread_fav,218,10.364476591348648,2.1614528,211,1.30311893299222,6.617312878370285,1.0068746
gp25,d_l3_margin,d_l3_margin <= -18,fg_spread_fav,174,11.927134543657303,2.161573,219,2.85183135420084,6.478551030158997,1.0043145
gp25,a_l5_cover,a_l5_cover == 0.8,fg_spread_fav,248,8.545294404029846,2.0226376,244,2.507367357611656,6.134086847305298,1.0037247
stretch,gbr_dog,gbr_dog >= 1.171,fg_total_over,228,8.010891824960709,2.4943185,266,6.94429948925972,5.843129381537437,1.0001098
postdl,a_gp_prior,a_gp_prior <= 63,fg_total_under,272,13.703206181526184,2.9623296,391,-4.774290695786476,4.7431934624910355,0.9838114
gp25,gbr_fav,gbr_fav <= -0.4706,fg_total_over,173,9.248558431863785,2.029772,185,4.237726703286171,6.870566308498383,0.9792552
gp25,d_s2d_oum,d_s2d_oum <= -1.826,h1_total_under,274,9.300567209720612,2.1768782,509,-1.3503269292414188,4.100207984447479,0.96850234
stretch,h_gp_prior,h_gp_prior >= 76,tt_home_over,132,7.080897688865662,2.2076368,193,5.252193659543991,6.611587107181549,0.96810853
late,a_km_7d,a_km_7d >= 4497,fg_spread_away,183,12.665922939777374,2.037826,193,-0.06492397515103221,6.614138185977936,0.9624116
all,a_l10_h1t,a_l10_h1t >= 118,fg_total_under,651,4.987961053848267,2.6207256,628,-3.3057712018489838,3.6274559795856476,0.95244586
all,rt_total_gap,rt_total_gap <= 217.8,tt_home_over,140,12.501905858516693,2.3603716,225,1.7852801829576492,6.017320603132248,0.95078737
gp50,t60_ml_home_price,t60_ml_home_price >= 2.185,fg_ml_fav,299,4.79874387383461,2.186717,322,3.918071463704109,3.2848216593265533,0.94501066
stretch,h_l10_cover,h_l10_cover <= 0.3,fg_ml_home,222,10.026725381612778,2.425645,210,-4.646188020706177,6.384624540805817,0.9397043
gp25,a_s2d_over,a_s2d_over <= 0.4194,fg_spread_away,173,14.788548648357391,2.3813434,231,0.022508262190967798,5.89958019554615,0.939141
postdl,st_h_gp,st_h_gp <= 62,fg_total_under,285,8.516737073659897,2.1149783,355,-4.795211553573608,4.722272604703903,0.9332927
gp50,t24_spread_home_point,t24_spread_home_point > 0,fg_ml_fav,280,4.842788353562355,2.126995,283,4.086269438266754,3.4530196338891983,0.9312992
gp25,h_d3_opp,h_d3_opp >= 6.081,fg_total_under,346,7.045241445302963,2.0752916,298,-1.309329830110073,5.135966092348099,0.9288324
late,d_km_14d,d_km_14d >= 1359,fg_ml_dog,187,19.367577135562897,2.2675514,187,3.787580505013466,10.215635597705841,0.91579187
all,d_d5_atsm,d_d5_atsm <= -9.964,fg_spread_away,234,10.98354160785675,2.498155,233,-0.036433429340831935,5.7068925350904465,0.91215473
late,h_l10_gtot_vs_line,h_l10_gtot_vs_line <= -7.2,fg_ml_home,126,16.253601014614105,2.6752787,131,-1.8410086631774902,7.6879896223545074,0.91014177
gp25,open_spread_home_point,open_spread_home_point <= -10.5,fg_spread_home,190,8.523572981357574,2.1826887,269,2.1433334797620773,5.281295254826546,0.90709853
all,a_d3_atsm,a_d3_atsm >= 9.009,tt_home_under,130,11.142971366643906,2.0728934,244,-0.47096973285079,5.515589937567711,0.90704983
all,st_a_gb_10,st_a_gb_10 <= -3.5,tt_away_under,451,1.1118656024336815,2.5770407,841,-3.1244389712810516,2.9661856591701508,0.90477496
all,a_l3_atsm,a_l3_atsm <= -9.333,fg_spread_dog,248,13.195757567882538,3.0735955,296,1.3155743479728699,4.995646700263023,0.8996479
early,h_l3_margin,h_l3_margin > 0,fg_ml_home,176,14.861597120761871,2.2291093,188,5.693862959742546,6.517695635557175,0.8979555
all,st_d_gp,st_d_gp >= 2,fg_total_under,259,9.095887839794159,2.3456197,298,-1.9769346341490746,4.956292361021042,0.89644444
all,a_s2d_h1t,a_s2d_h1t <= 111.6,fg_total_over,460,9.982991218566895,3.2023556,490,1.701328158378601,3.845541551709175,0.89211094
all,h_s2d_own,h_s2d_own >= 117.4,fg_ml_dog,474,9.017271548509598,2.1241028,617,-0.5068247206509113,5.527907609939575,0.88682455
gp50,t60_ml_away_price,t60_ml_away_price <= 1.714,fg_ml_fav,304,5.329065024852753,2.3416276,326,3.694712370634079,3.061462566256523,0.88620603
mid,d_d3_cover,d_d3_cover <= -0.3467,fg_spread_fav,178,13.713942468166351,2.1738853,159,-1.5652276575565338,6.702424585819244,0.88579243
all,st_h_gb_1,st_h_gb_1 <= 3.5,tt_home_over,353,5.654970556497574,2.368706,486,-0.4466102924197912,3.7854302674531937,0.8790678
stretch,st_h_gp,st_h_gp >= 78,fg_total_over,139,8.493610471487045,2.0072162,134,8.270911127328873,7.16974139213562,0.8709982
gp50,d_s2d_margin,d_s2d_margin <= -5.377,h1_total_over,123,16.14840179681778,2.5128534,232,2.7211999520659447,5.445867031812668,0.86999744
late,h2h_prev_margin_h,h2h_prev_margin_h > 0,h1_spread_dog,123,18.066009879112244,2.19298,250,6.2031615525484085,5.240315198898315,0.86866105
gp25,d_trav_tz,d_trav_tz >= 1,h1_spread_away,209,13.132384419441223,2.448059,428,1.679752953350544,4.007218778133392,0.8680905
stretch,d_s2d_win,d_s2d_win < 0,fg_ml_fav,573,1.5104915015399456,2.001789,537,-0.5840455647557974,2.4062134325504303,0.8662232
stretch,a_l10_own,a_l10_own >= 117.7,fg_total_under,338,11.27447634935379,2.429764,334,-5.668367817997932,4.507960006594658,0.864464
all,d_l5_margin,d_l5_margin <= -15.2,fg_spread_away,236,12.431949377059937,2.7418761,291,-0.928817130625248,4.814508557319641,0.85998183
all,t24_spread_home_point,t24_spread_home_point >= 6.5,h1_spread_away,135,11.236350983381271,2.014312,279,1.7171002924442291,4.8904623836278915,0.85535485
stretch,h_gp_prior,h_gp_prior >= 72,fg_total_over,352,3.5876337438821793,2.2294128,318,5.668438598513603,4.567268490791321,0.8547349
all,a_s2d_h1t,a_s2d_h1t >= 117.9,fg_total_under,460,4.176342859864235,2.0206153,548,-3.473224863409996,3.4600023180246353,0.8486429
stretch,d_d5_h1m,d_d5_h1m >= 6.034,fg_ml_away,229,20.066988468170166,2.0436797,237,1.5199883840978146,7.331392914056778,0.84514445
all,h_l10_over,h_l10_over >= 0.6,tt_away_over,348,8.89197587966919,2.1104543,789,-1.0676100850105286,2.8381042182445526,0.8392798
gp25,h_d3_opp,h_d3_opp >= 3.822,tt_home_under,216,13.668082654476166,2.2516057,473,-2.1593229845166206,3.6574766039848328,0.83750814
all,h_s2d_own,h_s2d_own <= 109.1,fg_spread_dog,231,8.358381688594818,2.1963837,272,1.1711162514984608,4.851188510656357,0.83746684
veryLate,h_l3_atsm,h_l3_atsm <= -3.833,fg_ml_home,160,13.780969381332397,2.3003254,140,-5.816624686121941,7.1043461561203,0.8354186
all,d_l3_atsm,d_l3_atsm >= 13.43,fg_spread_dog,242,8.09471383690834,2.2051127,301,0.9075055830180645,4.5875780284404755,0.8331088
all,st_d_gp,st_d_gp >= 2,tt_home_under,136,10.297442972660065,2.0167215,301,-1.4732823707163334,4.513277485966682,0.82436496
veryLate,d_l5_atsm,d_l5_atsm <= -3.7,fg_spread_fav,157,20.387771725654602,2.7701592,148,12.22677007317543,6.423819065093994,0.8234803
stretch,t24_ml_home_price,t24_ml_home_price >= 2.647,fg_spread_fav,176,12.803325057029724,2.0945854,174,4.175031930208206,5.920552462339401,0.81843954
all,a_d5_h1m,a_d5_h1m >= 3.686,fg_spread_fav,467,7.106035947799683,2.4258986,466,-1.7081387341022491,3.6060549318790436,0.8154131
postdl,d_l3_margin,d_l3_margin <= -11.67,fg_spread_fav,175,14.55061137676239,2.2195451,220,6.707610934972763,5.226994678378105,0.81379664
gp25,a_d5_margin,a_d5_margin >= 5.252,h1_spread_fav,194,11.007684469223022,2.2497587,397,-2.9683250933885574,3.892894461750984,0.81311023
all,h_l3_opp,h_l3_opp <= 104,h1_total_under,150,13.291402161121368,2.3011906,256,-0.7963350974023342,4.848380014300346,0.8121151
postdl,a_l10_atsm,a_l10_atsm <= -2.2,fg_ml_dog,267,20.78959047794342,2.2702346,308,-15.06737619638443,6.836049258708954,0.8107999
veryLate,d_s2d_win,d_s2d_win < 0,fg_ml_fav,258,5.064987763762474,2.1884284,235,3.1058769673109055,3.2077375799417496,0.8092348
all,gbr_fav,gbr_fav <= -0.2895,fg_total_over,246,8.647453784942627,2.1224055,270,2.533259242773056,4.67747263610363,0.8054831
gp50,st_d_l10,st_d_l10 <= -0.2,fg_spread_fav,299,9.82535406947136,2.0049098,284,6.87151774764061,4.539636522531509,0.80352986
all,a_s2d_h1t,a_s2d_h1t <= 111.6,fg_ml_fav,475,3.5604625940322876,2.027263,493,-2.498495765030384,2.4175262078642845,0.8007938
all,h_d3_h1t,h_d3_h1t <= -8.691,fg_spread_fav,234,12.61635422706604,2.6002297,214,-0.09059148142114282,5.223602056503296,0.80044115
all,a_s2d_own,a_s2d_own <= 112.2,fg_total_over,690,3.759823739528656,2.2095807,659,0.814974308013916,2.95918770134449,0.79612005
veryLate,st_h_rank,st_h_rank <= 4,fg_spread_dog,128,8.871620148420334,2.04666,129,-8.244657516479492,6.621512770652771,0.7923432
postdl,h_d5_margin,h_d5_margin >= 5.53,fg_total_under,173,12.559115886688232,2.2048457,228,-4.5417603105306625,4.975723847746849,0.7880909
gp25,st_a_gb_1,st_a_gb_1 >= 17.5,tt_away_over,227,11.3149955868721,2.1002066,624,-0.484692957252264,2.9919229447841644,0.7870651
stretch,pair_l5_gtot_vs_line,pair_l5_gtot_vs_line <= -4.9,h1_spread_dog,124,15.65428078174591,2.2054281,200,0.2985533094033599,5.313371866941452,0.7866796
postdl,st_a_gp,st_a_gp <= 62,fg_total_under,283,11.30741462111473,2.5993884,362,-5.583683028817177,3.9338011294603348,0.7850898
all,h_d5_h1m,h_d5_h1m >= 3.844,tt_home_under,234,8.694327622652054,2.3880322,484,-2.6022275909781456,3.3843323588371277,0.7838626
all,d_l5_margin,d_l5_margin <= -15.2,fg_spread_fav,236,14.071902632713318,2.845564,291,-0.9406318888068199,4.373561590909958,0.7815093
gp25,rt_imp_total,rt_imp_total <= 449.5,fg_total_over,520,8.67617353796959,3.3823135,412,1.0225853882730007,3.65542508661747,0.7775064
early,rt_net_diff,rt_net_diff >= 1.013,fg_total_under,120,9.762678295373917,2.066328,162,-5.705082416534424,5.813498795032501,0.77707183
mid,d_l5_cover,d_l5_cover <= -0.2,h1_spread_fav,168,20.27933895587921,2.4714825,342,-4.6813372522592545,3.9903026074171066,0.77411634
all,gbr_h,gbr_h >= 0.1957,fg_spread_fav,492,5.927714332938194,2.216184,598,-2.2977376356720924,3.0164560303092003,0.77268064
mid,a_s2d_h1t,a_s2d_h1t >= 117.3,fg_total_under,178,7.254643738269806,2.0724707,261,3.890816494822502,4.478518292307854,0.75846994
all,h_s2d_h1t,h_s2d_h1t >= 119.6,fg_ml_dog,237,17.042909562587738,2.3135767,274,1.0586472228169441,7.093379646539688,0.75833803
all,a_d5_margin,a_d5_margin >= 7.497,fg_spread_away,236,15.68833589553833,3.2658708,279,-1.4166480861604214,4.326677694916725,0.75674134
veryLate,h_d5_opp,h_d5_opp >= 1.68,fg_ml_fav,157,9.4647116959095,2.5421293,199,3.153185173869133,3.255045786499977,0.75565827
all,a_gp_prior,a_gp_prior <= 8,h1_spread_home,133,12.857246398925781,2.0685217,269,-1.4872219413518906,4.393017292022705,0.75517404
gp50,t60_spread_home_point,t60_spread_home_point >= 2.5,fg_ml_fav,308,4.522819817066193,2.147791,336,3.189316764473915,2.5560669600963593,0.75117105
gp25,h_l3_own,h_l3_own >= 121.3,fg_total_under,351,7.693497836589813,2.2174726,339,-2.5581970810890198,3.887099027633667,0.7497778
all,a_l3_atsm,a_l3_atsm <= -9.333,fg_ml_dog,252,20.011591911315918,2.6952364,300,0.6630255375057459,6.697757542133331,0.74924594
gp50,st_h_gp,st_h_gp >= 72,fg_total_over,312,5.242224782705307,2.043511,317,4.797303676605225,4.006793349981308,0.7484931
veryLate,h_l5_h1m,h_l5_h1m >= 2.8,fg_total_under,159,5.66038079559803,2.0322518,183,-9.235379844903946,5.244489759206772,0.7472336
stretch,d_l10_opp,d_l10_opp >= 7.1,fg_spread_fav,226,14.897269010543823,2.7034242,209,3.177015110850334,4.922536015510559,0.7457819
gp25,a_s2d_h1t,a_s2d_h1t <= 112,fg_total_over,346,9.802749007940292,2.9785264,353,1.1393765918910503,3.7722162902355194,0.7426795
gp25,rt_imp_total,rt_imp_total >= 456.2,fg_total_under,520,6.107047572731972,2.3200111,781,-3.913337364792824,2.531958743929863,0.7412918
stretch,pair_l10_gtot_vs_line,pair_l10_gtot_vs_line < 0,fg_ml_home,502,2.855491079390049,2.1827974,475,-7.6875850558280945,3.343227505683899,0.7400464
gp25,h_s2d_h1t,h_s2d_h1t >= 119.6,fg_ml_dog,175,27.163824439048767,2.4882,161,1.6202164813876152,9.048832952976227,0.7370198
gp50,h_l3_gtot_vs_line,h_l3_gtot_vs_line <= -8.967,fg_ml_home,199,10.08368730545044,2.48981,187,-6.56270906329155,5.154728889465332,0.7346158
stretch,d_rest_days,d_rest_days >= 1,fg_ml_fav,304,4.07966822385788,2.115162,254,-0.05126449977979064,2.9389945790171623,0.7276528
gp25,a_streak_ats,a_streak_ats <= -2,h1_total_under,204,12.251736223697662,2.320056,441,-2.141416072845459,3.3091187477111816,0.7275579
stretch,st_days_to_deadline,st_days_to_deadline >= 57,fg_total_over,132,11.354498565196991,2.3005378,176,6.311475485563278,5.210305377840996,0.7254055
gp25,a_d5_h1m,a_d5_h1m >= 6.065,fg_spread_fav,172,12.11642324924469,2.175123,194,1.3403418473899364,4.967061430215836,0.7247199
all,a_l3_cover,a_l3_cover == 0,fg_spread_dog,292,5.953032895922661,2.0389428,336,0.08697690791450441,3.7670493125915527,0.72277975
all,a_s2d_gtot,a_s2d_gtot <= 224.7,fg_total_over,691,4.719829559326172,2.4755464,534,0.8284087292850018,2.9726222157478333,0.7199025
gp25,pair_l3_gtot_vs_line,pair_l3_gtot_vs_line <= -9.667,fg_ml_home,176,12.827526032924652,2.3440676,163,-2.6517361402511597,5.765466392040253,0.7176108
gp50,h_l3_gtot_vs_line,h_l3_gtot_vs_line <= -8.967,fg_spread_home,196,7.131326198577881,2.1980398,184,3.7981491535902023,5.049822106957436,0.7175896
postdl,a_l10_margin,a_l10_margin >= 6.1,fg_ml_fav,180,6.394367665052414,2.1005914,237,3.102179989218712,2.905149757862091,0.7153793
veryLate,a_l10_atsm,a_l10_atsm >= 1.885,fg_spread_fav,156,16.264380514621735,2.2213469,158,11.2030029296875,5.400052294135094,0.71524614
postdl,h_gp_prior,h_gp_prior <= 63,fg_total_under,276,11.36363074183464,2.5768237,382,-6.029088050127029,3.488396108150482,0.71517134
gp50,gbr_fav,gbr_fav <= -0.4,fg_total_over,199,8.405668288469315,2.099539,210,5.464838072657585,4.6743277460336685,0.7107061
all,d_s2d_oum,d_s2d_oum <= -2.07,fg_total_under,684,8.573786169290543,3.6687996,711,-4.396025836467743,2.5372013449668884,0.7088398
gp25,h_l10_gtot_vs_line,h_l10_gtot_vs_line <= -10,fg_ml_home,181,12.63626217842102,2.352814,170,-2.912219613790512,5.5049829185009,0.6997471
gp50,h2h_days,h2h_days >= 75.2,h1_total_under,144,12.625783681869507,2.064435,248,-2.141338028013706,4.235563427209854,0.69823456
all,a_d5_oum,a_d5_oum <= -9.903,h1_spread_dog,121,10.353493690490723,2.13864,196,2.429164946079254,4.751025885343552,0.6963605
gp50,h_d3_margin,h_d3_margin >= 7.176,fg_total_under,195,10.629364103078842,2.0353181,220,-5.409392714500427,4.4580526649951935,0.6937383
gp50,pair_l10_gtot_vs_line,pair_l10_gtot_vs_line < 0,tt_away_under,204,3.7870172411203384,2.0252197,399,-4.203193634748459,3.285842388868332,0.69024837
late,d_rest_days,d_rest_days >= 1,fg_ml_fav,173,9.494604915380478,2.6148996,151,-1.5234213322401047,3.7617914378643036,0.68984085
all,a_gp_prior,a_gp_prior >= 75,fg_total_over,261,8.250338584184647,2.1189466,226,2.220040000975132,4.364253580570221,0.6875868
mid,h_s2d_margin,h_s2d_margin < 0,fg_spread_dog,365,3.0845491215586662,2.0586958,427,2.450410835444927,3.1722597777843475,0.68673986
all,h_alt_m,h_alt_m >= 331,fg_ml_home,331,8.828310668468475,2.2899826,332,-2.98187043517828,3.8778744637966156,0.68540615
gp25,gbr_h,gbr_h >= 0.1765,fg_spread_fav,519,7.038147747516632,2.5662887,625,-1.0242004878818989,2.6025190949440002,0.6815594
all,d_l5_atsm,d_l5_atsm <= -4.6,fg_spread_fav,691,5.000078305602074,2.3709593,674,-2.820560336112976,2.4936333298683167,0.67813313
mid,d_gp_prior,d_gp_prior <= -2,fg_total_over,175,15.636366605758667,2.3791904,156,-3.3526133745908737,5.142691358923912,0.67357457
all,h_s2d_cover,h_s2d_cover >= 0.6,fg_spread_fav,266,8.384832739830017,2.049349,281,-1.4905892312526703,3.8236044347286224,0.6713957
gp25,h_km_7d,h_km_7d <= 1972,tt_home_under,263,11.239687353372574,2.0667942,464,-2.8625283390283585,2.95427143573761,0.6700177
postdl,rt_imp_margin,rt_imp_margin <= -1.303,h1_total_over,121,14.94535207748413,2.45685,282,0.0749349594116211,3.802395239472389,0.66963243
gp25,d_d5_h1t,d_d5_h1t > 0,fg_ml_home,858,1.9188780337572098,2.1559782,851,-6.076109781861305,2.341092750430107,0.6658004
postdl,h_s2d_over,h_s2d_over <= 0.4392,tt_away_over,123,16.563503444194794,2.2360198,176,1.4281592331826687,4.75558377802372,0.6644012
postdl,h2h_days,h2h_days >= 76,h1_total_under,138,13.340991735458374,2.0012672,242,-1.2998081743717194,4.073347896337509,0.6632007
mid,a_s2d_h1t,a_s2d_h1t <= 111.8,fg_total_over,175,14.55022394657135,2.2285886,203,-4.0748633444309235,4.420441389083862,0.6604601
gp25,st_h_gp,st_h_gp >= 76,fg_total_over,192,10.363036394119263,2.3001118,193,1.8930835649371147,4.525923356413841,0.65887547
postdl,pair_l10_margin_vs_line,pair_l10_margin_vs_line >= 3.385,fg_spread_fav,259,10.567393898963928,2.0282497,294,5.128059908747673,3.647443652153015,0.6564698
veryLate,d_l5_h1m,d_l5_h1m <= -4.2,fg_spread_fav,158,14.793062210083008,2.041634,148,10.920587927103043,5.117637291550636,0.65603864
stretch,d_d5_over,d_d5_over >= 0.1742,tt_home_under,170,14.39523994922638,2.022616,280,-5.28588704764843,3.7049878388643265,0.653246
veryLate,d_streak_ats,d_streak_ats < 0,fg_ml_home,218,8.313526958227158,2.0086598,203,-8.315055072307587,4.605916142463684,0.65219885
stretch,st_a_gb_1,st_a_gb_1 >= 16.5,tt_away_over,209,11.792391538619995,2.4306307,568,0.040316497324965894,2.586587518453598,0.6493397
stretch,a_d5_over,a_d5_over <= -0.1283,tt_home_under,175,14.3983855843544,2.0525863,254,-5.139341205358505,3.851533681154251,0.64678735
stretch,pair_l10_gtot_vs_line,pair_l10_gtot_vs_line >= 5.3,fg_ml_away,231,20.638437569141388,2.1142988,256,-0.421999953687191,5.389404296875,0.6457004
all,d_s2d_oum,d_s2d_oum <= -2.07,tt_away_under,357,2.9411913827061653,2.6547768,715,-3.796546533703804,2.2940780967473984,0.6452165
gp25,pair_l5_margin_vs_line,pair_l5_margin_vs_line >= 6.8,h1_spread_away,185,11.055583506822586,2.006912,384,0.8018821477890015,3.1293481588363647,0.642125
all,h_l10_opp,h_l10_opp >= 119.5,fg_spread_away,443,5.599265918135643,2.2502315,444,-2.833971008658409,2.909354865550995,0.6419172
gp25,gbr_a,gbr_a <= -0.1022,tt_away_under,189,6.891457736492157,2.4010289,326,-3.159339725971222,3.369283676147461,0.6397009
stretch,st_a_gp,st_a_gp >= 71,fg_total_over,348,3.1325284391641617,2.1277232,342,4.393460601568222,3.2922904938459396,0.63895833
all,h_d3_cover,h_d3_cover <= -0.1553,fg_spread_fav,702,6.075859442353249,2.68835,687,-2.987103909254074,2.3270897567272186,0.6389163
all,d_l10_h1t,d_l10_h1t <= -9.4,fg_total_under,216,9.59596261382103,2.2190697,198,-2.600071206688881,4.33315597474575,0.63884467
gp50,d_l10_opp,d_l10_opp >= 7.2,fg_spread_fav,198,19.577033817768097,3.069935,184,6.8109869956970215,4.479105770587921,0.6381489
gp25,h_d3_opp,h_d3_opp >= 3.822,fg_ml_fav,525,3.2241452485322952,2.5608122,476,-2.569393813610077,1.9427280873060226,0.6377764
stretch,rt_imp_total,rt_imp_total >= 456.9,fg_ml_home,343,6.055326014757156,2.3445518,443,-8.04874524474144,2.9820673167705536,0.6374785
gp50,h_l3_h1t,h_l3_h1t >= 119,h1_spread_home,122,12.354739010334015,2.0890172,300,-0.25960239581763744,3.4994348883628845,0.6350922
postdl,h_l3_gtot_vs_line,h_l3_gtot_vs_line <= -8.667,fg_spread_home,174,9.716606140136719,2.4899094,192,3.4504983574151993,4.362854361534119,0.6333732
all,a_adj_tempo_pts,a_adj_tempo_pts <= 220.9,fg_total_over,239,14.229433238506317,2.9960124,200,2.1262770518660545,4.270490258932114,0.6329305
veryLate,h_d3_atsm,h_d3_atsm >= 4.038,fg_spread_dog,157,7.036035507917404,2.0255594,155,-10.059727728366852,4.806442558765411,0.6304503
mid,h_adj_def,h_adj_def >= 114.5,fg_ml_away,183,11.381376534700394,2.1819878,391,6.826870888471603,4.348423331975937,0.6271438
all,h_s2d_win,h_s2d_win >= 0.6267,tt_away_over,281,10.432758182287216,2.1739755,504,-1.2526029720902443,2.653111331164837,0.62706226
gp50,h_d3_h1m,h_d3_h1m >= 3.499,fg_total_under,298,8.267224580049515,2.0888512,302,-6.436225026845932,3.4312203526496887,0.62559205
all,a_s2d_h1t,a_s2d_h1t <= 109.9,tt_home_over,151,14.681422710418701,2.7385132,326,-0.9432848542928696,3.288755565881729,0.62550294
postdl,a_d5_over,a_d5_over <= -0.1249,tt_home_under,142,16.94044917821884,2.1660116,215,-5.611424148082733,4.03110533952713,0.6228614
all,a_d3_over,a_d3_over <= -0.1528,h1_spread_dog,347,3.969050571322441,2.3743587,735,-0.1292929402552545,2.1925680339336395,0.6223225
veryLate,d_l10_atsm,d_l10_atsm > 0,fg_spread_dog,265,3.7506163120269775,2.0708942,247,-11.11067309975624,3.7554971873760223,0.6218379
veryLate,d_l10_atsm,d_l10_atsm < 0,fg_spread_fav,252,12.124700099229813,2.134274,228,9.703663736581802,3.900713101029396,0.62064105
all,h_s2d_cover,h_s2d_cover >= 0.6,tt_home_over,147,13.159286975860596,2.5041203,287,-0.7593387737870216,3.472701460123062,0.6197226
mid,st_h_gb_10,st_h_gb_10 < 0,fg_spread_fav,523,6.985951215028763,2.1140609,512,-5.655659735202789,2.611992508172989,0.619453
stretch,pair_l5_margin_vs_line,pair_l5_margin_vs_line >= 3.8,h1_total_over,172,9.693047404289246,2.159925,332,-0.7068051025271416,3.2395899295806885,0.6190202
stretch,d_l5_win,d_l5_win <= -0.4,fg_spread_fav,182,14.338786900043488,2.3470702,188,2.5453930720686913,4.290913790464401,0.61656445
veryLate,st_a_l10,st_a_l10 >= 0.7,fg_ml_fav,134,7.631409913301468,2.027123,144,3.0144579708576202,3.1163187697529793,0.6154105
gp50,h_s2d_over,h_s2d_over <= 0.44,tt_away_over,135,17.343083024024963,2.3803968,181,1.7775002866983414,4.309043288230896,0.6105234
gp25,st_d_playin_edge,st_d_playin_edge >= 15,tt_away_over,124,15.559083223342896,2.0542114,227,0.35411298740655184,3.830729052424431,0.6078022
gp50,h_gp_prior,h_gp_prior >= 77,fg_total_over,204,12.293548882007599,2.7075033,165,5.299733579158783,4.509223252534866,0.607722
gp25,rt_imp_total,rt_imp_total >= 458.7,fg_total_under,346,7.601774483919144,2.1837473,567,-4.022142291069031,2.423153817653656,0.60447675
veryLate,d_l3_atsm,d_l3_atsm >= 6.167,fg_spread_dog,158,9.978311508893967,2.419726,151,-10.206974297761917,4.659195989370346,0.6031992
all,gbr_fav,gbr_fav <= -0.2895,tt_away_over,127,17.270225286483765,2.289493,271,-0.42810398153960705,3.4776102751493454,0.60270596
stretch,d_d5_gtot,d_d5_gtot >= 10.13,fg_ml_home,229,11.422639340162277,2.656165,192,-6.7663609981536865,4.264451563358307,0.6001503
veryLate,d_l3_h1m,d_l3_h1m >= 5.333,fg_ml_dog,158,31.813344359397888,2.1548378,147,-15.581794083118439,7.543833553791046,0.59983444
all,a_d5_h1m,a_d5_h1m >= 2.341,fg_spread_fav,697,3.8121677935123444,2.05269,664,-3.0984126031398773,2.2157810628414154,0.5980856
gp50,a_gp_prior,a_gp_prior >= 77,fg_total_over,210,9.994255006313324,2.3979602,167,5.181826651096344,4.391316324472427,0.59540737
gp50,h_d5_h1m,h_d5_h1m >= 2.859,tt_home_under,158,15.716354548931122,2.0274167,306,-6.158306449651718,3.220256417989731,0.5934346
late,pair_l3_gtot_vs_line,pair_l3_gtot_vs_line >= 3.833,fg_ml_away,190,24.501268565654755,2.814585,213,3.3097609877586365,5.494026094675064,0.59134233
all,h_l5_atsm,h_l5_atsm <= -5,fg_spread_fav,468,5.250649154186249,2.0080137,485,-2.759498357772827,2.5546953082084656,0.5893352
gp25,a_l10_own,a_l10_own >= 119.6,fg_total_under,348,6.9809600710868835,2.0687177,338,-3.3869709819555283,3.0583251267671585,0.5890458
stretch,rt_imp_margin,rt_imp_margin >= 6.117,tt_away_over,139,12.569999694824219,2.0795853,239,1.0501175187528133,3.5963885486125946,0.58564734
late,st_d_season_frac,st_d_season_frac <= -0.0122,fg_total_over,215,1.2301347218453884,2.4809086,220,1.5292024239897728,3.763905167579651,0.58504754
gp25,h_d3_cover,h_d3_cover <= -0.156,fg_spread_fav,520,7.211953401565552,2.6102836,512,-1.173719298094511,2.453000098466873,0.5814365
all,st_d_gp,st_d_gp >= 1,fg_total_under,726,4.3970078229904175,2.600764,822,-4.999007284641266,1.9342198967933655,0.58103204
stretch,d_b2b,d_b2b == -1,fg_spread_fav,162,13.129158318042755,2.0530128,141,2.891712263226509,4.637233167886734,0.5770564
all,d_trav_km,d_trav_km > 0,fg_ml_away,537,9.411318600177765,2.4706264,581,-0.9085118770599365,3.184058517217636,0.57459456
all,a_d3_over,a_d3_over <= -0.211,h1_spread_away,247,8.984071016311646,2.353353,471,-0.6569013930857182,2.5164607912302017,0.57186687
gp25,a_b2b,a_b2b == 1,fg_spread_fav,322,7.30758011341095,2.0720415,311,-0.5393834784626961,3.0873360112309456,0.5703401
mid,h_s2d_h1m,h_s2d_h1m >= 1.8,fg_ml_fav,273,8.04741159081459,2.2733545,273,-5.091191083192825,2.4025745689868927,0.5696199
gp50,d_d3_h1m,d_d3_h1m >= 4.811,fg_total_under,294,9.740255028009415,2.3394055,303,-6.750375032424927,3.117070347070694,0.5692553
gp50,d_s2d_h1m,d_s2d_h1m <= -3.519,h1_total_over,122,12.437880784273148,2.0726287,217,0.9485323913395405,3.6731991916894913,0.56752014
all,h_l3_h1m,h_l3_h1m >= 9,fg_spread_home,247,12.10695207118988,2.7240443,275,0.006805246812291443,3.2577775418758392,0.56575245
mid,h_l10_margin,h_l10_margin >= 3.6,fg_ml_fav,275,7.354080677032471,2.1191008,298,-5.211834609508514,2.2819310426712036,0.56524616
stretch,d_s2d_h1m,d_s2d_h1m <= -3.535,h1_total_over,142,10.018027573823929,2.0031672,247,-0.5237577483057976,3.4226372838020325,0.5640987
veryLate,rt_imp_total,rt_imp_total >= 456.8,fg_ml_home,157,11.210179328918457,2.0087464,199,-8.913109451532364,4.007861763238907,0.5618951
all,a_d3_h1m,a_d3_h1m >= 5.103,fg_spread_away,465,5.1329296082258224,2.200097,472,-3.273581713438034,2.46974416077137,0.5618415
postdl,d_l10_opp,d_l10_opp >= 7.1,fg_spread_fav,176,19.326280057430267,2.889987,192,5.3372010588645935,3.8565848022699356,0.56092656
all,a_d3_over,a_d3_over <= -0.1528,tt_home_under,347,4.546695947647095,2.0972898,738,-4.028047993779182,1.958511769771576,0.56014264
all,d_s2d_h1t,d_s2d_h1t <= -7.132,fg_total_under,222,11.791836470365524,2.5924363,173,-2.8804387897253036,4.052788391709328,0.5585156
mid,h_l3_over,h_l3_over == 0.333333,fg_ml_dog,348,9.717638790607452,2.3502996,369,9.842893481254578,4.68781441450119,0.55846655
gp25,d_d5_cover,d_d5_cover >= 0.2608,h1_total_under,168,12.506908178329468,2.140076,345,-2.5909094139933586,2.859625406563282,0.55610216
postdl,t60_ml_home_price,t60_ml_home_price >= 2.65,fg_spread_fav,172,13.211505115032196,2.016349,229,4.973048716783524,3.4924324601888657,0.5547512
mid,a_l3_h1t,a_l3_h1t <= 112,fg_ml_fav,274,9.721264243125916,2.66927,347,-5.424464866518974,2.0693007856607437,0.55311483
stretch,a_l5_margin,a_l5_margin >= 4.6,tt_away_under,187,9.089446812868118,2.3952842,380,-4.802364483475685,2.6891428977251053,0.55135
gp50,st_a_gp,st_a_gp >= 72,fg_total_over,319,5.925140157341957,2.1940906,311,3.749838098883629,2.959327772259712,0.54756355
all,st_h_gb_1,st_h_gb_1 >= 14.5,fg_spread_fav,514,8.078563958406448,2.7760253,837,-3.5083774477243423,1.8058162182569504,0.5472537
gp25,st_h_rank,st_h_rank <= 2,fg_spread_dog,219,8.096825331449509,2.0868928,214,-1.823272742331028,3.565024584531784,0.54599524
stretch,st_a_gb_6,st_a_gb_6 <= -7,fg_ml_fav,123,8.27329084277153,2.0276666,124,0.16429520910605788,3.1545542180538177,0.54570436
stretch,d_l3_win,d_l3_win <= -0.6667,fg_spread_fav,144,15.35044014453888,2.214938,149,2.5149233639240265,4.260443896055222,0.54500157
all,d_d3_own,d_d3_own <= -12.62,h1_spread_fav,125,15.846791863441467,2.019803,229,-3.3074259757995605,3.4258052706718445,0.5436372
gp25,h_adj_tempo_pts,h_adj_tempo_pts >= 228.6,tt_away_under,367,1.472664624452591,2.2453108,728,-4.617567732930183,1.9110556691884995,0.5422126
all,a_s2d_cover,a_s2d_cover <= 0.3607,h1_total_over,129,12.308572977781296,2.0144446,198,0.21062681917101145,3.6734171211719513,0.5420018
all,pair_l10_gtot_vs_line,pair_l10_gtot_vs_line < 0,fg_ml_home,991,2.777434140443802,2.1004426,1012,-5.108426138758659,1.751318946480751,0.5404316
all,d_l3_opp,d_l3_opp >= 9.667,fg_spread_fav,479,5.628922209143639,2.1182036,478,-2.9549062252044678,2.359287440776825,0.5403153
stretch,a_l3_atsm,a_l3_atsm <= -6.167,fg_ml_dog,234,23.756414651870728,2.4414217,269,-8.820104598999023,5.01750111579895,0.538776
mid,st_d_season_frac,st_d_season_frac <= -0.0122,fg_total_over,273,17.48262047767639,3.2913475,297,-5.536719784140587,2.958584949374199,0.53468156
all,a_l5_own,a_l5_own >= 118.2,fg_total_under,703,4.011187702417374,2.4520674,730,-5.04448264837265,1.8887445330619812,0.5346788
gp50,rt_imp_margin,rt_imp_margin <= -1.215,h1_total_over,131,14.914825558662415,2.4451544,291,0.2600578824058175,2.9847247526049614,0.5340202
gp50,d_l3_margin,d_l3_margin <= -11.67,fg_spread_fav,198,15.715540945529938,2.5003471,222,5.740611627697945,3.4087300300598145,0.5334465
veryLate,h_adj_net,h_adj_net >= 1.679,fg_spread_dog,156,7.687204331159592,2.104363,176,-11.057021468877792,3.809148818254471,0.5324092
mid,a_l10_oum,a_l10_oum >= 4.175,fg_spread_away,215,4.777685925364494,2.0089765,191,2.0657116547226906,3.646528720855713,0.5278065
late,h2h_prev_margin_h,h2h_prev_margin_h > 0,fg_ml_dog,251,15.665693581104279,2.2307658,251,-1.410077791661024,5.0179775804281235,0.52116615
gp25,pair_l10_margin_vs_line,pair_l10_margin_vs_line >= 6.4,fg_spread_fav,342,8.294422179460526,2.3266215,380,-1.0771638713777065,2.5495555251836777,0.52062625
postdl,h_l3_gtot_vs_line,h_l3_gtot_vs_line <= -8.667,fg_ml_home,176,10.599176585674286,2.2147899,195,-6.8175308406353,3.5888761281967163,0.5151717
veryLate,a_l10_atsm,a_l10_atsm <= -2.15,fg_spread_dog,156,8.93266573548317,2.2674446,161,-11.056267470121384,3.8099028170108795,0.5093169
all,a_d3_margin,a_d3_margin <= -6.429,fg_ml_away,475,8.350151032209396,2.1493719,507,-1.0718267410993576,3.020743653178215,0.50922567
postdl,h_d5_h1m,h_d5_h1m >= 4.167,fg_total_under,176,18.233472108840942,3.012555,222,-6.261561065912247,3.255923092365265,0.5088658
gp25,a_l3_atsm,a_l3_atsm <= -9.333,fg_ml_away,184,20.181718468666077,2.1299186,219,1.101047731935978,4.6291738748550415,0.5083044
all,a_l3_over,a_l3_over == 0,h1_spread_away,184,9.989377856254578,2.1742103,272,-0.2477821195498109,2.925579994916916,0.50523186
gp25,h_d3_h1t,h_d3_h1t >= 3.46,h1_total_under,230,10.403097420930862,2.1696703,518,-3.349550813436508,2.1009840071201324,0.50063765
stretch,late_total_move,late_total_move <= -1,fg_spread_away,159,14.052775502204895,2.0218964,155,-3.86304147541523,3.8026493042707443,0.4961219
all,a_d5_oum,a_d5_oum <= -9.903,fg_total_under,218,12.08968386054039,2.6150458,198,-3.576860949397087,3.3563662320375443,0.49483487
gp25,a_d3_own,a_d3_own <= -8.806,fg_total_under,172,16.53861701488495,2.7675974,195,-3.0850911512970924,3.3602051436901093,0.49157545
all,h_l3_over,h_l3_over == 0,fg_spread_fav,323,9.339889883995056,2.4380846,284,-2.5415677577257156,2.772625908255577,0.48944384
all,a_s2d_h1t,a_s2d_h1t <= 109.9,fg_total_over,228,16.389459371566772,3.267933,327,0.4363332409411669,2.580546587705612,0.48904508
gp25,st_d_gb_6,st_d_gb_6 >= 14,fg_spread_fav,181,11.790125072002411,2.1853127,205,-0.3707277588546276,3.2559916377067566,0.48834866
all,d_d5_margin,d_d5_margin >= 10.35,fg_ml_away,236,13.170275092124939,2.07295,325,-0.49642077647149563,3.596149757504463,0.48536882
stretch,rt_net_diff,rt_net_diff <= -3.843,h1_total_over,142,11.365510523319244,2.1716201,264,-1.1046146042644978,2.841780334711075,0.48421502
all,st_d_gb_1,st_d_gb_1 >= 11.5,fg_spread_fav,250,9.954231232404709,2.2467098,298,-2.638974040746689,2.675219625234604,0.4837489
stretch,st_h_gp,st_h_gp >= 71,tt_home_over,171,4.768713563680649,2.1918268,344,1.1030415073037148,2.462434768676758,0.4813751
gp25,a_l10_margin,a_l10_margin >= 8.7,fg_spread_fav,174,10.835428535938263,2.0107012,252,-0.7390554063022137,2.8876639902591705,0.48019397
gp25,d_d5_win,d_d5_win >= 0.3838,fg_ml_away,175,21.26198410987854,2.181307,192,1.1291761882603168,4.657302424311638,0.47883224
gp25,h_l10_h1m,h_l10_h1m >= 5.6,fg_spread_dog,180,11.384662240743637,2.3540406,229,-2.376576140522957,3.01172137260437,0.47714677
gp50,pair_l10_margin_vs_line,pair_l10_margin_vs_line >= 6.85,fg_spread_fav,197,17.26808249950409,2.7224534,208,5.460184812545776,3.128303587436676,0.47387344
all,h_l3_gtot_vs_line,h_l3_gtot_vs_line <= -9.5,fg_ml_home,482,5.514127388596535,2.052161,478,-4.629851877689362,2.229893207550049,0.47291514
postdl,pair_l5_gtot_vs_line,pair_l5_gtot_vs_line >= 3.9,h1_spread_away,136,12.081928551197052,2.0984511,338,-3.379811719059944,2.4551022797822952,0.47264743
late,h2h_prev_margin_h,h2h_prev_margin_h < 0,h1_spread_fav,126,8.786868304014206,2.0879414,257,-7.29561373591423,2.7965642511844635,0.4709832
all,a_d3_cover,a_d3_cover <= -0.3559,fg_spread_dog,232,7.841712981462479,2.1187131,270,-0.9459539316594601,2.734118327498436,0.47025582
gp25,rt_net_diff,rt_net_diff <= -5.663,h1_total_over,125,12.807255983352661,2.2068424,246,-0.8363134227693081,2.8577227145433426,0.4701106
gp50,a_rest_days,a_rest_days <= 1,fg_spread_fav,197,15.314830839633942,2.4350681,188,5.5957164615392685,3.2638348639011383,0.4700336
gp25,d_l10_cover,d_l10_cover <= -0.3,fg_ml_home,185,16.940827667713165,2.9319532,205,-5.055161565542221,3.3620409667491913,0.46928924
all,d_l10_h1t,d_l10_h1t <= -4,fg_total_under,646,3.1363293528556824,2.1176116,622,-5.138732865452766,1.794494315981865,0.46891662
stretch,a_b2b,a_b2b == 1,fg_spread_fav,214,15.97118079662323,2.7953076,211,1.3295458629727364,3.0750665813684464,0.46810743
gp50,st_a_l10,st_a_l10 >= 0.7,fg_ml_fav,254,8.210651576519012,2.819384,261,2.4399518966674805,1.8067020922899246,0.4679547
gp50,rt_imp_total,rt_imp_total >= 459.3,fg_ml_home,200,6.353913992643356,2.0102375,252,-8.905212581157684,2.8122253715991974,0.46524745
all,h_l10_margin_vs_need,h_l10_margin_vs_need >= 5.8,h1_spread_away,137,14.064504206180573,2.3763912,329,-0.7246362511068583,2.448725886642933,0.4650851
mid,a_l3_h1t,a_l3_h1t <= 112,fg_spread_fav,266,13.417993485927582,2.6068876,341,-5.881226062774658,2.38642618060112,0.46187735
postdl,pair_l5_margin_vs_line,pair_l5_margin_vs_line >= 3.695,h1_total_over,138,11.843598634004593,2.2414198,295,-1.167269516736269,2.5601908564567566,0.46114555
gp25,d_rest_days,d_rest_days <= -1,h1_total_over,177,8.753407001495361,2.0601618,344,-1.339279394596815,2.3547567427158356,0.45807612
all,h2h_prev_cover_h,h2h_prev_cover_h == 1,fg_ml_dog,807,6.4328983426094055,2.2892883,791,-3.520507365465164,2.514224871993065,0.45669547
stretch,h_d5_margin,h_d5_margin >= 5.214,fg_total_under,223,13.86435329914093,2.378988,281,-7.58720189332962,2.58912593126297,0.4554072
mid,h_d5_cover,h_d5_cover <= -0.1122,fg_spread_fav,269,10.000753402709961,2.0342686,267,-5.612647533416748,2.65500470995903,0.45469737
gp25,a_rest_days,a_rest_days <= 1,fg_spread_fav,336,7.379468530416489,2.130412,315,-1.1949912644922733,2.431728318333626,0.45210582
all,a_s2d_own,a_s2d_own <= 111,fg_total_over,459,5.2342623472213745,2.133074,484,-0.19600277300924063,1.948210597038269,0.44918153
gp25,a_l5_own,a_l5_own >= 118.6,fg_total_under,522,7.161008566617966,2.5767484,496,-4.522838816046715,1.922457292675972,0.44854352
all,d_l5_margin,d_l5_margin <= -9.84,fg_spread_fav,459,6.902363151311874,2.3593183,522,-3.440380096435547,1.8738135695457458,0.44845003
postdl,pair_l5_oum,pair_l5_oum >= 3.36,tt_home_over,121,6.058119982481003,2.002422,350,1.5611659735441208,2.268441580235958,0.44733328
gp50,a_l5_margin,a_l5_margin >= 4.8,tt_away_under,159,6.958373636007309,2.2120624,329,-5.148373544216156,2.3406624794006348,0.4464871
all,a_l5_own,a_l5_own <= 106.2,h1_total_under,146,14.994652569293976,2.4859395,254,-2.9744716361165047,2.6702435687184334,0.4455215
stretch,h_l5_h1t,h_l5_h1t <= 109.2,h1_total_under,164,11.748332530260086,2.0088456,211,-2.2392716258764267,2.925129607319832,0.44474822
stretch,c_tt_home_point,c_tt_home_point <= 109.5,fg_total_over,181,6.5363384783267975,2.0144758,226,3.9132583886384964,2.812088280916214,0.44365412
gp50,a_l3_win,a_l3_win == 1,fg_spread_fav,137,15.667277574539185,2.073909,159,5.67115992307663,3.3392786979675293,0.4422553
gp50,h_d5_h1m,h_d5_h1m >= 4.174,fg_total_under,199,18.958425521850586,3.2870967,226,-7.075917720794678,2.791527658700943,0.44028646
gp50,st_a_gp,st_a_gp >= 76,fg_total_over,200,8.812151104211807,2.1650312,195,3.785090148448944,2.9945798218250275,0.43874732
mid,a_l3_h1t,a_l3_h1t <= 109.7,fg_ml_fav,189,9.939175844192505,2.2592683,248,-5.555128306150436,1.9386373460292816,0.4380759
all,d_l5_h1t,d_l5_h1t >= 7.2,fg_ml_fav,473,3.784368559718132,2.092539,511,-3.6240797489881516,1.291942223906517,0.435692
all,h_l5_win,h_l5_win == 0.6,fg_total_under,647,3.2758351415395737,2.1564248,570,-5.203063786029816,1.7301633954048157,0.43279564
early,h_l3_cover,h_l3_cover >= 0.666667,fg_spread_home,176,17.24541187286377,2.8439,168,3.4881319850683212,3.18172387778759,0.4323681
stretch,pair_l10_margin_vs_line,pair_l10_margin_vs_line >= 6.65,fg_spread_fav,225,15.40030688047409,2.7765112,242,0.9041782468557358,2.6496989652514458,0.4319704
postdl,st_a_l10,st_a_l10 >= 0.7,fg_ml_fav,229,8.5028275847435,2.8415954,260,1.8656980246305466,1.6686677932739258,0.43037817
gp50,a_d3_atsm,a_d3_atsm <= -3.629,fg_ml_away,299,18.604597449302673,2.109625,307,-7.1670472621917725,3.1764432787895203,0.4296216
veryLate,h_l5_h1m,h_l5_h1m > 0,fg_total_under,252,3.0369868502020836,2.1215587,247,-11.884737014770508,2.59513258934021,0.4295717
gp50,st_days_to_deadline,st_days_to_deadline >= 45,tt_home_over,181,4.127142950892448,2.2800448,353,1.2116425670683384,2.1641820669174194,0.42854956
gp50,open_spread_home_point,open_spread_home_point > 0,fg_ml_fav,359,5.022094026207924,2.4586616,394,1.976480521261692,1.3432307168841362,0.42746025
gp25,h_adj_tempo_pts,h_adj_tempo_pts <= 223,fg_total_over,346,5.942836403846741,2.226345,289,-0.24391491897404194,2.3889249190688133,0.42556795
veryLate,open_total_move,open_total_move < 0,fg_total_over,235,16.173790395259857,2.5024543,219,8.109952509403229,2.7069125324487686,0.42193577
postdl,st_a_gp,st_a_gp <= 59,fg_total_under,197,11.44438236951828,2.1888988,265,-7.0476233959198,2.469860762357712,0.42174312
postdl,d_l10_margin,d_l10_margin <= -8.5,fg_spread_fav,175,14.550955593585968,2.219593,205,4.267740994691849,2.787124738097191,0.41887635
stretch,d_s2d_margin,d_s2d_margin <= -5.57,h1_total_over,145,10.37801131606102,2.0696921,267,-1.5045596286654472,2.441835217177868,0.41842514
gp50,h_d5_margin,h_d5_margin >= 5.313,fg_total_under,196,12.987011671066284,2.3863466,241,-7.314497232437134,2.552948147058487,0.41580495
stretch,a_s2d_cover,a_s2d_cover >= 0.5441,tt_away_under,122,9.886220842599869,2.0279794,236,-4.9254294484853745,2.566077932715416,0.41461742
gp25,h2h_days,h2h_days >= 77,h1_total_under,150,13.20083886384964,2.111245,270,-3.044244274497032,2.4062905460596085,0.4139671
postdl,d_d3_h1m,d_d3_h1m >= 5.067,fg_total_under,259,9.828003495931625,2.2372873,288,-7.196653634309769,2.320830523967743,0.41313526
postdl,st_h_gp,st_h_gp >= 73,tt_away_over,141,13.559173047542572,2.0149508,284,-1.0088001377880573,2.3186244070529938,0.41149047
gp25,h_d5_margin,h_d5_margin >= 5.138,fg_total_under,344,8.776229619979858,2.405639,418,-4.525827616453171,1.919468492269516,0.41112718
gp50,d_l5_win,d_l5_win <= -0.4,fg_spread_fav,159,21.27525806427002,2.9755032,163,5.37944994866848,3.0475685372948647,0.40866652
all,a_l10_margin,a_l10_margin >= 5.7,fg_spread_fav,441,5.639823526144028,2.0348454,531,-3.625323623418808,1.6888700425624847,0.40765798
all,a_s2d_own,a_s2d_own >= 119.4,fg_ml_home,238,9.647728502750397,2.0653765,347,-4.606273770332336,2.253471314907074,0.40719458
veryLate,h_d5_atsm,h_d5_atsm >= 3.061,fg_spread_dog,157,7.017046213150024,2.023065,147,-11.681430786848068,3.184739500284195,0.40681207
postdl,h_l5_h1m,h_l5_h1m >= 4.8,fg_total_under,185,22.800977528095245,3.7394834,234,-6.99290931224823,2.5245748460292816,0.40508744
gp50,h2h_prev_margin_h,h2h_prev_margin_h > 0,h1_spread_dog,225,8.542533218860626,2.0920622,413,-4.8286087810993195,1.9019119441509247,0.4048141
gp50,h_l5_h1m,h_l5_h1m >= 4.8,fg_total_under,213,21.89500331878662,3.8497827,237,-7.36469104886055,2.502754330635071,0.4042328
gp50,st_a_l10,st_a_l10 >= 0.7,fg_spread_fav,249,11.172538250684738,2.052455,257,4.731174185872078,2.3992927744984627,0.40399092
veryLate,d_d3_h1m,d_d3_h1m >= 5.373,fg_ml_away,157,34.21342074871063,2.4325387,146,-5.9858255088329315,4.37227264046669,0.40393236
gp50,a_b2b,a_b2b == 1,fg_spread_fav,186,13.927745819091797,2.167803,187,5.137265473604202,2.805384062230587,0.40293494
all,d_s2d_atsm,d_s2d_atsm >= 4.373,fg_total_over,229,10.888557881116867,2.4030383,259,0.24458433035761118,2.388797700405121,0.40289566
all,a_l10_gtot_vs_line,a_l10_gtot_vs_line <= -9.92,fg_ml_dog,218,17.99401342868805,2.3111475,209,-1.7380772158503532,4.296655207872391,0.4011788
postdl,h_d5_opp,h_d5_opp >= 2.067,fg_spread_away,260,11.60728707909584,2.0962288,358,-6.138457357883453,1.972002536058426,0.3911236
stretch,a_rest_days,a_rest_days <= 1,fg_spread_fav,225,17.08574742078781,3.0414534,214,0.8030857890844345,2.5486065074801445,0.39071444
stretch,a_l5_margin,a_l5_margin >= 4.6,fg_total_under,349,11.049359291791916,2.4249024,381,-8.29450935125351,1.8818184733390808,0.3854196
stretch,st_h_gp,st_h_gp >= 75,fg_total_over,228,7.171744853258133,2.3615096,225,3.522835671901703,2.4216655641794205,0.38121217
gp50,a_d5_over,a_d5_over <= -0.1328,tt_home_under,148,18.558137118816376,2.3293858,212,-6.898276507854462,2.4802863597869873,0.38044462
all,rt_imp_total,rt_imp_total <= 447.6,fg_total_over,723,8.26510637998581,3.5308628,441,-0.4247842822223902,1.7194291576743126,0.37841374
postdl,pair_l10_margin_vs_line,pair_l10_margin_vs_line >= 6.71,fg_spread_fav,172,18.761537969112396,2.7793212,211,3.960750624537468,2.48013436794281,0.37815422
veryLate,d_l3_atsm,d_l3_atsm >= 6.167,fg_ml_away,158,31.919115781784058,2.2521749,153,-6.3597820699214935,3.998316079378128,0.37813583
gp50,pair_l5_oum,pair_l5_oum >= 3.2,tt_home_over,132,5.714548751711845,2.1407797,356,0.9370431303977966,1.8895827233791351,0.37576023
postdl,d_l3_atsm,d_l3_atsm >= 9.333,fg_ml_dog,177,23.77256006002426,2.0842671,207,-18.067750334739685,3.8356751203536987,0.37295818
postdl,st_a_gp,st_a_gp >= 73,fg_total_over,288,6.720741093158722,2.1988943,283,2.5468023493885994,2.1060872822999954,0.37165862
stretch,rt_imp_total,rt_imp_total <= 448.2,fg_total_over,228,12.204652279615402,3.15805,186,3.6931701004505157,2.5919999927282333,0.37098196
mid,a_l3_h1t,a_l3_h1t <= 109.7,fg_spread_fav,185,14.564184844493866,2.3373952,246,-6.023416668176651,2.244235575199127,0.3689245
mid,rt_imp_total,rt_imp_total >= 453.3,fg_spread_dog,268,4.737218841910362,2.0475023,519,0.8215215057134628,1.5433704480528831,0.36835235
stretch,st_h_gb_10,st_h_gb_10 > 0,fg_spread_fav,370,7.833097130060196,2.0350862,345,0.14614699175581336,1.8916677683591843,0.3682173
all,a_adj_def,a_adj_def <= 109.8,fg_total_over,240,15.344387292861938,3.183222,248,0.07680048584006727,2.22101379185915,0.36655605
gp50,a_gp_prior,a_gp_prior >= 73,fg_total_over,324,4.8797182738780975,2.0140793,284,2.857936918735504,2.0674265921115875,0.3655531
postdl,d_l5_win,d_l5_win <= -0.4,fg_spread_fav,138,18.966999650001526,2.5148113,163,4.20822873711586,2.727612480521202,0.36553502
stretch,a_adj_tempo_pts,a_adj_tempo_pts <= 224.2,fg_total_over,339,3.072376549243927,2.0884209,257,3.2691214233636856,2.167951315641403,0.364735
all,d_d5_opp,d_d5_opp >= 9.58,fg_total_under,232,7.80506432056427,2.0140188,208,-4.521026089787483,2.412201091647148,0.36450502
gp25,st_d_games_left,st_d_games_left >= 1,fg_total_over,570,3.8292791694402695,2.3288991,564,-1.1696025729179382,1.4632372185587883,0.36414284
gp25,st_d_gp,st_d_gp <= -1,fg_total_over,571,3.647441416978836,2.2854207,564,-1.1696025729179382,1.4632372185587883,0.36414284
postdl,st_a_l10,st_a_l10 >= 0.7,fg_spread_fav,224,11.646508425474167,2.0555274,256,3.648803010582924,2.168186753988266,0.36414066
all,d_d5_h1m,d_d5_h1m >= 8.558,fg_ml_away,236,13.007304072380066,2.0540864,238,-0.9541952051222324,3.1383752822875977,0.36248145
mid,a_l5_h1t,a_l5_h1t <= 110.4,fg_ml_fav,189,8.892742544412613,2.0558617,227,-5.817606300115585,1.6761593520641327,0.36237246
early,h_l3_margin_vs_need,h_l3_margin_vs_need > 0,fg_spread_home,139,25.09358525276184,3.4961605,154,3.0479518696665764,2.74154394865036,0.35669097
gp50,h_d5_opp,h_d5_opp >= 2.346,fg_spread_away,294,11.69169545173645,2.3231046,343,-5.934736877679825,1.8355824053287506,0.35630193
all,pair_l10_margin_vs_line,pair_l10_margin_vs_line >= 10.37,h1_spread_away,127,13.828909397125244,2.2601702,272,-1.1122058145701885,2.0611561834812164,0.35595053
gp25,a_l5_h1m,a_l5_h1m >= 5,fg_spread_fav,346,7.597541064023972,2.2043803,352,-1.8172811716794968,1.809438318014145,0.35561895
stretch,a_l10_atsm,a_l10_atsm >= 3.5,tt_home_under,135,16.112877428531647,2.014185,253,-6.8723030388355255,2.118571847677231,0.35507035
gp25,a_l10_h1t,a_l10_h1t <= 108.1,tt_home_over,123,7.436387985944748,2.1183069,160,-1.7565572634339333,2.664070390164852,0.35501388
mid,a_d3_h1m,a_d3_h1m >= 3.246,fg_ml_away,272,6.497148424386978,2.0347517,264,5.463961511850357,2.9855137690901756,0.35380825
early,h_l3_win,h_l3_win >= 0.333333,fg_ml_home,303,10.192292928695679,2.0758736,314,1.162555254995823,1.9863881170749664,0.3536802
all,d_s2d_opp,d_s2d_opp <= -8.164,fg_spread_home,235,8.093693852424622,2.012705,251,-1.1267214082181454,2.124250680208206,0.3524368
all,a_d3_atsm,a_d3_atsm <= -5.799,fg_spread_dog,465,4.320017620921135,2.2042027,504,-2.180289104580879,1.4997832477092743,0.35243478
stretch,a_l10_gtot,a_l10_gtot >= 233.9,fg_total_under,342,11.089452356100082,2.4082327,367,-8.4237739443779,1.7525538802146912,0.35228813
gp25,d_s2d_atsm,d_s2d_atsm >= 3.707,fg_total_over,175,14.55988883972168,2.7775583,170,-0.06043784669600427,2.572401985526085,0.35146394
gp50,rt_imp_total,rt_imp_total >= 456.9,fg_ml_home,299,6.620561331510544,2.5003881,380,-9.990022331476212,1.7274156212806702,0.35093144
postdl,a_l5_margin,a_l5_margin >= 4.8,tt_away_under,148,7.230112701654434,2.1039224,326,-4.861116409301758,1.8450602889060974,0.35026395
mid,a_d3_h1m,a_d3_h1m >= 5.667,fg_spread_away,178,8.379664272069931,2.3316913,155,1.0903967544436455,2.6712140068411827,0.34829956
gp25,a_adj_tempo_pts,a_adj_tempo_pts <= 222.9,fg_total_over,345,6.261258572340012,2.2850866,267,-0.6219869945198298,2.0108528435230255,0.34431303
gp50,h_l3_cover,h_l3_cover == 0.333333,fg_ml_home,413,1.66978407651186,2.0119698,353,-9.966056793928146,1.7513811588287354,0.34292695
stretch,a_adj_tempo_pts,a_adj_tempo_pts <= 223.2,fg_total_over,226,10.67885234951973,2.9037468,177,3.5558726638555527,2.4547025561332703,0.3427258
gp50,rt_net_diff,rt_net_diff <= -3.737,h1_total_over,124,16.783185303211212,2.5972092,232,-0.5846192128956318,2.140047773718834,0.34188056
postdl,gbr_fav,gbr_fav <= -0.2391,tt_away_over,136,19.166363775730133,2.6737773,291,-1.4439239166676998,1.8835004419088364,0.33836263
stretch,st_a_gp,st_a_gp >= 71,tt_away_over,172,10.638287663459778,2.0442705,341,-0.811894703656435,1.7343763262033463,0.3373581
postdl,st_days_to_deadline,st_days_to_deadline <= 24,fg_total_under,273,11.188805103302002,2.5325181,279,-7.600294053554535,1.9171901047229767,0.33590767
gp50,st_a_gp,st_a_gp >= 72,tt_home_over,159,5.574510619044304,2.330793,309,0.8596166968345642,1.8121562898159027,0.3357336
postdl,a_l10_win,a_l10_win >= 0.7,fg_ml_fav,233,8.239274471998215,2.8067582,262,1.490861177444458,1.2938308529555798,0.3349823
all,open_total_move,open_total_move >= 2,h1_total_under,286,7.437950372695923,2.1403215,646,-4.386333748698235,1.2583814561367035,0.33483398
mid,h_l10_oum,h_l10_oum <= -1.72,fg_ml_dog,218,11.716219782829285,2.0652196,378,7.918748259544373,2.763669192790985,0.3332311
gp25,d_trav_km,d_trav_km > 0,fg_spread_away,369,9.170015156269073,2.3469288,385,-4.259498044848442,1.6175739467144012,0.33242843
all,pair_l5_gtot_vs_line,pair_l5_gtot_vs_line >= 8.6,fg_ml_fav,236,6.444945931434631,2.06183,261,-3.5407550632953644,1.3752669095993042,0.33146167
all,pair_l3_gtot_vs_line,pair_l3_gtot_vs_line <= -9.5,fg_ml_home,248,11.001625657081604,2.3167303,237,-4.645921662449837,2.2138234227895737,0.33059964
gp25,pair_l10_gtot_vs_line,pair_l10_gtot_vs_line < 0,fg_ml_home,777,4.106215760111809,2.6278684,788,-7.2144486010074615,1.2027539312839508,0.3291551
stretch,h_gp_prior,h_gp_prior >= 76,fg_total_over,237,8.740593492984772,2.6608164,194,3.3359959721565247,2.2348258644342422,0.3266675
stretch,a_l5_cover,a_l5_cover == 0.8,fg_spread_fav,160,14.556729793548584,2.229537,165,0.6807331461459398,2.426253817975521,0.3266089
gp25,a_l3_gtot_vs_line,a_l3_gtot_vs_line <= -5.5,fg_total_under,519,4.835332557559013,2.0142522,513,-5.078957602381706,1.3663385063409805,0.32420826
all,gbr_fav,gbr_fav <= -0.2895,tt_home_over,128,10.60921922326088,2.0273488,270,-2.369111031293869,1.8629293888807297,0.32245362
all,a_adj_def,a_adj_def >= 115.3,fg_total_under,486,4.4920507818460464,2.149848,789,-5.859970673918724,1.0732565075159073,0.31586418
postdl,open_spread_home_point,open_spread_home_point > 0,fg_ml_fav,316,4.059945419430733,2.1689882,390,1.1967030353844166,0.9996727108955383,0.31577942
stretch,h_s2d_h1m,h_s2d_h1m >= 2.28,fg_spread_dog,226,6.429126858711243,2.0878885,289,-5.511847883462906,1.7590560019016266,0.31318417
gp50,a_l10_win,a_l10_win >= 0.7,fg_ml_fav,259,8.12186673283577,2.8258743,262,1.8387235701084137,1.2054737657308578,0.31282783
all,d_streak_ats,d_streak_ats <= -2,h1_spread_fav,422,8.303795754909515,2.0819278,813,-5.691617354750633,1.0416138917207718,0.3114446
all,st_d_season_frac,st_d_season_frac >= 0.0122,fg_total_under,612,7.310536503791809,3.1429458,679,-5.794460698962212,1.1387664824724197,0.31090516
gp25,h_alt_m,h_alt_m >= 253,fg_ml_home,353,6.5901100635528564,2.2122667,348,-6.711596250534058,1.7056062817573547,0.31019095
veryLate,h_l5_h1t,h_l5_h1t >= 117.4,fg_ml_home,158,15.468484163284302,2.4636416,180,-10.617317259311676,2.3036539554595947,0.3071634
stretch,a_gp_prior,a_gp_prior >= 76,fg_total_over,233,8.14932957291603,2.543669,198,3.176775947213173,2.0756058394908905,0.3065059
all,d_l10_h1t,d_l10_h1t <= -6.2,fg_total_under,430,5.662189796566963,2.2763982,402,-5.483591556549072,1.449635624885559,0.3045301
all,gbr_a,gbr_a <= -0.1776,h1_total_over,122,17.119471728801727,2.5164607,252,-1.6417190432548523,1.821071282029152,0.30312732
veryLate,h_l5_opp,h_l5_opp >= 116.8,fg_ml_fav,158,8.320295065641403,2.3323352,196,1.2070050463080406,1.3088658452033997,0.3015539
veryLate,h_l3_gtot_vs_line,h_l3_gtot_vs_line >= 7.05,fg_ml_fav,156,7.189749181270599,2.1036568,155,1.3583684340119362,1.4602292329072952,0.29917732
gp25,gbr_d,gbr_d >= 0.3333,fg_spread_fav,345,8.453024923801422,2.3676674,351,-2.1096087992191315,1.5171106904745102,0.29774234
all,a_d5_over,a_d5_over <= -0.2789,h1_spread_away,125,14.548687636852264,2.3267117,207,-1.1979041621088982,1.9754579290747643,0.29760984
all,a_d3_margin,a_d3_margin <= -9.842,fg_ml_dog,238,14.951322972774506,2.1064906,258,-3.1805910170078278,2.8541412204504013,0.2960872
gp50,a_l5_h1m,a_l5_h1m >= 4.6,fg_ml_fav,213,6.480972468852997,2.208614,226,1.856638491153717,1.2233886867761612,0.29485986
mid,gbr_dog,gbr_dog < 0,fg_spread_fav,142,14.308981597423553,2.015948,142,-5.912293866276741,2.355358377099037,0.2941729
gp50,a_days_since_home,a_days_since_home <= 2,fg_ml_home,328,2.919834665954113,2.0015304,326,-10.161810368299484,1.5556275844573975,0.29271707
mid,h_s2d_opp,h_s2d_opp <= 111.3,fg_ml_fav,272,7.370823621749878,2.1114147,212,-6.092829257249832,1.4009363949298859,0.29269364
all,h_d3_own,h_d3_own <= -3.232,fg_spread_fav,701,4.0413424372673035,2.122136,744,-4.294176772236824,1.0200168937444687,0.29143804
stretch,a_l3_atsm,a_l3_atsm <= -6.167,fg_spread_dog,230,6.243875250220299,2.0768454,263,-5.555344372987747,1.7155595123767853,0.29137677
stretch,gbr_fav,gbr_fav <= -0.3254,fg_total_over,225,7.757579535245895,2.4380279,245,2.865966036915779,1.7647959291934967,0.28989378
mid,h_l3_gtot_vs_line,h_l3_gtot_vs_line >= 10.3,fg_spread_fav,175,14.544403553009033,2.270603,136,-5.89601993560791,2.371632307767868,0.28988
mid,d_s2d_cover,d_s2d_cover >= 0.07851,fg_spread_fav,268,12.56711632013321,2.4707117,243,-6.494058668613434,1.7735935747623444,0.28977352
stretch,a_s2d_win,a_s2d_win >= 0.6233,tt_away_under,138,10.727249085903168,2.2615714,234,-5.69797158241272,1.7935357987880707,0.28856233
late,st_d_gp,st_d_gp <= -1,fg_total_over,230,-1.2216339819133282,2.1742246,232,-0.4307718016207218,1.8039308488368988,0.287942
all,d_l3_h1t,d_l3_h1t >= 8.667,fg_ml_fav,491,3.860616311430931,2.1561131,511,-4.073122888803482,0.8428990840911865,0.2842576
gp25,d_trav_km,d_trav_km >= 808.2,fg_ml_away,175,19.450567662715912,2.006696,182,-0.7390002720057964,2.7891259640455246,0.27919146
all,h_l3_gtot_vs_line,h_l3_gtot_vs_line >= 10.33,fg_ml_fav,481,5.742974206805229,2.7236571,440,-4.0249064564704895,0.8911155164241791,0.27886012
stretch,rt_imp_total,rt_imp_total >= 459.4,fg_ml_home,229,7.5118765234947205,2.1166527,289,-9.41731110215187,1.6135014593601227,0.27858934
mid,t24_total_point,t24_total_point <= 226.3,fg_spread_fav,178,12.634672224521637,2.023005,266,-6.648246198892593,1.6194060444831848,0.2768204
gp50,a_adj_tempo_pts,a_adj_tempo_pts <= 223.2,fg_total_over,199,13.224132359027863,2.8116457,154,2.9063064604997635,2.115796133875847,0.2754834
veryLate,open_total_move,open_total_move > 0,fg_total_under,226,5.591310560703278,2.4119935,221,-12.732940912246704,1.7469286918640137,0.27352622
all,d_s2d_oum,d_s2d_oum <= -3.384,fg_total_under,453,8.731525391340256,3.0208642,474,-5.739156529307365,1.194070652127266,0.27238145
stretch,h_l5_h1m,h_l5_h1m >= 4.8,fg_total_under,236,18.913710117340088,3.2604342,280,-8.628550916910172,1.5477769076824188,0.27175713
stretch,h2h_prev_margin_h,h2h_prev_margin_h < 0,h1_spread_fav,258,5.543417856097221,2.0060172,495,-2.8430353850126266,1.15448497235775,0.2692436
gp50,a_d3_atsm,a_d3_atsm <= -3.629,fg_spread_dog,293,3.611088916659355,2.0554492,301,-9.881965816020966,1.471944898366928,0.26802245
all,rt_imp_margin,rt_imp_margin <= -2.333,h1_total_over,176,10.447415709495544,2.093956,486,-2.304401248693466,1.158389076590538,0.26777527
postdl,d_s2d_margin,d_s2d_margin <= -3.01,h1_total_over,155,9.427803754806519,2.0598688,328,-2.3206330835819244,1.4068271964788437,0.2671975
stretch,a_s2d_win,a_s2d_win >= 0.5909,tt_away_under,214,5.745190009474754,2.043906,320,-6.074904277920723,1.4166031032800674,0.26652926
all,h_d3_cover,h_d3_cover <= -0.3846,fg_spread_fav,237,9.550025314092636,2.122328,230,-3.650350496172905,1.6638431698083878,0.2643192
veryLate,open_total_move,open_total_move >= 1,fg_total_under,177,8.93682911992073,2.6015139,188,-12.66028881072998,1.8195807933807373,0.26277128
stretch,st_a_l10,st_a_l10 >= 0.7,fg_ml_fav,298,4.8123423010110855,2.279715,299,-2.0243627950549126,0.9658962488174438,0.25946254
stretch,d_trav_km,d_trav_km > 0,fg_ml_away,248,19.314049184322357,2.0425186,247,-3.6074094474315643,2.2039949893951416,0.25937575
mid,a_l5_gtot_vs_line,a_l5_gtot_vs_line <= -4.8,h1_spread_home,148,8.090374618768692,2.0307543,310,-9.375672787427902,1.397290825843811,0.25827074
early,h_l3_atsm,h_l3_atsm > 0,fg_spread_home,172,13.29779326915741,2.2693179,172,2.1808868274092674,1.8744789063930511,0.2577397
postdl,h_l3_atsm,h_l3_atsm <= -6,fg_spread_fav,179,14.116895198822021,2.1839433,209,3.177061304450035,1.6964450478553772,0.2574337
mid,d_l5_oum,d_l5_oum >= 9,fg_spread_fav,151,15.066567063331604,2.1763992,192,-6.497921794652939,1.7697304487228394,0.25701544
postdl,st_h_gp,st_h_gp >= 73,tt_home_over,141,5.690199136734009,2.1152275,283,0.7419092580676079,1.4491848647594452,0.25697246
stretch,st_days_to_deadline,st_days_to_deadline >= 50,fg_total_over,238,10.691868513822556,2.9819453,283,2.5468023493885994,1.4456323347985744,0.25521865
all,h_d3_h1m,h_d3_h1m >= 7.847,fg_total_under,236,11.642181128263474,2.648845,238,-5.360614508390427,1.5726126730442047,0.25419593
postdl,a_d3_atsm,a_d3_atsm <= -3.904,fg_ml_away,264,19.175627827644348,2.0421908,297,-9.438066929578781,1.8843241035938263,0.25208527
gp25,st_d_playin_edge,st_d_playin_edge >= 8.5,tt_away_over,217,12.000935524702072,2.1607494,451,-2.351514808833599,1.1251011863350868,0.25162154
stretch,pair_l5_gtot_vs_line,pair_l5_gtot_vs_line <= -2.7,fg_ml_home,345,4.112236946821213,2.0223556,317,-9.647755324840546,1.3830572366714478,0.25010133
gp50,h_l5_h1m,h_l5_h1m >= 3,fg_total_under,302,13.154719769954681,2.992698,332,-8.570576459169388,1.296868920326233,0.24791585
veryLate,d_d3_margin,d_d3_margin >= 6.585,fg_ml_away,157,29.823943972587585,2.0738084,169,-7.908542454242706,2.4495556950569153,0.24347574
mid,h_l3_h1m,h_l3_h1m <= -6.333,fg_spread_home,179,14.149719476699829,2.0884511,172,-5.6524720042943954,1.7561707645654678,0.24131806
gp25,st_d_playin_edge,st_d_playin_edge <= -9,h1_total_over,215,7.250535488128662,2.039349,413,-2.571180835366249,1.122855395078659,0.23933776
gp25,h_l3_own,h_l3_own >= 121.3,tt_home_under,171,17.050856351852417,2.472594,341,-4.5861851423978806,1.2306146323680878,0.23926334
veryLate,d_d3_margin,d_d3_margin >= 6.585,fg_spread_dog,156,7.689977437257767,2.104726,167,-13.11885267496109,1.747317612171173,0.2378983
all,late_total_move,late_total_move <= -1,fg_spread_away,324,7.242439687252045,2.234218,320,-4.473790153861046,1.2695357203483582,0.2377994
all,rt_imp_total,rt_imp_total >= 460.6,fg_ml_dog,248,13.765531778335571,2.0276225,721,-4.664037376642227,1.370694860816002,0.23770744
mid,d_s2d_cover,d_s2d_cover >= 0.1288,fg_spread_fav,178,13.718445599079132,2.1745148,149,-6.410016119480133,1.8576361238956451,0.23765954
veryLate,st_both_done,st_both_done == 1,tt_home_over,127,12.80355304479599,2.0823562,271,5.069732666015625,1.3654790818691254,0.23758616
gp25,st_a_l10,st_a_l10 >= 0.7,fg_ml_fav,439,2.372063510119915,2.0839567,436,-3.774861991405487,0.7372599095106125,0.23164172
stretch,st_h_playin_edge,st_h_playin_edge >= 14.5,fg_spread_dog,120,11.360660940408707,2.0874686,221,-5.81161268055439,1.4592912048101425,0.22720052
stretch,d_d3_h1m,d_d3_h1m <= -7.338,tt_away_over,121,15.078218281269073,2.2332675,254,-1.2012324295938015,1.3450385071337223,0.2257991
all,h2h_days,h2h_days >= 72,tt_home_under,176,8.30048993229866,2.0162148,305,-4.765572398900986,1.2209873646497726,0.22449431
gp25,d_d5_cover,d_d5_cover >= 0.1647,h1_total_under,267,8.679448068141937,2.0425344,504,-4.497591033577919,0.9529437869787216,0.22398473
gp50,d_l5_h1m,d_l5_h1m <= -7,fg_spread_fav,198,13.773104548454285,2.213829,204,3.818153962492943,1.4862725511193275,0.22296429
gp25,st_d_gb_1,st_d_gb_1 >= 14.5,fg_spread_fav,183,10.570280998945236,2.0244677,195,-2.1038295701146126,1.522889919579029,0.22276941
all,h_d3_own,h_d3_own <= -5.5,fg_spread_fav,465,5.520763248205185,2.062586,505,-4.369067773222923,0.9451258927583694,0.22247837
all,st_a_playin_edge,st_a_playin_edge >= 4.5,tt_away_under,487,-0.8089683949947357,2.2340004,972,-5.413690581917763,0.6769340485334396,0.22198506
stretch,st_d_rank,st_d_rank > 0,fg_ml_fav,572,1.910150982439518,2.1402535,528,-2.370314858853817,0.6199441850185394,0.22129832
all,a_l10_own,a_l10_own >= 119.4,fg_total_under,436,5.0923943519592285,2.167583,467,-5.958598852157593,0.9746283292770386,0.22067636
postdl,d_l5_h1m,d_l5_h1m <= -7,fg_spread_fav,174,14.095768332481384,2.150304,202,2.955867536365986,1.4752513729035854,0.22008692
all,st_a_gb_1,st_a_gb_1 <= 0.5,h1_spread_away,135,12.66528069972992,2.188457,194,-1.674593985080719,1.4987681061029434,0.21858966
postdl,h_l5_h1m,h_l5_h1m >= 3,fg_total_under,264,14.979332685470581,3.1356714,325,-8.363565057516098,1.1539191007614136,0.2182075
gp25,a_adj_def,a_adj_def <= 110.1,fg_total_over,173,13.662640750408173,2.6380055,197,-1.1492795310914516,1.4835602603852749,0.21820052
postdl,h_d5_atsm,h_d5_atsm >= 2.935,h1_spread_dog,140,11.779984086751938,2.074685,296,-5.748673528432846,1.1994324624538422,0.21611586
postdl,h_gp_prior,h_gp_prior <= 60,fg_total_under,186,12.903222441673279,2.3353534,300,-8.341000229120255,1.176483929157257,0.21374662
stretch,h_d5_h1m,h_d5_h1m >= 4.167,fg_total_under,226,17.417535185813904,2.9548435,260,-8.924683928489685,1.2516438961029053,0.21176834
gp50,a_l10_win,a_l10_win >= 0.7,fg_spread_fav,255,11.551366001367569,2.14045,258,3.583665192127228,1.2517837807536125,0.21118397
gp50,h_d5_atsm,h_d5_atsm >= 4.517,fg_total_under,196,11.047551780939102,2.101869,217,-8.507998287677765,1.3594470918178558,0.21010254
postdl,h_d5_h1m,h_d5_h1m >= 2.84,fg_total_under,261,11.9122214615345,2.5986757,300,-8.363533020019531,1.1539511382579803,0.20965281
gp25,d_trav_km,d_trav_km >= 95.54,fg_ml_away,350,20.39540708065033,2.9666998,354,-2.0335325971245766,1.494593732059002,0.20865226
mid,h_d5_h1m,h_d5_h1m <= -4.215,fg_ml_dog,182,15.689760446548462,2.2594328,163,7.780139148235321,2.6250600814819336,0.20784836
veryLate,d_l10_margin,d_l10_margin <= -5.14,fg_spread_fav,156,16.272209584712982,2.222372,169,7.303915917873383,1.5009652823209763,0.20560944
postdl,h2h_prev_margin_h,h2h_prev_margin_h > 0,h1_spread_dog,211,8.559416234493256,2.0569527,408,-5.9775520116090775,0.9705539792776108,0.20531219
all,a_l3_atsm,a_l3_atsm <= -6.167,fg_spread_dog,484,3.3715397119522095,2.0302482,525,-2.828868106007576,0.8512042462825775,0.20414954
gp25,a_d3_margin,a_d3_margin <= -10.27,fg_spread_dog,173,12.571875751018524,2.4713871,199,-4.010248184204102,1.3780493289232254,0.20352173
postdl,h_l5_h1m,h_l5_h1m > 0,fg_total_under,431,7.196476310491562,2.3137317,468,-8.621062338352203,0.8964218199253082,0.20341733
stretch,h_l5_h1m,h_l5_h1m >= 3,fg_total_under,338,11.269494891166687,2.428804,389,-9.202134609222412,0.9741932153701782,0.20161065
early,a_d3_own,a_d3_own < 0,fg_ml_home,150,15.87504893541336,2.187525,166,0.7166078314185143,1.5404407866299152,0.1994256
gp25,h_l3_gtot_vs_line,h_l3_gtot_vs_line >= 10.4,h1_total_under,173,11.364670842885971,2.0142488,310,-4.372122883796692,1.0784119367599487,0.19879317
stretch,st_h_rank,st_h_rank >= 11,fg_spread_fav,381,7.7262453734874725,2.043259,350,-0.7390576880425215,1.0064629837870598,0.19732475
stretch,a_s2d_h1t,a_s2d_h1t <= 112,fg_total_over,227,5.129858106374741,2.0338724,222,2.3512711748480797,1.2501011602580547,0.1954713
all,h_d5_atsm,h_d5_atsm <= -6.8,fg_spread_fav,235,12.103413790464401,2.5234065,247,-4.126837104558945,1.187356561422348,0.19547088
gp25,t4_total_point,t4_total_point >= 236.5,fg_total_under,365,6.707939505577087,2.0639973,321,-5.40718249976635,1.038113608956337,0.19485185
gp25,h_trav_km,h_trav_km >= 1794,fg_ml_away,175,23.361845314502716,2.3837228,173,-1.5324793756008148,1.9956469535827637,0.1947624
postdl,t4_total_point,t4_total_point <= 218.5,fg_total_over,182,12.244677543640137,2.5287619,131,2.041499502956867,1.6007844358682632,0.19219548
all,a_l5_atsm,a_l5_atsm <= -7.4,fg_ml_away,238,14.049150049686432,2.183874,287,-2.5946417823433876,1.497928611934185,0.18998727
early,h_s2d_h1m,h_s2d_h1m > 0,fg_ml_home,142,15.385136008262634,2.0674152,156,0.6783443968743086,1.5021773055195808,0.18852343
stretch,rt_imp_margin,rt_imp_margin <= -1.213,h1_total_over,150,10.516925156116486,2.1229227,342,-2.994433045387268,0.9519618004560471,0.18461983
stretch,h_b2b,h_b2b == 1,fg_total_over,167,7.46285542845726,2.060497,209,2.313696965575218,1.2125269509851933,0.18396105
postdl,rt_imp_total,rt_imp_total >= 459.5,fg_ml_home,176,8.891802281141281,2.0110662,240,-9.256108850240707,1.1502981185913086,0.183186
gp50,st_days_to_deadline,st_days_to_deadline >= 52,fg_total_over,209,12.349414080381393,2.7489436,253,1.878618262708187,1.088108029216528,0.18159068
gp25,d_l10_h1t,d_l10_h1t <= -9.5,fg_total_under,174,14.106586575508118,2.4475431,165,-5.1035575568675995,1.3417385518550873,0.18055809
all,d_s2d_cover,d_s2d_cover >= 0.0625,fg_spread_fav,698,4.481513053178787,2.2394156,701,-4.670162871479988,0.6440307945013046,0.17861506
gp25,a_adj_tempo_pts,a_adj_tempo_pts <= 221.6,fg_total_over,173,14.771026372909546,2.7907343,182,-1.4119774103164673,1.2208623811602592,0.1725917
gp25,a_d5_over,a_d5_over <= -0.1098,tt_home_under,282,10.549841821193695,2.0172698,478,-5.089167132973671,0.7276326417922974,0.16749546
gp50,d_l10_win,d_l10_win <= -0.3,fg_spread_fav,206,12.14674487709999,2.0134163,177,3.5181693732738495,1.1862879619002342,0.16576716
gp25,gbr_fav,gbr_fav <= -0.1852,tt_away_over,183,13.254323601722717,2.164358,390,-2.681528776884079,0.7950872182846069,0.16535412
gp50,h_l10_cover,h_l10_cover <= 0.3,fg_ml_home,188,15.750496089458466,3.1356604,192,-10.57419404387474,1.1432439088821411,0.16509089
gp50,a_d3_atsm,a_d3_atsm <= -5.998,fg_spread_dog,197,6.608150154352188,2.1263118,213,-10.28268113732338,1.0712295770645142,0.16408494
gp25,d_d5_atsm,d_d5_atsm <= -3.813,fg_spread_fav,516,6.182913854718208,2.3553264,545,-2.9604539275169373,0.6662655621767044,0.16293539
all,gbr_dog,gbr_dog <= 0,fg_ml_fav,702,3.20785790681839,2.3310888,583,-4.464399442076683,0.45162253081798553,0.16268067
gp50,h_s2d_atsm,h_s2d_atsm <= -0.9725,h1_spread_home,155,12.037881463766098,2.3132617,281,-2.835250645875931,0.9237866848707199,0.16225684
all,st_a_gb_1,st_a_gb_1 <= 2,fg_ml_home,535,9.731835126876831,3.1156337,314,-5.916902795433998,0.9428422898054123,0.16206494
gp25,rt_imp_total,rt_imp_total >= 458.7,tt_away_under,293,1.9101612269878387,2.0856025,568,-5.886804684996605,0.6418187171220779,0.16084854
all,st_a_l10,st_a_l10 >= 0.7,fg_ml_fav,618,3.240693360567093,2.1988378,641,-4.492681846022606,0.4233401268720627,0.15989855
postdl,d_l10_atsm,d_l10_atsm <= -3,h1_spread_home,148,12.191705405712128,2.1016068,289,-2.2500641644001007,0.881320983171463,0.15698841
gp25,a_d5_h1m,a_d5_h1m >= 6.065,fg_ml_fav,175,8.093718439340591,2.408472,197,-3.769076243042946,0.7430456578731537,0.15692839
postdl,d_rest_days,d_rest_days >= 1,fg_total_under,217,10.858193039894104,2.2068577,217,-8.508031815290451,1.0094523429870605,0.15597978
all,h_streak_ou,h_streak_ou <= -2,fg_spread_fav,635,5.228201672434807,2.3330765,587,-4.704076796770096,0.6101168692111969,0.15484048
veryLate,h_d5_margin,h_d5_margin >= 3.696,fg_total_under,155,5.934618785977364,2.0423453,163,-13.32961916923523,1.1502504348754883,0.15467276
gp25,h_s2d_oum,h_s2d_oum >= 3.748,fg_total_under,170,14.54068273305893,2.478544,139,-5.195784568786621,1.2495115399360657,0.15433156
stretch,h_s2d_atsm,h_s2d_atsm <= -1.063,h1_spread_home,188,9.59872454404831,2.1838858,292,-3.911278396844864,0.8587263524532318,0.15379211
all,d_trav_km,d_trav_km > 0,fg_spread_away,525,6.2017772346735,2.5942593,578,-5.133702978491783,0.6096228957176208,0.15346736
all,gbr_d,gbr_d <= -0.1816,tt_away_over,273,10.34976914525032,2.1280715,546,-3.3031251281499863,0.6025891751050949,0.14823732
stretch,h_l3_gtot_vs_line,h_l3_gtot_vs_line <= -9.167,fg_total_under,230,12.055467814207077,2.1284842,223,-9.234846383333206,0.9414814412593842,0.14752233
postdl,a_l5_h1m,a_l5_h1m >= 4.8,fg_ml_fav,179,6.121837347745895,2.040778,221,0.8108907379209995,0.6138604134321213,0.1459686
all,a_gp_prior,a_gp_prior >= 75,tt_away_over,142,15.386684238910675,2.179747,225,-2.9830045998096466,0.9227097034454346,0.14571232
gp25,h_l10_margin_vs_need,h_l10_margin_vs_need >= 3.5,h1_spread_away,203,12.604650855064392,2.3337922,427,-1.6574300825595856,0.6700359284877777,0.14498134
gp25,a_l10_cover,a_l10_cover <= 0.4,h1_total_under,329,7.334350794553757,2.0116398,671,-4.92989644408226,0.5206383764743805,0.14119956
gp25,d_d5_h1m,d_d5_h1m >= 8.917,fg_ml_away,175,24.160557985305786,2.4607146,194,-2.179386280477047,1.3487400487065315,0.13938867
all,h_trav_km,h_trav_km >= 1128,fg_spread_away,495,4.549036920070648,2.1338866,544,-5.180000513792038,0.563325360417366,0.13757819
stretch,st_days_to_deadline,st_days_to_deadline >= 50,tt_home_over,146,4.685864970088005,2.0146546,281,-0.6170705426484346,0.7423227187246084,0.13115521
mid,h_s2d_cover,h_s2d_cover <= 0.4286,tt_away_over,155,20.290251076221466,2.176509,245,-3.913908451795578,0.7919874042272568,0.13050228
all,h2h_prev_ou_margin,h2h_prev_ou_margin > 0,fg_total_under,789,3.0785636976361275,2.3232853,782,-6.488978862762451,0.4442483186721802,0.13016297
all,a_l10_h1t,a_l10_h1t <= 108.3,fg_spread_fav,220,9.351792931556702,2.0139928,218,-4.474815726280212,0.8393779397010803,0.12981899
gp50,h_s2d_oum,h_s2d_oum >= 2.485,fg_ml_away,200,23.72494488954544,2.2366195,150,-8.981287479400635,1.362203061580658,0.1287844
gp50,rt_imp_total,rt_imp_total <= 448.1,fg_total_over,199,19.922003149986267,3.8015044,152,1.7653334885835648,0.9748232550919056,0.1260982
veryLate,d_d5_atsm,d_d5_atsm <= -3.089,fg_spread_fav,156,16.264380514621735,2.2213469,161,6.737018376588821,0.9340677410364151,0.12488789
postdl,rt_imp_total,rt_imp_total >= 457,fg_ml_home,264,8.11065062880516,2.3488886,365,-9.776890277862549,0.6295166909694672,0.12363172
postdl,a_adj_tempo_pts,a_adj_tempo_pts <= 223.4,fg_total_over,175,11.27273142337799,2.344948,162,1.3598672114312649,0.9191522374749184,0.12272121
all,a_s2d_gtot,a_s2d_gtot <= 222.9,fg_total_over,457,9.869493544101715,3.1664784,382,-1.5466632321476936,0.5975501611828804,0.1223966
gp50,h_l5_h1m,h_l5_h1m > 0,fg_total_under,486,6.0623954981565475,2.1583295,478,-9.334580600261688,0.5328647792339325,0.12222783
all,a_adj_net,a_adj_net <= -4.136,h1_total_under,171,11.645224690437317,2.2314472,316,-4.989388585090637,0.6553266197443008,0.12195575
all,a_s2d_oum,a_s2d_oum >= 4.333,fg_total_under,228,13.879258930683136,2.9574385,277,-6.236109510064125,0.6971176713705063,0.12156381
gp50,h_d5_h1m,h_d5_h1m >= 2.859,fg_total_under,296,11.578621715307236,2.6787224,307,-9.209255874156952,0.6581895053386688,0.120992735
gp25,h_alt_m,h_alt_m >= 366,fg_spread_home,176,10.652479529380798,2.3966522,172,-2.2668208926916122,0.8711408823728561,0.119643874
gp25,a_l3_atsm,a_l3_atsm <= -6.167,fg_ml_dog,358,14.44464921951294,2.0440857,397,-6.494595855474472,0.9340204298496246,0.119460754
postdl,h_s2d_atsm,h_s2d_atsm <= -1.011,h1_spread_home,141,13.718588650226593,2.2415166,276,-2.449723333120346,0.6816618144512177,0.118661016
all,h_adj_hca,h_adj_hca <= 2.14,fg_spread_home,250,7.688108831644058,2.0087824,2107,-3.0059296637773514,0.24504251778125763,0.117791064
gp25,a_s2d_win,a_s2d_win >= 0.6279,tt_away_under,213,3.733178973197937,2.0602803,354,-5.936168879270554,0.5924545228481293,0.11721609
stretch,c_h1_total_point,c_h1_total_point >= 116,fg_ml_home,186,9.696772694587708,2.179254,458,-10.492683947086334,0.5381286144256592,0.11696745
gp50,st_a_gb_1,st_a_gb_1 <= 6.5,fg_ml_fav,210,5.614034458994865,2.007268,135,1.2563503347337246,0.6231005769222975,0.11607054
gp25,d_l3_win,d_l3_win <= -0.6667,fg_spread_fav,234,9.33707132935524,2.091611,240,-2.9500823467969894,0.6766371428966522,0.109807305
all,h_adj_tempo_pts,h_adj_tempo_pts >= 231.4,fg_ml_away,248,14.98873382806778,2.3407676,608,-3.502759709954262,0.5898106843233109,0.10888219
gp50,d_l10_margin,d_l10_margin <= -8.6,fg_spread_fav,198,13.787469267845154,2.2159479,200,3.056253120303154,0.7243717089295387,0.10759653
all,h_adj_off,h_adj_off >= 116.1,fg_ml_dog,248,18.02864819765091,2.46863,549,-5.330803617835045,0.7039286196231842,0.106524415
postdl,a_l10_win,a_l10_win >= 0.7,fg_spread_fav,229,11.709804832935333,2.088382,258,2.1037496626377106,0.6231334991753101,0.105061464
all,a_l10_gtot,a_l10_gtot >= 233.9,fg_total_under,652,3.070707805454731,2.109869,660,-6.543197482824326,0.3900296986103058,0.10498518
stretch,st_h_gb_1,st_h_gb_1 >= 17,fg_spread_fav,346,8.144616335630417,2.0287023,532,-1.3140134513378143,0.43150726705789566,0.10430226
all,a_l3_atsm,a_l3_atsm <= -9.333,fg_ml_away,252,19.37369704246521,2.8840446,300,-3.311106190085411,0.7814642041921616,0.10133563
gp25,a_l10_win,a_l10_win >= 0.7,fg_ml_fav,447,2.614884451031685,2.1769738,439,-4.192063212394714,0.3200586885213852,0.1009055
stretch,a_b2b,a_b2b == 1,fg_ml_fav,216,5.122495070099831,2.0077477,212,-2.554977126419544,0.4352819174528122,0.09845712
late,a_l10_margin_vs_need,a_l10_margin_vs_need <= -0.3,fg_ml_fav,187,6.475204974412918,2.1283865,239,-4.863554611802101,0.42165815830230713,0.09728035
late,rt_imp_total,rt_imp_total <= 448.5,fg_total_over,123,5.543241277337074,2.3804789,122,-1.3945368118584156,0.8401659317314625,0.09724922
gp25,st_d_gb_10,st_d_gb_10 <= -8.3,tt_away_over,208,11.458078771829605,2.0323102,417,-3.031918592751026,0.44469740241765976,0.09563141
mid,a_streak_ou,a_streak_ou >= 2,fg_total_under,242,4.921207576990128,2.036033,210,0.04091501177754253,0.6286167539656162,0.09549472
stretch,a_l10_win,a_l10_win >= 0.7,fg_ml_fav,303,4.792528226971626,2.2937012,302,-2.6482127606868744,0.342046283185482,0.0923415
stretch,d_l10_h1t,d_l10_h1t <= -6.44,fg_ml_home,229,9.007278084754944,2.3229518,208,-10.407662391662598,0.6231501698493958,0.09127894
late,a_rest_days,a_rest_days <= 1,fg_ml_fav,123,8.585897833108902,2.0608063,131,-4.765131324529648,0.5200814455747604,0.08883267
early,d_streak_ats,d_streak_ats > 0,fg_spread_home,192,14.406631886959076,2.5585003,176,0.9387809783220291,0.6323730573058128,0.08795615
gp50,a_l5_over,a_l5_over >= 0.6,tt_home_over,224,0.994617585092783,2.0386093,539,-0.596968736499548,0.3555707633495331,0.08700422
mid,a_d5_win,a_d5_win <= -0.1,h1_spread_away,121,16.62244349718094,2.0988908,301,2.16120183467865,0.4709910601377487,0.08576254
early,h_d3_cover,h_d3_cover > 0,fg_spread_home,139,14.072561264038086,2.13568,140,0.9872491471469402,0.680841226130724,0.08445909
gp50,d_streak_su,d_streak_su <= -5,fg_spread_fav,128,19.31889057159424,2.4377055,139,3.001263178884983,0.6693817675113678,0.08289018
gp50,a_l10_margin,a_l10_margin >= 5.8,fg_spread_fav,202,12.468986958265305,2.0417826,247,2.802633121609688,0.47075171023607254,0.07770736
postdl,a_d3_atsm,a_d3_atsm <= -6.116,fg_spread_dog,174,7.5338877737522125,2.0957491,208,-9.990585595369339,0.5128584802150726,0.077584736
postdl,a_l3_atsm,a_l3_atsm <= -3.667,fg_spread_dog,262,5.666248127818108,2.254849,308,-10.0846529006958,0.41879117488861084,0.077093884
all,a_d5_over,a_d5_over <= -0.2789,tt_home_under,125,11.780571937561035,2.1074414,211,-5.4844725877046585,0.5020871758460999,0.07678291
all,h_l10_atsm,h_l10_atsm >= 3.4,h1_spread_away,232,8.552413433790207,2.2118127,500,-2.8455691412091255,0.3277929499745369,0.07675009
postdl,rt_imp_total,rt_imp_total <= 448.1,fg_total_over,175,21.095722913742065,3.7063668,155,1.0273538529872894,0.5866388324648142,0.076614566
all,d_gp_prior,d_gp_prior >= 1,fg_total_under,890,2.7510780841112137,2.3651602,845,-6.683114171028137,0.25011301040649414,0.076176845
early,h_d3_opp,h_d3_opp < 0,fg_spread_home,153,13.6280357837677,2.1830812,161,0.8745667524635792,0.5681588314473629,0.075582154
gp25,d_d5_atsm,d_d5_atsm <= -6.717,fg_spread_fav,345,6.802742183208466,2.0465264,369,-3.2516375184059143,0.37508197128772736,0.07547605
all,a_km_14d,a_km_14d <= 4639,h1_spread_home,341,6.621480733156204,2.10307,653,-5.59907928109169,0.2811599522829056,0.075304
early,a_l3_oum,a_l3_oum < 0,fg_ml_home,143,16.041848063468933,2.156706,174,-0.2748171566054225,0.5490157753229141,0.07276814
gp25,pair_l10_gtot_vs_line,pair_l10_gtot_vs_line <= -5.9,fg_ml_home,175,13.05433064699173,2.365752,222,-7.930239289999008,0.4869632422924042,0.070734836
all,d_d5_cover,d_d5_cover >= 0.1484,fg_ml_away,708,5.5504221469163895,2.0628102,700,-3.742242604494095,0.3503277897834778,0.06939306
postdl,d_d5_h1m,d_d5_h1m >= 6.175,fg_ml_away,176,26.57393217086792,2.3533292,187,-10.692500323057175,0.6298907101154327,0.06686512
stretch,a_d5_margin,a_d5_margin >= 5.267,h1_spread_fav,129,10.745932906866074,2.0394447,269,-3.611278161406517,0.38624219596385956,0.06640341
postdl,h_b2b,h_b2b == 1,fg_total_over,130,11.61487028002739,2.061961,176,0.8948647417128086,0.45414972119033337,0.06320189
gp25,st_d_season_frac,st_d_season_frac <= -0.0122,fg_total_over,524,5.2931275218725204,2.5839992,524,-2.370019815862179,0.26281997561454773,0.06304367
gp50,h_d3_margin,h_d3_margin >= 4.057,fg_total_under,294,9.740255773067474,2.3394058,306,-9.528286755084991,0.3391586244106293,0.062244754
gp50,h_gp_prior,h_gp_prior >= 74,tt_home_over,162,4.802625626325607,2.2483532,258,-0.5862853489816189,0.36625415086746216,0.062002942
late,h2h_prev_ats_margin_h,h2h_prev_ats_margin_h >= 6.5,fg_ml_dog,157,18.61145794391632,2.0136952,162,-5.685610696673393,0.7424447685480118,0.061948713
all,d_l5_own,d_l5_own <= -12.2,fg_spread_fav,236,10.82138866186142,2.3224497,249,-4.943649843335152,0.37054382264614105,0.06124797
gp25,a_d5_opp,a_d5_opp <= -7.265,tt_away_under,130,10.70713922381401,2.4525099,170,-6.083209067583084,0.44541433453559875,0.061068773
stretch,gbr_d,gbr_d <= -0.306,tt_away_over,185,9.92836207151413,2.0175748,383,-2.250215783715248,0.2960551530122757,0.061029892
all,h_d5_margin,h_d5_margin <= -7.713,fg_spread_fav,232,11.903759837150574,2.4753902,259,-4.958134144544601,0.3560595214366913,0.060024
late,d_l3_atsm,d_l3_atsm > 0,h1_spread_dog,128,17.72298961877823,2.196428,317,1.2822418473660946,0.31939558684825897,0.059618555
all,a_d3_margin,a_d3_margin >= 9.976,tt_home_under,130,12.428122013807297,2.2266507,266,-5.650084838271141,0.3364749252796173,0.057774715
late,d_streak_ou,d_streak_ou <= -3,fg_spread_home,135,11.687113344669342,2.3226311,148,-1.8563514575362206,0.4444209858775139,0.056614794
gp50,d_d5_h1m,d_d5_h1m >= 6.107,fg_ml_away,200,22.904422879219055,2.1546948,195,-9.828254580497742,0.515235960483551,0.055539154
stretch,st_a_gp,st_a_gp >= 71,tt_home_over,173,3.486895188689232,2.025692,340,-1.075138058513403,0.2842552028596401,0.055244308
gp25,h_d3_h1t,h_d3_h1t >= 9.307,fg_ml_fav,175,6.359409540891647,2.0772555,167,-4.240601509809494,0.27152039110660553,0.052797534
postdl,h_l10_cover,h_l10_cover <= 0.3,fg_ml_home,162,16.654595732688904,2.818075,195,-10.045213997364044,0.3611929714679718,0.0518481
gp25,h_d5_opp,h_d5_opp >= 5.022,fg_ml_fav,350,2.972385473549366,2.022898,297,-4.314044117927551,0.19807778298854828,0.05136496
stretch,a_l5_h1m,a_l5_h1m >= 7.2,fg_spread_fav,120,19.322161376476288,2.4779012,151,-1.3517051003873348,0.39381561800837517,0.05071439
stretch,gbr_d,gbr_d >= 0.3151,fg_spread_fav,337,8.766590058803558,2.121799,341,-1.48838609457016,0.2571346238255501,0.04976082
mid,h2h_prev_total,h2h_prev_total <= 219,fg_ml_fav,159,15.276773273944855,3.0238452,171,-7.229383289813995,0.26438236236572266,0.04960866
early,h_l3_margin,h_l3_margin > 0,fg_spread_home,173,12.618434429168701,2.1823466,186,0.6453529465943575,0.33894500229507685,0.048464336
postdl,d_d5_h1m,d_d5_h1m >= 6.175,fg_ml_dog,176,23.832321166992188,2.0830827,187,-21.39979749917984,0.5036279559135437,0.046544008
gp25,a_d5_h1t,a_d5_h1t >= 2.922,h1_spread_dog,234,9.993862360715866,2.427584,489,-1.9487855955958366,0.19637234508991241,0.045466844
mid,h_l10_margin,h_l10_margin <= -3,fg_ml_away,273,7.325097918510437,2.144703,328,2.8163589537143707,0.3379112109541893,0.044636123
all,a_gp_prior,a_gp_prior <= 25,tt_home_over,350,4.210293292999268,2.068825,776,-4.086275026202202,0.14576539397239685,0.042773448
all,h2h_prev_total,h2h_prev_total <= 212,fg_spread_fav,332,7.537776231765747,2.1278334,332,-5.1078565418720245,0.2063371241092682,0.0393821
gp25,a_l10_own,a_l10_own >= 117.9,fg_total_under,518,7.620761543512344,2.6764827,489,-6.275342404842377,0.16995370388031006,0.039372426
all,d_d5_atsm,d_d5_atsm <= -6.419,fg_spread_fav,462,7.851036638021469,2.580628,485,-5.147407948970795,0.16678571701049805,0.038475312
gp25,h_adj_def,h_adj_def <= 111,tt_away_over,157,14.055517315864563,2.1113453,322,-3.2859306782484055,0.19068531692028046,0.036034055
veryLate,a_d3_margin,a_d3_margin <= -4.168,fg_spread_dog,157,8.220130205154419,2.1811023,161,-14.598214626312256,0.2679556608200073,0.035820954
gp25,a_km_14d,a_km_14d >= 9548,h1_spread_fav,121,14.923256635665894,2.22919,196,-6.622490286827087,0.23872926831245422,0.03503606
gp50,c_tt_home_point,c_tt_home_point <= 109.5,fg_total_over,170,10.060882568359375,2.1666305,189,1.0237419977784157,0.23323176428675652,0.03364185
gp25,st_d_gb_6,st_d_gb_6 >= 8,h1_total_over,209,7.571522146463394,2.0593815,427,-3.5516154021024704,0.14242082834243774,0.030867385
postdl,st_days_to_deadline,st_days_to_deadline <= 24,tt_away_under,137,8.954855799674988,2.238259,279,-6.531668454408646,0.1745082437992096,0.030647438
gp25,a_s2d_h1t,a_s2d_h1t >= 117.9,fg_ml_home,350,5.508697032928467,2.0116594,365,-8.25318992137909,0.164012610912323,0.030548109
stretch,d_l3_atsm,d_l3_atsm <= -5.667,fg_spread_fav,340,8.94312933087349,2.1653361,322,-1.5891054645180702,0.15641525387763977,0.029414186
stretch,st_d_rank,st_d_rank >= 3,fg_spread_fav,392,7.614699751138687,2.0494008,386,-1.6037389636039734,0.1417817547917366,0.029191995
gp25,late_spread_move,late_spread_move <= -1,fg_total_under,179,11.985783278942108,2.1851904,165,-6.231430917978287,0.21386519074440002,0.028779892
mid,d_d3_win,d_d3_win <= -0.1994,fg_spread_fav,268,10.442452132701874,2.1062517,268,-8.109159022569656,0.15849322080612183,0.027194405
mid,gbr_fav,gbr_fav >= 0.03788,fg_spread_away,180,6.059928610920906,2.0185223,219,-1.4060255140066147,0.17479173839092255,0.027090771
gp25,h_d3_own,h_d3_own >= 5.695,tt_home_under,143,20.0688898563385,2.6439328,381,-5.693375691771507,0.12342408299446106,0.025365258
all,gbr_dog,gbr_dog < 0,fg_ml_fav,426,5.340979248285294,2.444713,376,-4.831834509968758,0.08418746292591095,0.02435384
postdl,st_a_gb_1,st_a_gb_1 <= 6.5,fg_ml_fav,184,6.519384682178497,2.1489043,131,0.3250186564400792,0.12798833195120096,0.02343148
all,h_adj_tempo_pts,h_adj_tempo_pts >= 231.4,fg_ml_dog,248,17.265839874744415,2.3897197,608,-5.90553916990757,0.12919306755065918,0.020574313
gp50,st_days_to_deadline,st_days_to_deadline >= 52,tt_home_over,131,6.44536018371582,2.2214777,251,-0.8337121456861496,0.11882735416293144,0.01984144
all,d_km_14d,d_km_14d >= 2504,fg_ml_away,504,9.449674189090729,2.3999975,460,-3.9793748408555984,0.11319555342197418,0.018176101
postdl,st_a_gp,st_a_gp >= 73,tt_home_over,143,8.183732628822327,2.4465837,281,-0.6170705426484346,0.09020501747727394,0.01593872
stretch,a_l3_atsm,a_l3_atsm <= -6.167,fg_ml_away,234,25.32477378845215,2.6373649,269,-5.682940408587456,0.12846402823925018,0.01577713
gp25,d_d5_h1m,d_d5_h1m >= 8.917,fg_ml_dog,175,27.202272415161133,2.4914012,194,-7.285036146640778,0.1435801386833191,0.012837158
stretch,t60_ml_away_price,t60_ml_away_price >= 3.85,tt_away_over,132,15.679027140140533,2.4058762,269,-2.478472515940666,0.0677984207868576,0.011712952
postdl,a_l10_atsm,a_l10_atsm >= 1.975,fg_spread_fav,262,10.766520351171494,2.073748,299,1.5429834835231304,0.06236732006072998,0.011319967
gp50,t4_total_point,t4_total_point <= 219,fg_total_over,205,12.68317997455597,2.7725756,142,0.8590280078351498,0.0685177743434906,0.008566603
mid,h_l5_over,h_l5_over == 0.2,fg_ml_dog,141,17.663124203681946,2.1515138,153,5.261538550257683,0.10645948350429535,0.008166644
all,h2h_prev_ats_margin_h,h2h_prev_ats_margin_h >= 6,fg_ml_dog,516,8.657807856798172,2.1625733,514,-5.9793636202812195,0.05536861717700958,0.008107362
postdl,a_l10_atsm,a_l10_atsm <= -2.2,fg_ml_away,267,23.28433245420456,2.5229256,308,-11.2865649163723,0.03582611680030823,0.004880774
gp25,d_l5_atsm,d_l5_atsm <= -4.295,fg_spread_fav,513,6.066041439771652,2.3207366,521,-3.6221943795681,0.004525110125541687,0.0010819763
late,h_d3_margin,h_d3_margin >= 6.049,fg_total_under,124,27.792716026306152,2.5866919,166,-6.832341104745865,0.0067137181758880615,0.0009062671
all,d_d5_margin,d_d5_margin <= -7.2,fg_spread_fav,462,6.6131241619586945,2.301888,480,-5.316910520195961,-0.002716854214668274,-0.0006235042
gp25,a_l3_margin_vs_need,a_l3_margin_vs_need >= 14.67,fg_total_under,172,12.113384902477264,2.1595697,198,-6.449552625417709,-0.004256516695022583,-0.0006274715
all,d_s2d_atsm,d_s2d_atsm >= 2.793,fg_total_over,458,5.049134790897369,2.0892446,480,-2.1638955920934677,-0.019682198762893677,-0.0045191585
all,d_rest_days,d_rest_days <= -1,h1_total_over,252,9.597896784543991,2.3641298,506,-3.4885045140981674,-0.025714188814163208,-0.0060652113
gp50,h_l3_h1m,h_l3_h1m >= 6,fg_total_under,208,14.729012548923492,2.7215328,231,-9.909935295581818,-0.0424899160861969,-0.0067753387
mid,h_adj_hca,h_adj_hca <= 2.619,fg_total_under,175,9.088655561208725,2.3092225,878,-0.6112406961619854,-0.023538945242762566,-0.007311695
gp25,d_d5_over,d_d5_over >= 0.162,tt_home_under,263,12.039124965667725,2.2043128,443,-5.8510154485702515,-0.03421567380428314,-0.0075823506
late,d_s2d_own,d_s2d_own >= 4.225,fg_spread_dog,121,13.620297610759735,2.2016468,126,-1.3997431844472885,-0.06649903953075409,-0.0078157475
late,a_s2d_h1m,a_s2d_h1m < 0,tt_away_over,128,7.308635860681534,2.1406233,307,-1.7711762338876724,-0.046305544674396515,-0.008552628
all,h_d3_atsm,h_d3_atsm <= -9.397,fg_spread_fav,235,8.85586366057396,2.0018775,226,-5.37182129919529,-0.05762763321399689,-0.009074807
stretch,a_d3_margin,a_d3_margin <= -6.367,fg_ml_away,229,26.951932907104492,2.7839997,277,-5.89434988796711,-0.08294545114040375,-0.010337195
gp25,a_d5_atsm,a_d5_atsm <= -4.673,fg_ml_away,350,15.855085849761963,2.3477504,367,-3.6148343235254288,-0.08670799434185028,-0.0123251015
stretch,a_rest_days,a_rest_days <= 1,fg_ml_fav,228,5.214010924100876,2.0830352,215,-3.050251491367817,-0.05999244749546051,-0.013665464
gp25,d_l5_margin,d_l5_margin <= -15.2,fg_spread_away,175,12.374241650104523,2.0604029,207,-5.970325693488121,-0.09325370192527771,-0.014052544
all,h_gp_prior,h_gp_prior <= 24.7,tt_home_over,347,5.16730323433876,2.2510858,744,-4.284853115677834,-0.05281269550323486,-0.015174478
gp50,t24_spread_home_point,t24_spread_home_point > 0,fg_spread_fav,275,10.374756902456284,2.018268,280,2.2246524691581726,-0.10722894221544266,-0.018845724
gp25,open_total_move,open_total_move <= -3.25,fg_ml_away,180,20.101526379585266,2.0988002,237,-3.7017177790403366,-0.17359144985675812,-0.019829001
postdl,st_days_to_deadline,st_days_to_deadline <= 18,fg_total_under,180,11.363638937473297,2.0809739,186,-9.659011662006378,-0.14152750372886658,-0.020246498
gp50,st_h_gp,st_h_gp >= 72,tt_home_over,155,5.861080437898636,2.339174,315,-1.065016072243452,-0.11247657239437103,-0.021039588
postdl,d_l5_h1m,d_l5_h1m >= 7.4,fg_total_under,175,11.27273142337799,2.0392692,205,-9.667403250932693,-0.14991909265518188,-0.022515753
all,a_l3_margin_vs_need,a_l3_margin_vs_need <= -2.5,fg_ml_dog,739,5.371847003698349,2.0012403,819,-6.1624325811862946,-0.1277003437280655,-0.023603061
gp25,d_d3_win,d_d3_win <= -0.214,h1_spread_fav,257,8.921673148870468,2.238137,488,-6.966671347618103,-0.1054517924785614,-0.024419986
stretch,a_gp_prior,a_gp_prior >= 76,tt_away_over,126,14.971736073493958,2.2662492,197,-2.7312593534588814,-0.18498841673135757,-0.02734943
postdl,d_d3_h1m,d_d3_h1m >= 7.517,fg_spread_dog,174,7.5432188808918,2.097039,199,-10.691101104021072,-0.18765702843666077,-0.027767608
gp25,a_l5_margin,a_l5_margin >= 4.4,fg_total_under,521,4.801692813634872,2.0100853,566,-6.557607650756836,-0.11231154203414917,-0.027992371
gp25,h2h_prev_total,h2h_prev_total >= 247,h1_spread_home,143,9.465555846691132,2.0048983,254,-6.846536695957184,-0.17034783959388733,-0.028454758
all,st_a_l10,st_a_l10 >= 0.7,fg_spread_fav,598,4.410913214087486,2.0547152,632,-5.4538544267416,-0.1396607607603073,-0.03677777
all,d_l5_oum,d_l5_oum >= 14.35,fg_total_under,207,9.753739833831787,2.1961286,216,-7.1754127740859985,-0.2421855926513672,-0.037293535
all,h_l10_margin_vs_need,h_l10_margin_vs_need >= 3.4,h1_spread_away,248,9.88905057311058,2.5075972,539,-3.3314846456050873,-0.15812255442142487,-0.038439922
all,a_trav_km,a_trav_km >= 2112,tt_home_under,139,10.688195377588272,2.087185,261,-6.215973198413849,-0.22941343486309052,-0.03901965
gp50,h_l3_gtot_vs_line,h_l3_gtot_vs_line <= -8.967,fg_total_under,197,12.409354746341705,2.3074808,187,-10.146620124578476,-0.2791747450828552,-0.040053096
gp50,st_days_to_deadline,st_days_to_deadline >= 52,tt_away_over,131,16.489048302173615,2.2409625,252,-2.780822478234768,-0.2492794767022133,-0.041674364
postdl,st_h_gp,st_h_gp <= 59,fg_total_under,195,14.545445144176483,2.6314423,273,-9.771502017974854,-0.2540178596973419,-0.044024877
stretch,st_d_win_pct,st_d_win_pct >= 0.165,tt_away_over,136,13.56152594089508,2.1798162,260,-2.8059888631105423,-0.2597179263830185,-0.044112254
all,d_trav_km,d_trav_km >= 90.88,fg_ml_away,504,10.516408830881119,2.5804365,536,-4.352224245667458,-0.25965385138988495,-0.045005914
all,h_venues_7d,h_venues_7d == 3,tt_home_over,339,5.486657842993736,2.2880313,818,-4.381659626960754,-0.1496192067861557,-0.045076784
mid,a_trav_tz,a_trav_tz <= -1,fg_spread_dog,183,7.508917152881622,2.084742,199,-1.0437342338263988,-0.32188533805310726,-0.047570456
gp50,h2h_prev_ats_margin_h,h2h_prev_ats_margin_h >= 6.5,tt_away_over,149,20.128583908081055,2.862205,281,-2.8032246977090836,-0.27168169617652893,-0.047961827
stretch,t60_ml_home_price,t60_ml_home_price <= 1.274,tt_away_over,131,16.562072932720184,2.504077,268,-2.8269339352846146,-0.28066299855709076,-0.048397526
all,a_l3_own,a_l3_own >= 119,fg_total_under,723,2.455390803515911,2.0484498,740,-7.103823870420456,-0.17059668898582458,-0.048623346
stretch,st_d_rank,st_d_rank <= -5,tt_away_over,141,13.445357978343964,2.2048757,266,-2.8397878631949425,-0.29351692646741867,-0.050424848
gp50,t60_total_point,t60_total_point <= 219,fg_total_over,199,14.161978662014008,2.9502473,137,0.35952290054410696,-0.43098730966448784,-0.05292806
all,a_l5_atsm,a_l5_atsm >= 7.7,h1_spread_home,136,13.339701294898987,2.1507976,248,-6.209465116262436,-0.32922588288784027,-0.054341022
gp50,d_d3_h1m,d_d3_h1m >= 7.351,fg_spread_dog,198,6.090797856450081,2.0554008,210,-11.7122083902359,-0.3582976758480072,-0.054494165
mid,st_a_playin_edge,st_a_playin_edge >= 5,fg_total_under,208,6.468535214662552,2.1214912,287,-0.8961588144302368,-0.308457063511014,-0.054779675
postdl,a_l5_h1m,a_l5_h1m >= 4.8,fg_spread_fav,176,16.055214405059814,2.4351094,219,1.1251240968704224,-0.3554920665919781,-0.05522103
gp25,st_d_gb_1,st_d_gb_1 <= -8.5,tt_away_over,211,12.58697509765625,2.2210846,414,-3.7426944822072983,-0.26607848703861237,-0.057013523
all,d_d3_win,d_d3_win >= 0.4929,fg_ml_dog,236,15.564607083797455,2.15951,252,-6.602628529071808,-0.5678962916135788,-0.058224216
gp25,d_s2d_h1m,d_s2d_h1m <= -3.7,h1_total_over,209,9.395071864128113,2.335991,391,-3.975338488817215,-0.2813022583723068,-0.058341015
gp50,gbr_fav,gbr_fav <= -0.2143,tt_away_over,151,18.53233575820923,2.6728487,307,-2.8545625507831573,-0.3230195492506027,-0.05960466
all,d_s2d_oum,d_s2d_oum <= -5.291,fg_total_under,221,8.844099193811417,2.1275115,241,-7.299885153770447,-0.36665797233581543,-0.059638675
gp50,d_l3_h1m,d_l3_h1m >= 8.333,fg_ml_dog,201,19.85873132944107,2.046141,224,-23.260580003261566,-0.5922287702560425,-0.06000812
gp50,a_l3_own,a_l3_own >= 120.7,fg_ml_home,205,6.880655884742737,2.1046736,249,-12.087667733430862,-0.3702297806739807,-0.060884207
mid,h_adj_hca,h_adj_hca <= 2.705,fg_total_under,265,5.180191248655319,2.1747785,893,-0.7837500423192978,-0.19604829140007496,-0.06141473
gp25,h_alt_m,h_alt_m >= 366,fg_ml_home,180,12.910705804824829,2.381101,173,-8.90907198190689,-0.4918694496154785,-0.06307156
veryLate,d_d3_opp,d_d3_opp <= -4.954,fg_ml_dog,157,37.94159293174744,2.5678086,161,-23.905351758003235,-0.77972412109375,-0.06488354
stretch,late_spread_move,late_spread_move <= -0.5,tt_home_under,151,17.4562931060791,2.3053713,287,-9.362437576055527,-0.3715626895427704,-0.06632603
early,h_s2d_h1m,h_s2d_h1m > 0,fg_spread_home,138,13.5000541806221,2.0575657,155,-0.22203538101166487,-0.5284433253109455,-0.06897645
stretch,a_l3_atsm,a_l3_atsm <= -3.425,fg_ml_dog,343,18.488770723342896,2.3646333,379,-14.38029557466507,-0.542689859867096,-0.0691697
mid,h_d3_over,h_d3_over < 0,fg_ml_dog,452,6.221233680844307,2.162133,486,4.639950022101402,-0.5151290446519852,-0.07042839
gp25,rt_imp_margin,rt_imp_margin <= -3.097,h1_total_over,131,14.92711752653122,2.5137634,308,-4.078833386301994,-0.3847971558570862,-0.07083038
all,d_l3_win,d_l3_win <= -0.6667,fg_spread_fav,344,8.235286921262741,2.3014715,334,-5.691231787204742,-0.3770381212234497,-0.07217901
all,late_total_move,late_total_move <= -1,h1_spread_away,152,11.568324267864227,2.1803093,321,-3.5609550774097443,-0.38759298622608185,-0.07271479
all,st_a_gp,st_a_gp <= 24,tt_home_over,358,5.448665842413902,2.3435683,716,-4.50063943862915,-0.2685990184545517,-0.07570942
postdl,h_l3_h1m,h_l3_h1m >= 6,fg_total_under,181,13.91259878873825,2.4460216,227,-10.004463791847229,-0.4869796335697174,-0.076961994
all,a_adj_tempo_pts,a_adj_tempo_pts >= 231.5,fg_total_under,242,8.877675980329514,2.231771,562,-7.251712679862976,-0.3184854984283447,-0.079107225
gp50,t60_ml_away_price,t60_ml_away_price <= 1.714,fg_spread_fav,299,9.819675981998444,2.0038805,322,1.9091250374913216,-0.4227563738822937,-0.079678275
all,d_d5_h1m,d_d5_h1m >= 8.558,fg_ml_dog,236,16.59914404153824,2.2639086,238,-6.836533546447754,-0.8018013089895248,-0.079889484
all,a_l10_own,a_l10_own >= 117.6,fg_total_under,646,5.801167711615562,2.827173,671,-7.231581956148148,-0.29835477471351624,-0.08097531
gp25,d_d5_margin,d_d5_margin <= -7.373,fg_spread_fav,346,7.048171013593674,2.0973194,384,-4.021766781806946,-0.39504729211330414,-0.081093214
gp50,d_d3_cover,d_d3_cover > 0,fg_ml_away,475,15.06836712360382,2.114865,474,-10.826249420642853,-0.48275887966156006,-0.08113257
all,d_trav_km,d_trav_km >= 90.88,fg_spread_away,494,5.142919719219208,2.2699907,533,-6.079653277993202,-0.3363274037837982,-0.08130489
gp25,pair_l10_gtot_vs_line,pair_l10_gtot_vs_line <= -3.84,fg_ml_home,349,6.920257955789566,2.2579818,376,-8.847443759441376,-0.4302412271499634,-0.081332974
gp50,d_l5_h1m,d_l5_h1m >= 7.4,fg_total_under,197,10.475315898656845,2.0230758,211,-10.426537692546844,-0.5590923130512238,-0.08520477
stretch,a_s2d_gtot,a_s2d_gtot <= 224.4,fg_total_over,227,6.811881065368652,2.2994957,243,0.5768067669123411,-0.5243632476776838,-0.08578211
all,a_d5_margin,a_d5_margin >= 7.497,tt_home_under,131,10.809531062841415,2.0408044,280,-6.481529027223587,-0.4949692636728287,-0.08719699
postdl,d_l10_margin,d_l10_margin <= -5.1,fg_spread_fav,261,12.647368013858795,2.3882964,308,1.0006817989051342,-0.47993436455726624,-0.08841169
veryLate,h_d5_over,h_d5_over > 0,h1_total_over,137,8.525822311639786,2.10495,267,-5.797232687473297,-0.5205150693655014,-0.089222394
veryLate,d_l3_h1m,d_l3_h1m >= 5.333,fg_ml_away,158,30.444133281707764,2.1312487,147,-11.329318583011627,-0.9712204337120056,-0.09003294
all,a_d3_h1m,a_d3_h1m >= 7.778,fg_spread_away,234,11.786501109600067,2.6268134,269,-6.269117444753647,-0.5257915705442429,-0.09029852
all,st_a_l10,st_a_l10 >= 0.8,tt_away_under,168,4.889405891299248,2.08561,350,-6.552731245756149,-0.4621066153049469,-0.09093278
gp25,rt_imp_total,rt_imp_total <= 447.3,fg_total_over,348,13.564033806324005,3.722199,280,-3.160635754466057,-0.5277959629893303,-0.092547044
mid,open_spread_move,open_spread_move >= 1,fg_ml_dog,211,12.286784499883652,2.089372,257,4.21949066221714,-0.9355884045362473,-0.093017556
all,a_d3_margin,a_d3_margin <= -6.429,fg_spread_dog,469,5.065647140145302,2.3827782,500,-4.085301235318184,-0.4052288830280304,-0.0948463
gp25,st_a_gb_10,st_a_gb_10 <= -5,tt_away_under,335,1.5177462249994278,2.1539378,595,-6.911881268024445,-0.3832578659057617,-0.09830603
gp50,a_l3_atsm,a_l3_atsm <= -6.333,fg_ml_dog,202,24.61881786584854,2.460462,215,-23.694635927677155,-1.0262846946716309,-0.10187873
all,pair_l3_gtot_vs_line,pair_l3_gtot_vs_line <= -9.5,tt_away_under,136,7.686245441436768,2.2180724,237,-6.747977435588837,-0.6573528051376343,-0.106442966
gp25,a_d5_margin,a_d5_margin >= 7.903,fg_spread_away,173,16.974501311779022,2.682619,233,-6.544111669063568,-0.6670396775007248,-0.10664323
late,h2h_prev_cover_h,h2h_prev_cover_h == 1,fg_ml_dog,249,15.630879998207092,2.2181482,253,-7.480011880397797,-1.0519564151763916,-0.1096904
gp25,a_l10_gtot,a_l10_gtot >= 237.4,fg_total_under,348,7.5295500457286835,2.175934,300,-7.049994170665741,-0.6046980619430542,-0.109725185
gp50,a_d3_atsm,a_d3_atsm < 0,h1_spread_dog,230,7.835789769887924,2.002866,463,-7.2180695831775665,-0.4875488579273224,-0.109874986
all,a_l3_atsm,a_l3_atsm <= -6.167,fg_ml_dog,491,11.627481877803802,2.5417929,534,-6.775499135255814,-0.7407668977975845,-0.11055708
mid,a_l3_h1m,a_l3_h1m >= 6.667,fg_ml_away,193,11.860886961221695,2.2925339,171,1.314503699541092,-1.1639440432190895,-0.11101383
early,h_adj_hca,h_adj_hca <= 2.353,fg_spread_home,124,18.64716410636902,2.550525,320,-0.2879238221794367,-0.5943317897617817,-0.111465506
all,h_alt_m,h_alt_m >= 198,tt_home_over,407,3.915264829993248,2.1671166,820,-4.602254182100296,-0.3702137619256973,-0.11167307
all,d_l10_atsm,d_l10_atsm >= 4.875,h1_spread_away,232,7.70910382270813,2.0770829,510,-3.6471474915742874,-0.473785400390625,-0.1120369
mid,a_s2d_oum,a_s2d_oum <= -1.395,fg_total_over,181,16.031362116336823,2.4753327,225,-9.21013057231903,-0.714825838804245,-0.11244093
all,a_d3_atsm,a_d3_atsm <= -5.799,fg_ml_dog,475,10.17744094133377,2.292439,512,-6.809797883033752,-0.7750656455755234,-0.113268144
all,pair_l10_gtot_vs_line,pair_l10_gtot_vs_line >= 4.88,h1_spread_away,229,7.416003197431564,2.0170865,464,-3.675878420472145,-0.5025163292884827,-0.11334529
late,d_trav_km,d_trav_km >= 61.13,fg_ml_dog,125,22.18230962753296,2.0665743,132,-7.933802157640457,-1.5057466924190521,-0.11340951
postdl,st_a_gp,st_a_gp <= 59,tt_away_under,131,9.609270095825195,2.2681088,265,-7.382579147815704,-0.6764024496078491,-0.11577217
all,h_s2d_h1t,h_s2d_h1t >= 119.6,fg_total_over,230,12.05533891916275,2.5936515,273,-2.8135111555457115,-0.6692977622151375,-0.11589481
gp50,a_adj_tempo_pts,a_adj_tempo_pts <= 224.2,fg_total_over,297,5.43522834777832,2.0286295,229,0.0562940607778728,-0.7342161610722542,-0.116574325
gp25,late_total_move,late_total_move <= -1,fg_ml_away,247,16.147921979427338,2.0058057,241,-4.562968388199806,-1.0348420590162277,-0.11920128
gp50,d_l3_win,d_l3_win <= -0.6667,fg_spread_fav,124,23.181284964084625,2.8501725,130,1.3213938102126122,-1.0104876011610031,-0.12101089
gp50,h2h_prev_margin_h,h2h_prev_margin_h < 0,h1_spread_fav,227,9.030257165431976,2.1622488,440,-2.800905890762806,-0.5553962662816048,-0.122107856
gp50,d_l10_margin,d_l10_margin <= -5.2,fg_spread_fav,298,11.479290574789047,2.3008494,306,1.6608169302344322,-0.671064481139183,-0.12329537
early,a_d3_oum,a_d3_oum < 0,fg_ml_home,132,17.959102988243103,2.3021684,186,-1.7403582111001015,-0.9165252558887005,-0.125598
all,pair_l10_gtot_vs_line,pair_l10_gtot_vs_line <= -3.9,fg_ml_home,436,5.904213711619377,2.0313995,458,-7.465028017759323,-0.6052829325199127,-0.12565401
gp25,a_l3_atsm,a_l3_atsm <= -6.167,fg_ml_away,358,13.159781694412231,2.0028234,397,-4.394856840372086,-0.8667305111885071,-0.1281379
mid,open_spread_move,open_spread_move >= 1.5,fg_ml_dog,127,17.748121917247772,2.0485642,160,3.5181839019060135,-1.636895164847374,-0.12840869
gp25,h_l3_opp,h_l3_opp >= 125.3,fg_spread_fav,175,11.270905286073685,2.0768254,174,-4.559773206710815,-0.9330537170171738,-0.12892912
stretch,d_l10_cover,d_l10_cover <= -0.3,fg_ml_home,130,18.205933272838593,2.7063584,134,-12.134788185358047,-1.103975623846054,-0.12979504
veryLate,d_d3_h1m,d_d3_h1m >= 5.373,fg_ml_dog,157,34.105148911476135,2.3050025,146,-24.763859808444977,-1.638232171535492,-0.12981728
postdl,rt_imp_total,rt_imp_total >= 457,h1_spread_home,184,12.901782989501953,2.4443588,361,-3.784824162721634,-0.6534390151500702,-0.13008979
gp50,d_l5_margin,d_l5_margin <= -9.8,fg_spread_fav,197,12.416283786296844,2.0086002,235,1.5235653147101402,-0.808316096663475,-0.13014784
all,h_alt_m,h_alt_m >= 331,fg_spread_home,322,7.341130077838898,2.2145586,328,-3.9397109299898148,-0.6887387484312057,-0.13062614
stretch,h_l3_h1m,h_l3_h1m >= 5.8,fg_total_under,228,11.363629251718521,2.0097091,268,-10.953211784362793,-0.7768839597702026,-0.13344955
postdl,a_d3_margin,a_d3_margin <= -6.854,fg_ml_away,176,30.067655444145203,2.6772277,224,-12.471086531877518,-1.1486954987049103,-0.13345736
mid,a_days_since_home,a_days_since_home >= 5,h1_spread_home,169,8.264847099781036,2.193875,328,-11.480540782213211,-0.7075771689414978,-0.13452974
postdl,a_l10_h1m,a_l10_h1m >= 4,fg_spread_fav,177,17.55901128053665,2.65173,205,0.5839989986270666,-0.8966172114014626,-0.13475241
gp50,a_d3_margin,a_d3_margin <= -6.625,fg_ml_away,200,28.350085020065308,2.6984158,231,-11.492738127708435,-1.1492475867271423,-0.13483274
gp50,a_l3_atsm,a_l3_atsm <= -6.333,fg_spread_dog,198,7.025410234928131,2.193241,209,-12.24309727549553,-0.8891865611076355,-0.13491566
late,d_trav_km,d_trav_km > 0,fg_ml_dog,126,21.212607622146606,2.0012708,140,-8.187585324048996,-1.759529858827591,-0.1364807
postdl,a_adj_tempo_pts,a_adj_tempo_pts <= 224.3,fg_total_over,262,7.116332650184631,2.1643765,232,-0.4146530758589506,-0.8553680963814259,-0.13666953
all,h_s2d_gtot,h_s2d_gtot <= 219.3,fg_ml_home,238,10.822148621082306,2.2424767,177,-7.928762584924698,-1.0690174996852875,-0.1379611
gp50,a_s2d_gtot,a_s2d_gtot <= 224.5,fg_total_over,199,9.369240701198578,2.2419426,216,-0.10866897646337748,-0.8991791866719723,-0.13865462
gp25,d_d3_h1m,d_d3_h1m <= -7.376,tt_away_over,179,13.58051598072052,2.1869264,385,-4.18366976082325,-0.7070537656545639,-0.14610018
all,st_h_gp,st_h_gp <= 24,tt_home_over,360,6.447651982307434,2.553339,712,-4.753759503364563,-0.5217190831899643,-0.14664447
postdl,h2h_prev_ats_margin_h,h2h_prev_ats_margin_h >= 6.5,tt_away_over,139,17.967407405376434,2.5528955,277,-4.166238754987717,-0.838814303278923,-0.14701982
all,a_d3_atsm,a_d3_atsm <= -3.399,fg_ml_dog,712,7.124490290880203,2.2715456,759,-6.861191987991333,-0.8264597505331039,-0.14705403
mid,h_d3_gtot,h_d3_gtot <= -3.275,fg_ml_away,272,9.045954048633575,2.3611286,360,1.3669501058757305,-1.111497636884451,-0.15381783
postdl,d_l3_h1m,d_l3_h1m >= 8.533,fg_ml_dog,176,23.89547973871231,2.0880623,208,-23.495306074619293,-1.5918806195259094,-0.1551584
gp25,a_adj_off,a_adj_off >= 115.4,fg_total_under,344,7.114987075328827,2.0828373,477,-7.129984349012375,-0.6846882402896881,-0.15666036
gp25,d_trav_km,d_trav_km >= 95.54,fg_spread_away,346,8.158817887306213,2.075515,352,-6.674559414386749,-0.797487422823906,-0.15671077
gp25,late_spread_move,late_spread_move <= -0.5,tt_home_under,220,13.227903842926025,2.203105,435,-6.532157212495804,-0.7153574377298355,-0.15708858
postdl,a_d3_margin,a_d3_margin <= -4.178,fg_spread_dog,263,5.264127627015114,2.1908033,321,-11.347588151693344,-0.8441440761089325,-0.15864128
veryLate,h_d5_over,h_d5_over < 0,h1_total_under,130,17.424391210079193,2.1612606,207,-4.953131824731827,-1.0575935244560242,-0.15932158
mid,a_l3_h1m,a_l3_h1m >= 6.667,fg_spread_away,187,7.212898135185242,2.2226655,169,-2.75795329362154,-1.1771360412240028,-0.16026857
gp25,h_l10_margin,h_l10_margin >= 8.03,h1_spread_away,122,17.35566258430481,2.3596869,273,-3.260054439306259,-0.9325884282588959,-0.1613509
all,d_d5_margin,d_d5_margin <= -4.521,fg_spread_fav,691,3.882325440645218,2.0631557,704,-5.898679420351982,-0.5844857543706894,-0.16244738
postdl,a_l10_atsm,a_l10_atsm <= -2.2,fg_spread_dog,264,6.322859227657318,2.375249,304,-11.393897235393524,-0.8904531598091125,-0.1628527
stretch,st_h_rank,st_h_rank <= 2,fg_spread_dog,145,9.276536107063293,2.0316653,140,-8.59016478061676,-1.3192608952522278,-0.16348049
all,h_l3_gtot_vs_line,h_l3_gtot_vs_line >= 10.33,fg_spread_fav,470,7.641112804412842,2.5551996,437,-6.061544269323349,-0.7473506033420563,-0.16365059
all,open_total_move,open_total_move <= -3.25,fg_ml_away,260,14.49686735868454,2.3369725,333,-5.292411148548126,-1.1998407542705536,-0.16392234
mid,a_l10_oum,a_l10_oum <= -3.475,fg_ml_dog,146,20.508350431919098,2.4281752,269,3.539752960205078,-1.6153261065483093,-0.16430469
postdl,h_l5_atsm,h_l5_atsm <= -2.8,fg_spread_fav,263,10.338813066482544,2.004995,332,0.6198170594871044,-0.860799103975296,-0.16463543
stretch,h_l10_win,h_l10_win >= 0.7,fg_spread_away,264,12.809140980243683,2.3935082,307,-8.565378189086914,-0.8996874094009399,-0.1651951
postdl,a_l3_atsm,a_l3_atsm <= -6.5,fg_spread_dog,176,9.556479007005692,2.3889723,201,-11.62121295928955,-1.1177688837051392,-0.1662253
stretch,a_streak_ou,a_streak_ou >= 2,tt_home_over,133,10.80031543970108,2.6711795,315,-2.259516902267933,-0.9001236408948898,-0.16838256
all,a_d5_win,a_d5_win <= -0.1,h1_spread_away,341,5.1405709236860275,2.0206783,740,-3.7653926759958267,-0.5920305848121643,-0.16863756
stretch,d_s2d_win,d_s2d_win >= 0.1655,tt_away_over,140,13.044184446334839,2.1466348,260,-3.540254756808281,-0.9939838200807571,-0.16882494
postdl,d_l3_atsm,d_l3_atsm <= -5.833,fg_spread_fav,263,11.06792837381363,2.1289384,264,0.4907337948679924,-0.989882368594408,-0.1688255
postdl,d_l3_atsm,d_l3_atsm >= 9.333,fg_spread_dog,177,6.777817010879517,2.0083191,201,-11.639036238193512,-1.1355921626091003,-0.16887583
all,st_d_gp,st_d_gp <= -1,fg_total_over,785,4.334455356001854,2.5254474,783,-2.728465385735035,-0.5842519924044609,-0.17133434
all,st_d_games_left,st_d_games_left >= 1,fg_total_over,784,4.467535018920898,2.5628738,783,-2.728465385735035,-0.5842519924044609,-0.17133434
late,h2h_prev_margin_h,h2h_prev_margin_h < 0,fg_ml_fav,269,4.145781323313713,2.006567,261,-6.000636518001556,-0.7154237478971481,-0.1724842
all,t4_total_point,t4_total_point <= 217,fg_total_over,271,8.493299782276154,2.201058,223,-3.2517559826374054,-1.1075425893068314,-0.17333098
gp25,d_streak_ats,d_streak_ats <= -2,h1_spread_fav,299,7.049614191055298,2.074068,574,-7.555023580789566,-0.6938040256500244,-0.17425062
gp50,h_adj_tempo_pts,h_adj_tempo_pts <= 224.1,tt_away_over,160,14.185841381549835,2.1669369,225,-3.637576475739479,-1.1060334742069244,-0.17471963
mid,a_d3_margin,a_d3_margin >= 6.722,fg_spread_away,178,8.326593786478043,2.3242695,175,-2.8517400845885277,-1.2709228321909904,-0.17608267
gp50,a_l3_atsm,a_l3_atsm <= -3.458,fg_spread_dog,295,4.208829998970032,2.1700583,318,-12.29822263121605,-0.9443119168281555,-0.17673615
gp25,h_s2d_own,h_s2d_own >= 119.2,tt_home_over,155,8.20644497871399,2.4797447,217,-5.57081513106823,-1.1501874774694443,-0.17849997
stretch,d_trav_km,d_trav_km >= 100.9,fg_ml_away,229,22.341641783714294,2.2882671,224,-7.426083832979202,-1.6146793961524963,-0.18095918
gp25,a_s2d_own,a_s2d_own >= 117.6,fg_total_under,343,8.540449291467667,2.3563912,369,-7.366783916950226,-0.9214878082275391,-0.18544276
stretch,a_s2d_h1t,a_s2d_h1t >= 116.9,fg_ml_home,343,6.708618253469467,2.454852,314,-12.069033086299896,-1.0382205247879028,-0.18685324
stretch,a_d3_margin,a_d3_margin <= -6.367,fg_spread_dog,227,7.649751007556915,2.2852063,271,-8.358810842037201,-1.0879069566726685,-0.1875632
all,st_h_gb_6,st_h_gb_6 >= 12,fg_spread_away,248,7.761810719966888,2.0403662,299,-6.78241029381752,-1.0390844196081161,-0.18813832
gp50,st_h_gp,st_h_gp <= 59,fg_total_under,312,8.301591873168945,2.143715,283,-10.936019569635391,-1.0685741901397705,-0.18859798
stretch,h_d3_margin,h_d3_margin >= 4.05,fg_total_under,336,10.797955095767975,2.3310065,361,-11.145133525133133,-0.9688057005405426,-0.19314519
gp25,d_l3_gtot,d_l3_gtot >= 14,tt_away_under,178,5.141080543398857,2.0825446,339,-7.536197453737259,-1.007574051618576,-0.1950776
gp25,a_d5_opp,a_d5_opp <= -7.265,fg_total_under,172,15.433400869369507,2.6157405,168,-7.909449189901352,-1.4641530811786652,-0.19881457
all,h_s2d_over,h_s2d_over <= 0.4,h1_total_over,167,11.950641125440598,2.2434986,274,-4.633039608597755,-1.1702492833137512,-0.20311947
gp25,d_s2d_atsm,d_s2d_atsm >= 2.551,fg_total_over,344,4.896346479654312,2.0165622,335,-3.7038642913103104,-1.0710244998335838,-0.20541838
all,h_d3_own,h_d3_own >= 5.581,fg_ml_fav,474,3.958379104733467,2.1488574,489,-5.539538338780403,-0.6235163658857346,-0.2056972
all,h_s2d_win,h_s2d_win <= 0.3721,fg_spread_away,466,7.746218889951706,2.7933636,556,-6.577123701572418,-0.8337978273630142,-0.20586807
gp50,a_l10_h1m,a_l10_h1m >= 4,fg_spread_fav,202,17.1860471367836,2.7445633,208,0.9689321741461754,-1.3629492372274399,-0.20645869
stretch,t60_spread_home_point,t60_spread_home_point <= -8.5,tt_away_over,135,14.476870000362396,2.28473,294,-3.698323667049408,-1.1520527303218842,-0.20807345
gp25,h_d3_h1t,h_d3_h1t >= 3.46,fg_ml_fav,525,3.0995000153779984,2.5195816,521,-5.118350312113762,-0.6062284111976624,-0.20821312
gp25,h2h_prev_cover_h,h2h_prev_cover_h == 1,fg_ml_dog,678,10.051756352186203,2.0930629,674,-8.684269338846207,-1.25565305352211,-0.20925374
veryLate,a_l3_atsm,a_l3_atsm <= -3.333,fg_spread_dog,159,8.080831915140152,2.1765358,169,-16.400834918022156,-1.5346646308898926,-0.21019293
gp50,t4_total_point,t4_total_point <= 222.5,fg_total_over,296,8.353985846042633,2.5512936,238,-0.508213834837079,-1.298724114894867,-0.21021642
gp50,a_l3_atsm,a_l3_atsm <= -3.458,fg_ml_dog,299,20.168597996234894,2.5280004,324,-24.403183162212372,-1.7348319292068481,-0.21141042
all,a_d5_atsm,a_d5_atsm <= -4.313,fg_ml_away,475,7.818379998207092,2.0620482,497,-5.364791676402092,-1.2722212821245193,-0.21234073
postdl,a_d5_h1m,a_d5_h1m >= 3.595,fg_spread_fav,172,14.309707283973694,2.1673207,225,0.12913047103211284,-1.3514856807887554,-0.21279196
gp50,a_streak_ou,a_streak_ou >= 2,tt_home_over,123,10.576526075601578,2.6391041,276,-2.1693212911486626,-1.2167817912995815,-0.21305275
gp50,d_d3_margin,d_d3_margin >= 9.499,fg_ml_away,200,21.355609595775604,2.000054,250,-12.09341287612915,-1.7499223351478577,-0.21358196
gp50,open_spread_home_point,open_spread_home_point > 0,fg_spread_fav,353,9.238877147436142,2.0629373,390,1.2990706600248814,-1.032810751348734,-0.21422732
postdl,h2h_prev_margin_h,h2h_prev_margin_h < 0,h1_spread_fav,213,9.032054990530014,2.0576925,435,-2.9984747990965843,-0.9843671694397926,-0.21519594
gp50,a_d3_margin,a_d3_margin >= 6.903,fg_total_under,199,12.251485139131546,2.2958314,228,-11.240193247795105,-1.3727478682994843,-0.21746899
late,h_s2d_cover,h_s2d_cover <= 0.4423,fg_ml_home,127,11.02864220738411,2.1013105,152,-11.235151439905167,-1.706153154373169,-0.2175707
mid,d_d3_h1t,d_d3_h1t > 0,fg_ml_fav,438,5.95797523856163,2.2612536,451,-8.210080116987228,-0.7163144648075104,-0.21828252
stretch,a_d3_margin,a_d3_margin <= -6.367,fg_ml_dog,229,19.25434023141861,2.0023293,277,-15.868671238422394,-2.03106552362442,-0.22131374
gp50,h_l3_h1m,h_l3_h1m >= 3.667,fg_total_under,313,10.397904366254807,2.535716,322,-11.054050922393799,-1.186605542898178,-0.22339502
stretch,st_h_l10,st_h_l10 >= 0.7,fg_spread_away,266,14.114060997962952,2.6256554,306,-8.890458941459656,-1.2247681617736816,-0.22451785
mid,d_d3_win,d_d3_win <= -0.1994,h1_spread_home,125,9.665129333734512,2.0512357,269,-12.0800219476223,-1.307058334350586,-0.22504982
postdl,a_s2d_gtot,a_s2d_gtot <= 224.5,fg_total_over,175,10.186632722616196,2.19442,218,-1.0251027531921864,-1.4658177271485329,-0.22702982
veryLate,a_d3_h1m,a_d3_h1m >= 3.476,fg_ml_home,157,12.472081184387207,2.1412356,161,-14.72533494234085,-1.80436372756958,-0.2275375
gp25,a_l3_win,a_l3_win == 1,fg_total_under,257,9.939868003129959,2.2747407,265,-7.783787697553635,-1.3384915888309479,-0.22826831
postdl,t60_total_point,t60_total_point <= 218.5,fg_total_over,181,12.864816188812256,2.6092143,126,-1.5017872676253319,-1.9425023347139359,-0.22872913
all,a_l3_h1m,a_l3_h1m <= -6,fg_total_over,475,4.90049421787262,2.0937285,528,-3.096272051334381,-0.9520586580038071,-0.22926828
gp25,st_d_gb_6,st_d_gb_6 < 0,tt_away_over,425,7.75936022400856,2.0951545,829,-4.237434267997742,-0.7608182728290558,-0.2306886
all,st_d_season_frac,st_d_season_frac <= -0.0122,h1_total_over,300,6.789951026439667,2.0692813,652,-4.324893653392792,-0.8621033281087875,-0.230824
early,d_streak_ou,d_streak_ou >= 2,fg_ml_home,131,18.89345347881317,2.4051287,123,-2.906244248151779,-2.0824111998081207,-0.23206028
all,h_s2d_cover,h_s2d_cover >= 0.5595,fg_total_over,460,5.420670658349991,2.1772792,483,-3.163330629467964,-1.0191172361373901,-0.2347259
postdl,d_d3_cover,d_d3_cover > 0,fg_ml_away,428,16.243314743041992,2.1763246,469,-12.72227168083191,-1.3998806476593018,-0.23533745
all,h_l3_h1t,h_l3_h1t >= 125,fg_ml_fav,249,7.998085021972656,2.4678843,226,-5.983269587159157,-1.0672476142644882,-0.23935665
postdl,d_l10_atsm,d_l10_atsm <= -4.8,fg_spread_fav,176,16.06951802968979,2.4370985,212,-0.087889184942469,-1.5685053542256355,-0.23972118
postdl,a_l3_atsm,a_l3_atsm <= -3.667,fg_ml_dog,265,23.05060476064682,2.480448,314,-23.9117369055748,-2.008311450481415,-0.24050774
stretch,h_d5_h1m,h_d5_h1m >= 2.787,fg_total_under,337,9.333689510822296,2.052713,362,-11.386852711439133,-1.2105248868465424,-0.24166937
gp50,h_adj_tempo_pts,h_adj_tempo_pts <= 224.1,fg_total_over,295,5.489632487297058,2.0315769,227,-0.7402320392429829,-1.530742272734642,-0.2419782
stretch,h_s2d_atsm,h_s2d_atsm <= -1.571,h1_spread_home,145,15.855878591537476,2.7088542,212,-6.358582526445389,-1.588577777147293,-0.2424177
late,h2h_prev_margin_h,h2h_prev_margin_h > 0,fg_ml_away,251,15.965686738491058,2.186353,251,-4.2646195739507675,-2.08035446703434,-0.2430707
postdl,t60_total_point,t60_total_point <= 222,fg_total_over,265,6.621125340461731,2.0922751,224,-1.1081591248512268,-1.5488741919398308,-0.2431727
gp25,a_d3_opp,a_d3_opp >= 9.377,fg_spread_dog,173,9.25876647233963,2.0149088,181,-7.1274518966674805,-1.7391543835401535,-0.24496098
veryLate,d_d3_cover,d_d3_cover > 0,fg_ml_away,263,23.811857402324677,2.0481591,233,-12.45884895324707,-2.1007508039474487,-0.24517575
veryLate,d_l3_over,d_l3_over >= 0.3333,fg_total_over,172,16.538752615451813,2.1911173,122,3.285527601838112,-2.1175123751163483,-0.24635188
stretch,a_l10_margin_vs_need,a_l10_margin_vs_need <= -3.6,fg_spread_away,224,14.20116126537323,2.4231317,298,-9.028064459562302,-1.3623736798763275,-0.24645673
all,h_l3_h1m,h_l3_h1m >= 9,fg_total_under,249,7.340122759342194,2.0096438,277,-8.347473293542862,-1.4142461121082306,-0.24661711
mid,a_l10_oum,a_l10_oum <= -3.475,fg_ml_away,146,20.201919972896576,2.776465,269,0.41370163671672344,-2.0647460594773293,-0.2469959
postdl,pair_l10_gtot_vs_line,pair_l10_gtot_vs_line < 0,h1_spread_home,186,10.601738840341568,2.1285172,389,-4.339941963553429,-1.208556815981865,-0.24976206
postdl,h_l3_h1m,h_l3_h1m >= 3.667,fg_total_under,273,11.1888088285923,2.5325186,317,-10.855591297149658,-1.3381071388721466,-0.24990395
postdl,a_l3_atsm,a_l3_atsm <= -3.667,fg_ml_away,265,22.48121052980423,2.422096,314,-13.143670558929443,-1.821279525756836,-0.2505273
mid,d_l10_oum,d_l10_oum < 0,tt_home_under,130,8.88441950082779,2.0223582,439,-1.4218387193977833,-1.1343564838171005,-0.2505952
gp25,h2h_prev_margin_h,h2h_prev_margin_h >= 16,fg_ml_away,149,21.82416021823883,2.0627584,193,-5.996524170041084,-2.468397840857506,-0.25444394
gp50,h_s2d_atsm,h_s2d_atsm <= -1.433,h1_spread_home,123,22.6186141371727,3.2920978,200,-5.477029457688332,-1.717992126941681,-0.25457418
all,a_adj_off,a_adj_off <= 110.1,fg_total_over,245,14.552298188209534,3.0863276,244,-3.774232044816017,-1.6300186514854431,-0.26683992
stretch,rt_net_diff,rt_net_diff < 0,tt_away_under,293,3.678872436285019,2.016753,548,-8.595249056816101,-1.1037416756153107,-0.27175614
gp50,a_l3_atsm,a_l3_atsm <= -3.458,fg_ml_away,299,21.23977690935135,2.4313288,324,-12.299629300832748,-1.9561387598514557,-0.2717991
gp50,a_l5_h1m,a_l5_h1m >= 4.6,fg_spread_fav,209,16.921013593673706,2.7515478,224,0.5724119488149881,-1.7594695091247559,-0.2765843
postdl,a_d5_atsm,a_d5_atsm <= -4.886,fg_ml_away,176,26.43124759197235,2.340101,190,-13.911095261573792,-2.588704228401184,-0.2769956
gp50,a_s2d_h1t,a_s2d_h1t >= 116.9,fg_ml_home,299,6.66353777050972,2.507233,261,-13.368938863277435,-1.6515009105205536,-0.27805626
gp50,t60_total_point,t60_total_point <= 222.5,fg_total_over,299,8.54380577802658,2.5985765,239,-0.9244970045983791,-1.7150072380900383,-0.27818015
gp50,a_d3_margin,a_d3_margin <= -3.961,fg_spread_dog,296,3.8480106741189957,2.1086686,333,-12.814246118068695,-1.4603354036808014,-0.2796862
all,pair_l3_oum,pair_l3_oum >= 4.458,tt_away_over,290,9.945298731327057,2.1193168,697,-4.913561046123505,-1.0078467428684235,-0.2801243
postdl,d_l3_h1m,d_l3_h1m >= 5.333,fg_total_under,260,10.874120146036148,2.4183245,292,-11.083126068115234,-1.5656419098377228,-0.28063154
postdl,a_d3_margin,a_d3_margin >= 6.961,fg_total_under,175,11.282337456941605,2.0406003,226,-11.299438774585724,-1.7819546163082123,-0.28099817
veryLate,h_l5_over,h_l5_over >= 0.6,h1_total_over,130,8.495394885540009,2.0468266,258,-6.949921697378159,-1.6732040792703629,-0.28193155
stretch,t24_spread_home_point,t24_spread_home_point <= -6.175,tt_away_over,144,12.569458782672882,2.1165884,266,-4.191472381353378,-1.6452014446258545,-0.28263798
postdl,a_l5_h1m,a_l5_h1m > 0,tt_away_under,236,3.265814110636711,2.0110953,449,-7.979240268468857,-1.2730635702610016,-0.2836282
all,gbr_h,gbr_h <= -0.1667,h1_spread_dog,132,9.91596132516861,2.1810153,255,-4.019800573587418,-1.6979396343231201,-0.2838645
all,h2h_prev_ou_margin,h2h_prev_ou_margin >= 15.5,fg_ml_away,336,10.745345801115036,2.1385367,320,-6.213384121656418,-2.120813727378845,-0.28403375
postdl,d_d3_margin,d_d3_margin >= 6.118,fg_spread_dog,261,4.598372057080269,2.0697358,317,-12.035699933767319,-1.532255858182907,-0.28615937
gp50,a_l3_atsm,a_l3_atsm <= -6.333,fg_ml_away,202,27.53463387489319,2.6300495,215,-12.88147121667862,-2.5379806756973267,-0.28726542
early,a_adj_net,a_adj_net >= 0.8491,fg_spread_home,123,14.966252446174622,2.112784,148,-1.9562680274248123,-2.2626759484410286,-0.28859565
veryLate,a_d3_margin,a_d3_margin <= -4.168,fg_ml_dog,157,33.71083736419678,2.277991,162,-26.597294211387634,-3.4716665744781494,-0.28978515
gp50,h_l3_opp,h_l3_opp >= 118.7,tt_away_under,123,10.511637479066849,2.3635323,320,-9.02986228466034,-1.5408262610435486,-0.28986838
mid,h_d3_cover,h_d3_cover <= -0.1429,fg_spread_fav,269,10.016293823719025,2.0369394,284,-9.927443414926529,-1.6597911715507507,-0.29316634
all,a_s2d_h1t,a_s2d_h1t <= 109.9,tt_away_over,150,16.006934642791748,2.3219342,328,-5.461739748716354,-1.5560254454612732,-0.2966836
gp25,a_l10_gtot,a_l10_gtot >= 234.5,fg_total_under,521,7.367494702339172,2.623657,472,-7.749727368354797,-1.3044312596321106,-0.29689255
gp50,d_l10_atsm,d_l10_atsm <= -4.8,fg_spread_fav,201,13.988742232322693,2.2625852,211,0.38562770932912827,-1.946253702044487,-0.29693574
mid,a_days_since_home,a_days_since_home <= 2,fg_spread_away,274,3.8457252085208893,2.1062312,304,-3.2169539481401443,-1.6361366957426071,-0.2987685
stretch,rt_net_diff,rt_net_diff > 0,tt_away_over,284,7.44544193148613,2.0554328,551,-3.7585534155368805,-1.2122824788093567,-0.2997438
gp50,a_d5_atsm,a_d5_atsm <= -4.705,fg_ml_away,200,22.34618365764618,2.0989575,200,-13.094112277030945,-2.750621736049652,-0.30027673
gp50,a_d3_margin,a_d3_margin <= -3.961,fg_ml_away,299,19.850291311740875,2.2617,339,-12.473011016845703,-2.1295204758644104,-0.30266172
late,a_l5_margin,a_l5_margin >= 4.4,fg_total_under,184,25.543469190597534,2.8294528,197,-8.906014263629913,-2.0669594407081604,-0.30395138
gp50,pair_l10_gtot_vs_line,pair_l10_gtot_vs_line <= -1.82,fg_ml_home,298,3.8450561463832855,2.054909,285,-13.449358940124512,-1.73192098736763,-0.30470818
gp25,d_l3_h1t,d_l3_h1t >= 9,fg_ml_fav,357,3.081952966749668,2.072914,348,-5.600918456912041,-1.0887965559959412,-0.3056253
gp25,d_d5_margin,d_d5_margin <= -4.629,fg_spread_fav,516,5.071417614817619,2.090805,552,-4.878738522529602,-1.2520190328359604,-0.30814153
postdl,d_d3_margin,d_d3_margin >= 9.812,fg_ml_away,176,23.727859556674957,2.0894732,237,-13.923217356204987,-2.600826323032379,-0.31081298
mid,st_d_season_frac,st_d_season_frac <= -0.0122,h1_total_over,130,17.298974096775055,2.1625755,296,-5.841289833188057,-1.7239246517419815,-0.31105343
postdl,a_l3_atsm,a_l3_atsm <= -6.5,fg_ml_dog,179,31.016770005226135,2.671986,206,-25.12621581554413,-3.2227903604507446,-0.3126071
all,d_streak_ou,d_streak_ou <= -3,fg_spread_fav,547,5.062193050980568,2.1247144,548,-6.58942386507988,-1.275230199098587,-0.31270245
all,a_l5_own,a_l5_own >= 120.4,fg_total_under,463,4.3232932686805725,2.0603194,481,-8.295301347970963,-1.3620741665363312,-0.31299084
all,st_a_win_pct,st_a_win_pct >= 0.5909,fg_ml_home,751,4.972730576992035,2.4165545,758,-8.03675577044487,-1.1770106852054596,-0.3143404
stretch,a_l3_atsm,a_l3_atsm <= -3.425,fg_ml_away,343,16.938360035419464,2.0894434,379,-7.987133413553238,-2.175728976726532,-0.3171719
gp25,st_a_win_pct,st_a_win_pct >= 0.625,fg_ml_home,351,5.958303809165955,2.0941322,383,-10.08543074131012,-1.6682282090187073,-0.3182845
all,st_a_clinched,st_a_clinched == 1,fg_total_over,188,13.726656138896942,2.5849779,235,-4.131907597184181,-1.9876942038536072,-0.31933522
gp25,a_s2d_h1t,a_s2d_h1t <= 110.5,fg_total_over,173,18.08158904314041,3.2469096,256,-4.541958123445511,-1.9091183319687843,-0.32008868
stretch,pair_l10_gtot_vs_line,pair_l10_gtot_vs_line <= -3.55,fg_ml_home,230,6.677370518445969,2.0058932,237,-13.081863522529602,-2.0510509610176086,-0.32069844
all,d_l3_cover,d_l3_cover <= -0.6667,h1_spread_fav,121,16.489487886428833,2.0615563,257,-8.645175397396088,-1.9119441509246826,-0.3214183
gp50,a_d3_margin,a_d3_margin <= -6.625,fg_spread_dog,198,7.991628348827362,2.3357422,225,-13.397839665412903,-2.043928951025009,-0.32177582
stretch,st_d_gb_6,st_d_gb_6 <= -10,tt_away_over,134,13.95169198513031,2.211692,284,-4.367154836654663,-1.8208838999271393,-0.32323027
late,a_rest_days,a_rest_days <= 1,fg_spread_fav,122,25.18342137336731,3.331876,130,-10.380496084690094,-2.7339257299900055,-0.32669953
gp25,d_s2d_oum,d_s2d_oum <= -1.826,tt_away_under,277,2.8207018971443176,2.188511,514,-7.90187269449234,-1.3732492923736572,-0.32738706
postdl,open_spread_home_point,open_spread_home_point > 0,fg_spread_fav,310,9.604531526565552,2.0412722,386,-0.12411404168233275,-1.604730263352394,-0.3309392
gp25,a_d3_win,a_d3_win >= 0.2181,fg_total_under,345,7.351779937744141,2.1319413,341,-8.161559700965881,-1.7162635922431946,-0.33202305
all,h_d3_h1t,h_d3_h1t <= -8.691,h1_spread_away,134,13.735057413578033,2.3102274,216,-5.331645533442497,-2.158283442258835,-0.3321465
stretch,st_a_l10,st_a_l10 >= 0.8,fg_total_under,124,17.0087993144989,2.1410158,164,-12.683378159999847,-2.507050335407257,-0.3368826
gp25,a_l10_h1m,a_l10_h1m >= 4.2,fg_spread_fav,350,7.451610267162323,2.188483,347,-5.357702821493149,-1.7309833317995071,-0.3377749
all,d_l5_gtot,d_l5_gtot <= -19,fg_total_under,231,8.264465630054474,2.0828211,231,-9.061623364686966,-2.1283961832523346,-0.33893532
postdl,d_l3_opp,d_l3_opp >= 6.333,fg_spread_fav,262,11.477669328451157,2.1944072,278,-0.4646946210414171,-1.9453108310699463,-0.3404583
postdl,d_l5_atsm,d_l5_atsm <= -4,fg_spread_fav,262,12.214291095733643,2.3193882,299,-0.3976281266659498,-1.8782442435622215,-0.34091032
late,h_d3_h1m,h_d3_h1m >= 3.45,fg_spread_fav,181,10.744259506464005,2.0229988,193,-9.997425973415375,-2.3508556187152863,-0.3422904
gp50,a_s2d_own,a_s2d_own >= 117.9,h1_total_over,146,11.062341183423996,2.0929692,167,-5.251256749033928,-2.5265898555517197,-0.34245217
all,st_a_gb_10,st_a_gb_10 <= -5.5,tt_away_under,309,2.1262045949697495,2.319834,637,-7.384812831878662,-1.2941882014274597,-0.34356698
gp50,d_l10_h1t,d_l10_h1t <= -6.2,fg_ml_home,202,6.487705558538437,2.0377777,182,-14.185653626918793,-2.468215674161911,-0.34701836
gp50,d_d5_atsm,d_d5_atsm >= 6.799,fg_ml_away,200,22.62043207883835,2.1263397,204,-13.510234653949738,-3.166744112968445,-0.34914342
veryLate,d_l3_atsm,d_l3_atsm <= -5.233,fg_spread_fav,157,16.73688143491745,2.2905295,139,2.991791255772114,-2.8111593797802925,-0.34923834
gp25,h_d3_h1m,h_d3_h1m >= 8.174,fg_total_under,175,12.363634258508682,2.2130048,172,-8.994461596012115,-2.5491654872894287,-0.35024288
veryLate,st_a_clinched,st_a_clinched == 0,h1_total_under,163,14.776113629341125,2.0654447,246,-6.045486778020859,-2.149948477745056,-0.3530744
stretch,c_tt_home_point,c_tt_home_point <= 107.5,fg_total_over,131,10.766031593084335,2.2212114,138,-1.7721746116876602,-2.8733447194099426,-0.3542327
all,a_d5_oum,a_d5_oum <= -9.903,tt_away_under,123,7.70036056637764,2.111039,197,-8.504990488290787,-2.4143658578395844,-0.35643506
gp25,gbr_d,gbr_d <= -0.1617,tt_away_over,281,10.578195005655289,2.2055116,573,-4.892399907112122,-1.4157839119434357,-0.35689643
gp25,st_d_win_pct,st_d_win_pct < 0,tt_away_under,437,-0.19973693415522575,2.0794811,827,-7.714315503835678,-1.1856921017169952,-0.35855457
mid,d_d5_atsm,d_d5_atsm >= 6.365,fg_total_under,179,7.729062438011169,2.1448112,197,-3.0555283650755882,-2.4678265675902367,-0.3631044
all,d_s2d_own,d_s2d_own >= 4.248,fg_total_over,458,5.053885281085968,2.0903099,533,-3.651149943470955,-1.5069365501403809,-0.36460435
postdl,d_l3_opp,d_l3_opp >= 10,fg_spread_fav,175,13.43868225812912,2.065359,189,-1.0476200841367245,-2.528236247599125,-0.36483884
gp25,a_d3_h1m,a_d3_h1m >= 8.063,fg_spread_away,173,12.573973834514618,2.076123,198,-8.363470435142517,-2.4863984435796738,-0.36644349
gp25,st_h_l10,st_h_l10 >= 0.7,fg_spread_away,402,7.810859382152557,2.1640756,438,-7.55501464009285,-1.6779426485300064,-0.36780518
mid,st_a_gp,st_a_gp <= 23,fg_spread_fav,277,10.321266204118729,2.1201918,254,-10.482307523488998,-2.21465528011322,-0.36993417
all,a_s2d_oum,a_s2d_oum <= -1.533,fg_total_over,462,7.03296884894371,2.5450501,484,-3.753845766186714,-1.6096323728561401,-0.37111858
all,st_d_season_frac,st_d_season_frac <= -0.0122,fg_total_over,651,7.040100544691086,3.0230117,655,-3.5356078296899796,-1.3913944363594055,-0.37319362
mid,a_l10_cover,a_l10_cover >= 0.6,tt_away_under,145,0.5835375282913446,2.0153828,312,-7.285695523023605,-2.0143650472164154,-0.37429687
all,a_s2d_own,a_s2d_own >= 117.6,fg_total_under,458,7.13043138384819,2.6785245,592,-8.403412997722626,-1.4701858162879944,-0.374793
all,h_l3_over,h_l3_over == 0.333333,fg_ml_dog,940,4.3955545872449875,2.0604248,928,-7.946236431598663,-1.9115041941404343,-0.37608293
postdl,h_s2d_gtot,h_s2d_gtot <= 224.4,tt_away_over,135,14.387169480323792,2.0738456,202,-5.845781043171883,-2.518356591463089,-0.3769321
postdl,h_adj_tempo_pts,h_adj_tempo_pts <= 224.1,tt_away_over,146,13.50695937871933,2.0436614,222,-5.757381394505501,-2.429956942796707,-0.38128114
gp50,a_d3_atsm,a_d3_atsm <= -5.998,fg_ml_away,200,25.22021234035492,2.385914,219,-13.683408498764038,-3.3399179577827454,-0.38153437
gp50,d_l3_h1m,d_l3_h1m >= 5.5,fg_total_under,294,9.737494587898254,2.3389099,295,-11.987365782260895,-2.119920402765274,-0.38200557
gp25,late_spread_move,late_spread_move < 0,tt_home_under,245,11.739565432071686,2.077808,448,-7.539848983287811,-1.723049208521843,-0.38398442
gp25,h_l3_gtot_vs_line,h_l3_gtot_vs_line >= 10.4,fg_ml_fav,349,4.73363995552063,2.4950147,314,-5.959412455558777,-1.4472905546426773,-0.38589886
stretch,h2h_prev_ats_margin_h,h2h_prev_ats_margin_h >= 6.5,tt_away_over,164,16.013534367084503,2.72718,318,-4.602213203907013,-2.055942267179489,-0.38618472
gp25,a_d5_h1m,a_d5_h1m >= 2.435,fg_spread_fav,516,5.076149106025696,2.0919313,502,-5.283850431442261,-1.657130941748619,-0.38893628
all,a_d3_margin,a_d3_margin <= -6.429,fg_ml_dog,475,11.386975646018982,2.4656034,507,-8.711424469947815,-2.676692232489586,-0.3892573
all,a_l5_margin,a_l5_margin >= 4.4,fg_total_under,699,2.6969728991389275,2.0810764,764,-8.278337866067886,-1.345110684633255,-0.38954985
gp25,d_l3_gtot,d_l3_gtot <= -22.1,fg_total_under,172,16.543342173099518,2.768247,183,-9.195396304130554,-2.7501001954078674,-0.38974553
postdl,a_d5_atsm,a_d5_atsm <= -4.886,fg_spread_dog,175,9.101095050573349,2.319041,185,-13.238199055194855,-2.734754979610443,-0.39016777
gp25,d_l10_cover,d_l10_cover <= -0.2,fg_spread_fav,445,6.830344349145889,2.3303769,400,-5.494312942028046,-1.867593452334404,-0.39127502
all,h_d3_h1t,h_d3_h1t >= 9.079,fg_ml_fav,237,6.292768567800522,2.0327346,217,-6.696948409080505,-1.7809264361858368,-0.39138296
all,st_d_season_frac,st_d_season_frac <= -0.0122,fg_total_over,733,5.745755136013031,2.8406477,738,-3.5236328840255737,-1.3794194906949997,-0.39272434
all,h_l5_margin,h_l5_margin <= -10.2,fg_spread_away,239,7.837415486574173,2.0152442,323,-7.833918184041977,-2.090592309832573,-0.39342454
gp50,h2h_prev_margin_h,h2h_prev_margin_h >= 7,tt_away_over,154,15.034739673137665,2.2378976,289,-4.733675718307495,-2.2021327167749405,-0.39425263
gp25,a_adj_def,a_adj_def >= 115.7,fg_total_under,345,8.46702754497528,2.3489635,435,-8.25129896402359,-1.8060028553009033,-0.39461187
gp50,d_l3_atsm,d_l3_atsm <= -5.833,fg_spread_fav,297,11.214583367109299,2.249165,269,0.03759542014449835,-2.2942859679460526,-0.395226
all,a_d3_margin,a_d3_margin <= -3.833,fg_ml_dog,712,8.748140931129456,2.5561397,780,-8.22899341583252,-2.1942611783742905,-0.3957947
gp25,a_s2d_win,a_s2d_win >= 0.6279,fg_ml_home,354,9.8751500248909,2.7994812,356,-10.599452257156372,-2.1822497248649597,-0.40141177
mid,st_d_gp,st_d_gp >= 1,fg_total_under,305,5.1593441516160965,2.3293307,353,-2.6315802708268166,-2.043878473341465,-0.40255588
stretch,a_l5_h1m,a_l5_h1m >= 4.6,fg_spread_fav,239,13.431216776371002,2.5425735,257,-4.160523414611816,-2.4150026962161064,-0.40572706
gp25,a_s2d_h1t,a_s2d_h1t >= 116.6,fg_ml_home,525,4.398598521947861,2.2234035,541,-10.207962989807129,-1.7907604575157166,-0.40606615
gp25,rt_imp_total,rt_imp_total <= 444.6,fg_total_over,173,14.77343887090683,2.7910666,156,-5.753040313720703,-3.1202005222439766,-0.40837798
stretch,d_d5_cover,d_d5_cover <= -0.2508,tt_home_under,121,16.986387968063354,2.0088449,236,-11.522587388753891,-2.5317125022411346,-0.40980887
all,h_l5_h1m,h_l5_h1m >= 4.6,fg_total_under,486,4.491052404046059,2.1496174,566,-8.577795326709747,-1.644568145275116,-0.40993825
gp25,a_km_14d,a_km_14d <= 4929,fg_ml_dog,525,12.3573437333107,2.1743267,455,-10.434077680110931,-3.0054613947868347,-0.41151956
postdl,d_s2d_h1t,d_s2d_h1t <= -2.683,tt_away_over,158,13.38653564453125,2.109904,270,-5.70562481880188,-2.3782003670930862,-0.4115291
stretch,a_km_14d,a_km_14d <= 4935,fg_ml_dog,343,15.98951518535614,2.0841296,296,-17.50350594520569,-3.665900230407715,-0.41292495
gp25,a_l10_h1t,a_l10_h1t <= 108.1,fg_total_over,175,11.277540028095245,2.3226638,162,-5.733923241496086,-3.1010834500193596,-0.41360757
late,d_s2d_h1t,d_s2d_h1t <= -3.873,fg_ml_home,125,11.67735755443573,2.156703,130,-13.047927618026733,-3.5189293324947357,-0.41499496
gp25,d_km_14d,d_km_14d >= 4103,fg_ml_dog,175,25.77817142009735,2.3728244,146,-12.82276064157486,-5.394144356250763,-0.41838166
gp25,d_s2d_cover,d_s2d_cover <= -0.1367,fg_ml_home,175,16.55496060848236,2.8033724,166,-11.750593781471252,-3.33339124917984,-0.41869816
mid,h2h_prev_total,h2h_prev_total <= 219,fg_spread_fav,153,17.326241731643677,2.483641,168,-11.359589546918869,-3.091937303543091,-0.42003626
gp25,a_adj_off,a_adj_off <= 110.1,fg_total_over,173,13.667507469654083,2.6386762,188,-5.5604033172130585,-2.927563525736332,-0.42063242
postdl,a_d3_margin,a_d3_margin <= -4.178,fg_ml_away,264,18.91244500875473,2.012308,327,-14.32199776172638,-2.999606728553772,-0.4210676
mid,a_d3_h1m,a_d3_h1m >= 3.246,fg_spread_away,266,5.537181347608566,2.3644254,259,-4.080025479197502,-2.499208226799965,-0.4212411
early,a_l3_margin_vs_need,a_l3_margin_vs_need < 0,fg_ml_dog,160,15.030841529369354,2.2537982,148,-14.00565654039383,-5.047634989023209,-0.42172515
all,st_d_l10,st_d_l10 <= -0.4,fg_total_under,251,8.00434947013855,2.1279428,278,-9.347350150346756,-2.4141229689121246,-0.42173547
stretch,d_l5_atsm,d_l5_atsm <= -4.255,fg_spread_fav,335,8.854644745588303,2.1323833,332,-3.96248959004879,-2.21696887165308,-0.42332938
mid,pair_l5_gtot_vs_line,pair_l5_gtot_vs_line >= 6.2,fg_ml_fav,182,11.727076023817062,2.5580723,152,-9.888364374637604,-2.3945987224578857,-0.42362493
veryLate,t60_total_point,t60_total_point >= 230,fg_total_under,165,5.299463123083115,2.0216033,210,-17.256692051887512,-2.7768224477767944,-0.42382386
gp25,d_s2d_h1m,d_s2d_h1m <= -5.698,h1_total_over,120,12.698322534561157,2.1497347,218,-6.447189301252365,-2.753153070807457,-0.42635465
all,rt_imp_total,rt_imp_total <= 445.6,fg_total_over,482,8.132503181695938,2.8524399,294,-4.5379240065813065,-2.3937106132507324,-0.43013883
veryLate,a_l3_h1m,a_l3_h1m >= 4,fg_ml_home,164,13.906027376651764,2.3423214,158,-16.36573225259781,-3.444761037826538,-0.43033195
gp25,d_d3_oum,d_d3_oum >= 11.89,h1_total_under,167,14.271058142185211,2.3726044,313,-7.788402587175369,-2.3378677666187286,-0.43304
all,st_h_win_pct,st_h_win_pct <= 0.3662,fg_spread_away,489,5.026682838797569,2.23155,584,-7.457263022661209,-1.7139371484518051,-0.43370274
all,a_l5_h1m,a_l5_h1m > 0,fg_total_under,1155,1.489838119596243,2.245319,1127,-8.168178796768188,-1.2349516153335571,-0.4343804
stretch,h_l3_opp,h_l3_opp >= 118.7,tt_away_under,152,8.024691790342331,2.0204036,356,-9.707939624786377,-2.2164322435855865,-0.4398465
stretch,a_d3_margin,a_d3_margin <= -3.705,fg_ml_dog,343,17.720425128936768,2.2783983,410,-17.169809341430664,-3.3322036266326904,-0.44174135
gp25,a_l10_margin,a_l10_margin >= 8.7,fg_total_under,173,13.662640750408173,2.3793247,250,-9.113681316375732,-2.6683852076530457,-0.44200337
gp50,d_d3_atsm,d_d3_atsm > 0,h1_spread_dog,237,8.734659105539322,2.1781192,491,-8.643544465303421,-1.9130237400531769,-0.4439676
gp50,a_d3_margin,a_d3_margin <= -3.961,fg_ml_dog,299,20.503701269626617,2.5630512,339,-26.240772008895874,-3.5724207758903503,-0.4453064
postdl,a_s2d_own,a_s2d_own >= 117.9,h1_total_over,133,10.43480634689331,2.0299551,156,-7.150590419769287,-3.423130139708519,-0.44837394
gp50,pair_l10_gtot_vs_line,pair_l10_gtot_vs_line >= 3.92,h1_spread_away,150,13.006943464279175,2.1505415,298,-7.701657712459564,-2.481524273753166,-0.44857833
gp25,d_l10_cover,d_l10_cover <= -0.2,fg_ml_home,450,4.730737581849098,2.125054,404,-10.71234717965126,-2.295144647359848,-0.44973987
stretch,d_s2d_margin,d_s2d_margin >= 5.165,tt_away_over,147,15.444137156009674,2.508653,304,-5.002160370349884,-2.4558894336223602,-0.45104122
postdl,a_venues_7d,a_venues_7d == 4,fg_total_over,294,5.847199633717537,2.0647588,331,-1.9473085179924965,-2.3880235850811005,-0.4557506
all,h_d3_win,h_d3_win <= -0.2404,fg_spread_fav,469,7.059752941131592,2.4205873,431,-7.413409650325775,-2.0992159843444824,-0.4565078
all,d_d5_h1m,d_d5_h1m >= 8.558,fg_total_under,232,12.738707661628723,2.8012724,237,-9.777677059173584,-2.8444498777389526,-0.4588078
mid,d_l3_opp,d_l3_opp <= -10,fg_total_under,180,7.121213525533676,2.065318,169,-3.972913697361946,-3.3852118998765945,-0.46133134
gp50,d_d3_atsm,d_d3_atsm < 0,h1_spread_fav,260,7.636094838380814,2.0779133,447,-4.355797171592712,-2.1102875471115112,-0.46763787
postdl,d_l5_atsm,d_l5_atsm >= 7.1,fg_ml_away,179,23.982952535152435,2.131056,204,-15.549787878990173,-4.227396845817566,-0.4687073
all,h_s2d_h1t,h_s2d_h1t >= 117.8,fg_ml_dog,474,8.67120698094368,2.0746102,533,-9.19751301407814,-3.162780776619911,-0.47159266
all,a_trav_km,a_trav_km >= 2112,fg_spread_away,250,7.693053036928177,2.0371895,259,-8.54220911860466,-2.798883244395256,-0.47165617
gp25,d_s2d_oum,d_s2d_oum <= -1.826,fg_total_under,517,7.455596327781677,2.6345532,513,-8.439504355192184,-1.9942082464694977,-0.47319078
all,d_l3_gtot,d_l3_gtot <= -23,fg_total_under,234,8.508161455392838,2.1353557,229,-9.92317870259285,-2.9899515211582184,-0.47406757
all,h_adj_net,h_adj_net <= -1.689,fg_spread_away,488,4.054678976535797,2.004355,683,-7.4765220284461975,-1.7331961542367935,-0.47429535
gp50,pair_l5_gtot_vs_line,pair_l5_gtot_vs_line <= -2.44,fg_ml_home,298,4.175077378749847,2.107381,272,-14.495612680912018,-2.778174728155136,-0.47750467
gp25,h2h_prev_ats_margin_h,h2h_prev_ats_margin_h >= 6.5,fg_ml_dog,420,14.957550168037415,2.2801843,437,-11.002588272094727,-3.57397198677063,-0.4795849
gp50,pair_l5_gtot_vs_line,pair_l5_gtot_vs_line >= 3.9,fg_total_over,297,7.360944151878357,2.3763099,338,-1.7026619985699654,-2.493172138929367,-0.48091894
gp50,st_d_l10,st_d_l10 > 0,fg_spread_dog,420,1.816558837890625,2.0754545,407,-13.627444207668304,-2.2735334932804108,-0.48138762
mid,d_l10_oum,d_l10_oum < 0,fg_total_under,329,3.2945893704891205,2.0647311,440,-2.777629718184471,-2.1899279206991196,-0.48154837
gp25,a_s2d_h1m,a_s2d_h1m >= 3.357,fg_total_under,172,10.993660241365433,2.0057192,290,-9.14885327219963,-2.703557163476944,-0.48232707
gp50,h_l10_atsm,h_l10_atsm <= -3.25,fg_ml_home,201,8.81926342844963,2.337182,222,-14.842727780342102,-3.1252898275852203,-0.48528895
gp50,a_d5_h1m,a_d5_h1m >= 3.575,fg_spread_fav,195,17.479009926319122,2.7394745,227,-0.7530640810728073,-3.0849454924464226,-0.4881825
all,h_s2d_oum,h_s2d_oum >= 2.204,tt_away_over,365,9.886591881513596,2.3655727,587,-5.820227414369583,-1.914513111114502,-0.4883344
all,a_s2d_gtot,a_s2d_gtot <= 219.4,fg_total_over,231,16.53076559305191,3.3118613,184,-5.582878738641739,-3.438665345311165,-0.48883486
all,h_s2d_gtot,h_s2d_gtot >= 234.1,fg_ml_dog,474,11.46852821111679,2.47467,583,-9.191939979791641,-3.157207742333412,-0.49234757
postdl,d_d5_atsm,d_d5_atsm < 0,fg_spread_fav,402,8.279477059841156,2.046038,452,-0.7363600190728903,-2.216976135969162,-0.4947465
veryLate,d_l3_h1m,d_l3_h1m <= -5,fg_ml_home,161,13.285477459430695,2.2548215,153,-16.94914847612381,-4.028177261352539,-0.49518818
stretch,d_l3_atsm,d_l3_atsm > 0,h1_spread_dog,255,10.725794732570648,2.3378356,583,-6.975798308849335,-1.960979774594307,-0.49570134
gp50,h_s2d_gtot,h_s2d_gtot <= 224.4,tt_away_over,148,14.520791172981262,2.1274078,204,-5.833031982183456,-3.301488980650902,-0.49660048
stretch,h_d5_over,h_d5_over >= 0.1556,fg_ml_home,230,11.318197101354599,2.6475182,245,-14.158950746059418,-3.1281381845474243,-0.49729624
gp50,a_d5_atsm,a_d5_atsm <= -4.705,fg_spread_dog,198,7.033795863389969,2.1944776,195,-14.750462770462036,-3.3965520560741425,-0.4977966
gp25,st_d_gb_1,st_d_gb_1 >= 5,tt_away_under,311,3.2143808901309967,2.3925364,580,-8.495378494262695,-1.9667550921440125,-0.49807513
veryLate,a_l3_atsm,a_l3_atsm <= -3.333,fg_ml_dog,159,32.71860182285309,2.2240524,170,-28.95154058933258,-5.825912952423096,-0.49816024
all,d_l5_win,d_l5_win >= 0.4,tt_away_over,181,13.26122134923935,2.153675,437,-6.175873056054115,-2.270158752799034,-0.4996166
stretch,gbr_fav,gbr_fav <= -0.1818,tt_away_over,182,15.965142846107483,2.866014,354,-5.079790577292442,-2.5335196405649185,-0.50210726
stretch,a_l10_h1m,a_l10_h1m >= 4.1,fg_spread_fav,231,14.039339125156403,2.5965173,227,-4.957280308008194,-3.211759775876999,-0.5071142
postdl,pair_l10_gtot_vs_line,pair_l10_gtot_vs_line >= 3.95,h1_spread_away,140,12.979543209075928,2.2404795,299,-8.639343827962875,-2.804429829120636,-0.5077963
gp25,d_l3_atsm,d_l3_atsm >= 13.38,fg_ml_away,175,22.845938801765442,2.333992,225,-8.093234896659851,-4.565108567476273,-0.5080901
all,h_d3_h1t,h_d3_h1t >= 5.765,fg_ml_fav,474,5.508023127913475,2.6307092,443,-6.538114696741104,-1.6220927238464355,-0.5093351
mid,a_l10_over,a_l10_over >= 0.7,fg_spread_away,139,8.47156047821045,2.0718372,122,-5.994708836078644,-4.413891583681107,-0.510599
mid,gbr_fav,gbr_fav >= 0.03788,fg_spread_dog,180,9.251098334789276,2.312457,219,-4.025353118777275,-3.3035043627023697,-0.512161
all,a_adj_off,a_adj_off >= 116.2,fg_total_under,243,7.6388053596019745,2.0340605,527,-9.066123515367508,-2.1328963339328766,-0.5130189
stretch,d_l3_atsm,d_l3_atsm < 0,h1_spread_fav,314,4.867269471287727,2.087128,500,-6.189023330807686,-2.1915029734373093,-0.51366687
gp25,h_l3_h1t,h_l3_h1t >= 125.3,fg_ml_fav,178,6.085417419672012,2.0422113,157,-7.2402723133563995,-2.7281504124403,-0.51436466
late,a_l5_win,a_l5_win >= 0.8,fg_total_under,140,24.085110425949097,2.286238,152,-10.824960470199585,-3.985905647277832,-0.5148585
gp25,h_l5_gtot_vs_line,h_l5_gtot_vs_line >= 5.585,fg_spread_fav,517,5.607717111706734,2.220586,501,-5.838862434029579,-2.2121429443359375,-0.5186828
postdl,a_d3_margin,a_d3_margin <= -4.178,fg_ml_dog,264,23.292070627212524,2.4990792,327,-26.153746247291565,-4.250320792198181,-0.51943207
gp50,h_l3_atsm,h_l3_atsm >= 6,fg_spread_dog,198,6.065162643790245,2.05162,215,-14.750051498413086,-3.3961407840251923,-0.5226383
stretch,gbr_h,gbr_h <= -0.1765,tt_away_over,122,15.787740051746368,2.3257017,228,-5.849782377481461,-3.3035114407539368,-0.5254288
gp50,d_l3_atsm,d_l3_atsm >= 9,fg_ml_away,200,23.107659816741943,2.1749868,222,-14.914552867412567,-4.571062326431274,-0.5257381
postdl,a_s2d_h1t,a_s2d_h1t >= 117,fg_ml_home,264,6.3655853271484375,2.0938714,252,-13.631680607795715,-3.2252736389636993,-0.52631176
stretch,pair_l10_gtot_vs_line,pair_l10_gtot_vs_line >= 3.8,h1_spread_away,175,12.079160660505295,2.2328115,345,-6.955422461032867,-2.7128804475069046,-0.52760625
all,pair_l3_oum,pair_l3_oum >= 7.017,tt_away_over,191,15.006639063358307,2.4715707,442,-6.319355219602585,-2.4136409163475037,-0.5342244
stretch,a_d5_h1m,a_d5_h1m >= 3.589,fg_spread_fav,224,14.205250144004822,2.5828958,263,-4.892023280262947,-3.146502375602722,-0.53475606
stretch,d_l3_atsm,d_l3_atsm >= 8.833,fg_ml_away,230,20.70026993751526,2.1163807,274,-10.138338059186935,-4.3269336223602295,-0.53632224
stretch,d_d3_atsm,d_d3_atsm <= -5.501,fg_spread_fav,341,9.178561717271805,2.2140787,334,-4.549277573823929,-2.803756855428219,-0.5369865
gp25,open_total_point,open_total_point <= 222.1,fg_total_over,347,6.183016300201416,2.2764313,363,-5.327149108052254,-2.694309316575527,-0.5379207
gp25,t4_total_point,t4_total_point <= 221.5,fg_total_over,356,5.643660947680473,2.1991518,387,-5.270028114318848,-2.637188322842121,-0.5436434
mid,st_d_season_frac,st_d_season_frac >= 0.0122,fg_total_under,272,7.389572262763977,2.5852277,303,-3.5758860409259796,-2.988184243440628,-0.54527104
mid,a_s2d_h1t,a_s2d_h1t <= 111.8,fg_spread_home,177,14.344173669815063,2.1038647,200,-11.102617532014847,-3.6939747631549835,-0.5473534
gp25,pair_l5_oum,pair_l5_oum >= 3.575,tt_away_over,229,11.783665418624878,2.184768,508,-5.800191313028336,-2.3235753178596497,-0.55151397
all,a_d3_over,a_d3_over >= 0.4048,h1_spread_dog,126,10.57683676481247,2.2086728,229,-5.809858068823814,-3.487997129559517,-0.55260223
gp50,d_d5_atsm,d_d5_atsm < 0,fg_spread_fav,472,7.5944408774375916,2.0109384,455,-0.13487092219293118,-2.466752380132675,-0.5526537
stretch,st_d_win_pct,st_d_win_pct >= 0.08919,tt_away_over,196,9.534411877393723,2.0181205,383,-5.236535146832466,-2.6902642101049423,-0.5545809
stretch,d_s2d_win,d_s2d_win >= 0.08753,tt_away_over,196,12.534186244010925,2.4641092,385,-5.2329447120428085,-2.6866737753152847,-0.555285
veryLate,d_l10_atsm,d_l10_atsm <= -2.6,fg_spread_fav,157,17.963583767414093,2.4516854,156,1.582241989672184,-4.220708459615707,-0.55549055
stretch,h_d3_h1t,h_d3_h1t >= 5.792,fg_ml_fav,229,5.769975855946541,2.2110114,233,-5.343316867947578,-2.353057824075222,-0.55798066
gp50,h_d3_h1m,h_d3_h1m >= 5.365,fg_total_under,199,17.03973561525345,3.0035203,199,-13.650591671466827,-3.7831462919712067,-0.5599108
postdl,a_d3_margin,a_d3_margin <= -6.854,fg_spread_dog,175,11.275722831487656,2.6205323,218,-14.119957387447357,-3.6165133118629456,-0.5600998
stretch,st_d_gb_1,st_d_gb_1 <= -10,tt_away_over,147,14.163979887962341,2.3438258,284,-5.705868452787399,-3.1595975160598755,-0.5608691
stretch,d_s2d_margin,d_s2d_margin >= 2.812,tt_away_over,200,9.352430701255798,2.011279,407,-5.19828274846077,-2.652011811733246,-0.563564
stretch,rt_net_diff,rt_net_diff >= 2.013,tt_away_over,204,10.868564248085022,2.2612562,409,-5.200517922639847,-2.654246985912323,-0.5654232
all,h_d3_h1m,h_d3_h1m >= 5.043,fg_total_under,470,5.207560583949089,2.2766685,470,-9.428887069225311,-2.49565988779068,-0.566882
late,pair_l5_gtot_vs_line,pair_l5_gtot_vs_line <= -3.5,fg_ml_home,187,10.379929840564728,2.461749,199,-13.416987657546997,-3.8879893720149994,-0.56729925
gp25,a_adj_tempo_pts,a_adj_tempo_pts >= 230.3,fg_total_under,345,8.46702829003334,2.3489637,509,-8.847906440496445,-2.402610331773758,-0.5678705
gp25,h_d5_opp,h_d5_opp >= 5.022,fg_spread_fav,344,8.206109702587128,2.3162544,293,-6.795153766870499,-3.168434277176857,-0.56813073
postdl,a_l10_atsm,a_l10_atsm <= -2.2,h1_spread_away,142,11.564020067453384,2.0795121,302,-8.964360505342484,-3.129446506500244,-0.56948245
postdl,h_l10_atsm,h_l10_atsm <= -3.25,fg_ml_home,178,9.614869207143784,2.1092255,226,-14.093783497810364,-3.687376528978348,-0.56983346
all,gbr_dog,gbr_dog < 0,fg_spread_fav,417,5.778991058468819,2.0084717,372,-8.138710260391235,-2.8245165944099426,-0.57064766
all,h_s2d_oum,h_s2d_oum >= 2.204,fg_ml_away,711,5.483042076230049,2.053639,593,-7.2266727685928345,-3.134102374315262,-0.5713904
mid,a_s2d_over,a_s2d_over <= 0.4333,fg_total_over,182,20.63399702310562,3.1329894,194,-12.422174215316772,-3.9268694818019867,-0.57356185
all,a_d3_margin,a_d3_margin <= -9.842,fg_spread_dog,235,10.530680418014526,2.5640783,255,-7.113778591156006,-3.4337062388658524,-0.5739423
veryLate,d_l3_cover,d_l3_cover >= 0.3333,fg_ml_away,175,29.669979214668274,2.1761796,176,-16.03253334760666,-5.674435198307037,-0.57557774
stretch,t4_total_point,t4_total_point <= 219.5,fg_total_over,232,7.798027992248535,2.4821198,183,-2.9575806111097336,-4.058750718832016,-0.576208
early,gbr_fav,gbr_fav < 0,fg_spread_home,153,12.390925735235214,2.022861,169,-3.927648812532425,-4.234056919813156,-0.5770807
stretch,st_d_l10,st_d_l10 < 0,fg_spread_home,501,1.3698749244213104,2.161779,481,-3.86313796043396,-2.5124285370111465,-0.5772478
mid,a_s2d_over,a_s2d_over <= 0.4545,fg_total_over,271,12.716962397098541,2.4569669,258,-11.948060989379883,-3.452756255865097,-0.58157897
postdl,a_l5_h1m,a_l5_h1m >= 3,tt_away_under,151,6.428477168083191,2.0207005,298,-9.9274642765522,-3.221287578344345,-0.58467394
late,a_l5_h1m,a_l5_h1m > 0,fg_total_under,301,17.336151003837585,2.1184292,291,-10.112951695919037,-3.273896872997284,-0.58512753
mid,a_l10_h1t,a_l10_h1t >= 119.7,fg_total_under,185,7.324124127626419,2.122734,153,-5.133132264018059,-4.545430466532707,-0.5893923
gp25,h_l5_h1m,h_l5_h1m >= 4.8,fg_total_under,355,9.168905019760132,2.5213108,404,-9.259092062711716,-2.813795953989029,-0.5925027
postdl,h_s2d_opp,h_s2d_opp <= 112.4,tt_away_over,139,13.749362528324127,2.0244374,347,-6.367030739784241,-3.039606288075447,-0.5962828
all,d_l10_cover,d_l10_cover <= -0.3,fg_ml_home,249,12.422256171703339,2.5405197,267,-10.62898263335228,-3.7692375481128693,-0.5974401
gp25,a_l5_oum,a_l5_oum >= 11.2,fg_spread_away,172,12.087234109640121,2.0032237,139,-10.755211859941483,-4.878139868378639,-0.6023728
postdl,d_l3_atsm,d_l3_atsm >= 9.333,fg_ml_away,177,28.5597026348114,2.5446258,207,-16.73070639371872,-5.408315360546112,-0.6040332
mid,h_d5_over,h_d5_over <= -0.175,fg_ml_away,183,12.359799444675446,2.284754,202,-3.353472054004669,-5.831919610500336,-0.6045527
all,h_d3_h1t,h_d3_h1t >= 3.623,fg_ml_fav,711,2.848653681576252,2.2091892,685,-6.466403603553772,-1.5503816306591034,-0.6053548
postdl,d_l3_atsm,d_l3_atsm < 0,h1_spread_fav,246,8.38431864976883,2.10464,425,-4.819274321198463,-2.8051666915416718,-0.6061575
late,h_d3_h1t,h_d3_h1t <= -3.238,fg_ml_home,187,7.17250183224678,2.0263128,200,-13.689368963241577,-4.1603706777095795,-0.6085659
gp25,a_l5_h1m,a_l5_h1m > 0,tt_away_under,449,-0.2552276710048318,2.095374,822,-8.549780398607254,-2.021156996488571,-0.6093496
gp25,st_d_gb_10,st_d_gb_10 <= -4.95,tt_away_over,293,9.316793829202652,2.0227785,585,-5.869637429714203,-2.393021434545517,-0.60952634
gp25,gbr_d,gbr_d >= 0.1537,tt_away_under,281,2.044314332306385,2.0662868,581,-8.940905332565308,-2.4122819304466248,-0.6114299
all,a_d5_opp,a_d5_opp >= 6.9,fg_ml_away,238,21.62669003009796,3.0646708,218,-9.628763049840927,-5.5361926555633545,-0.6119724
stretch,h_l3_gtot_vs_line,h_l3_gtot_vs_line >= 10.83,fg_ml_fav,233,7.177159935235977,2.5453212,220,-5.653694272041321,-2.6634352281689644,-0.6137083
postdl,open_total_move,open_total_move <= -1.25,tt_home_over,160,4.027737304568291,2.0301015,296,-4.09514419734478,-3.3878687769174576,-0.61438704
stretch,d_s2d_h1m,d_s2d_h1m >= 1.87,tt_away_over,186,10.445889830589294,2.0979748,410,-5.447887629270554,-2.90161669254303,-0.6188745
stretch,st_d_rank,st_d_rank <= -3,tt_away_over,203,10.374418646097183,2.18094,392,-5.519941821694374,-2.9736708849668503,-0.620164
stretch,d_l10_win,d_l10_win < 0,fg_spread_home,499,1.3935836032032967,2.163011,478,-4.059424623847008,-2.7087152004241943,-0.62040216
postdl,st_h_l10,st_h_l10 >= 0.7,fg_spread_away,207,13.445621728897095,2.1477199,264,-11.755753308534622,-3.645293414592743,-0.6208684
postdl,h_d3_h1m,h_d3_h1m >= 5.322,fg_total_under,175,15.63635766506195,2.6440406,197,-13.743031024932861,-4.22554686665535,-0.62211204
stretch,a_l5_atsm,a_l5_atsm >= 4.4,tt_home_under,128,16.555479168891907,2.0144045,261,-12.652614712715149,-3.6617398262023926,-0.62333095
postdl,h_l3_atsm,h_l3_atsm >= 6.167,fg_spread_dog,176,10.64794808626175,2.5407257,208,-14.63456004858017,-4.131115972995758,-0.62495124
all,h_adj_def,h_adj_def >= 114.1,fg_ml_away,743,6.078740581870079,2.2216876,1238,-6.466768682003021,-2.3741982877254486,-0.62541705
gp25,st_d_gb_6,st_d_gb_6 >= 5,tt_away_under,291,3.1629614531993866,2.3050287,575,-9.010779857635498,-2.482156455516815,-0.62588376
mid,a_l10_h1t,a_l10_h1t >= 118.2,fg_total_under,271,5.670780315995216,2.2839081,230,-4.524765163660049,-3.937063366174698,-0.6259218
early,h_l3_win,h_l3_win >= 0.666667,fg_spread_home,181,12.928465008735657,2.2759073,191,-4.016390070319176,-4.322798177599907,-0.62635165
mid,d_l10_oum,d_l10_oum <= -6.44,fg_spread_away,133,9.09791886806488,2.1023462,189,-5.931133031845093,-4.3503157794475555,-0.62636876
all,h_s2d_gtot,h_s2d_gtot >= 234.1,fg_ml_away,474,9.208206832408905,2.2878633,583,-7.560893893241882,-3.4683234989643097,-0.62696934
postdl,a_l3_atsm,a_l3_atsm <= -6.5,fg_ml_away,179,32.054197788238525,2.8856814,206,-16.96144789457321,-5.639056861400604,-0.6282807
postdl,a_l10_atsm,a_l10_atsm <= -3.3,fg_ml_away,177,25.29621422290802,2.2412136,253,-16.429179906845093,-5.106788873672485,-0.63055325
mid,d_d5_win,d_d5_win >= 0.125,h1_spread_away,123,16.251936554908752,2.0730665,294,-1.831413246691227,-3.521624207496643,-0.63375056
gp25,t24_total_point,t24_total_point <= 222.5,fg_total_over,233,9.793437272310257,2.4427369,309,-6.083128601312637,-3.450288623571396,-0.63555354
gp25,open_total_move,open_total_move >= 3,fg_spread_fav,189,11.111351102590561,2.1353195,274,-7.302497327327728,-3.6757778376340866,-0.637374
gp25,h_s2d_oum,h_s2d_oum >= 2.886,fg_ml_away,350,14.069871604442596,2.1043851,230,-9.19497236609459,-5.666846036911011,-0.63768125
all,a_l10_own,a_l10_own <= 110.2,fg_total_over,440,5.004759877920151,2.038027,470,-4.956500977277756,-2.8122875839471817,-0.6389575
all,a_d3_gtot,a_d3_gtot <= -13.7,tt_away_under,158,5.264801159501076,2.072002,251,-9.931472688913345,-3.840848058462143,-0.64004165
all,a_l5_gtot,a_l5_gtot <= 215.2,fg_total_over,239,10.237327218055725,2.3494766,200,-6.468692421913147,-4.324479028582573,-0.6409322
stretch,h2h_prev_margin_h,h2h_prev_margin_h > 0,tt_away_over,250,9.370505064725876,2.2517133,469,-5.356021225452423,-2.8097502887248993,-0.6409509
postdl,d_l3_atsm,d_l3_atsm > 0,h1_spread_dog,212,9.894752502441406,2.2654903,499,-9.693504869937897,-2.7453988790512085,-0.64227456
gp25,t4_total_point,t4_total_point <= 217,fg_total_over,183,11.631322652101517,2.425298,173,-7.294521480798721,-4.66168150305748,-0.6425148
postdl,d_l5_atsm,d_l5_atsm <= -6.43,fg_spread_fav,172,14.34084177017212,2.1716008,212,-2.737937867641449,-4.218554124236107,-0.64473915
all,gbr_d,gbr_d >= 0.0767,tt_away_under,382,-0.0014167805602482986,2.1438572,770,-8.302531391382217,-2.211906760931015,-0.6455895
gp50,h_l10_atsm,h_l10_atsm > 0,h1_spread_away,228,9.55079048871994,2.103841,476,-8.046665042638779,-2.8265316039323807,-0.6457568
stretch,h2h_prev_margin_h,h2h_prev_margin_h >= 7,tt_away_over,165,16.50647073984146,2.802724,323,-5.97665049135685,-3.430379554629326,-0.6494027
all,d_d5_margin,d_d5_margin <= -7.2,tt_home_under,261,7.0223502814769745,2.2386034,483,-8.799907565116882,-2.813347801566124,-0.6509404
veryLate,d_d3_atsm,d_d3_atsm <= -5.055,fg_spread_fav,156,17.48519241809845,2.3812175,146,0.6805517245084047,-5.12239895761013,-0.65219706
gp25,st_d_gb_10,st_d_gb_10 > 0,tt_away_under,430,0.1286701881326735,2.1349518,815,-8.707938343286514,-2.1793149411678314,-0.6542284
gp25,a_trav_tz,a_trav_tz <= -1,h1_spread_dog,191,8.744562417268753,2.0122597,382,-5.349728465080261,-3.204570710659027,-0.6557852
gp50,st_h_l10,st_h_l10 >= 0.7,fg_spread_away,232,13.564138114452362,2.3626263,270,-11.579491198062897,-3.8091719150543213,-0.65600884
gp50,h_l10_win,h_l10_win >= 0.7,fg_spread_away,230,12.061534076929092,2.1135447,270,-11.579491198062897,-3.8091719150543213,-0.65600884
stretch,pair_l3_gtot_vs_line,pair_l3_gtot_vs_line <= -6.5,fg_ml_home,235,7.612030953168869,2.1581993,188,-15.782347321510315,-4.7515347599983215,-0.6616968
gp25,h_d3_win,h_d3_win <= -0.2427,fg_spread_fav,348,9.718412905931473,2.6252491,329,-7.129170745611191,-3.502451255917549,-0.66548735
all,h_d3_oum,h_d3_oum <= -8.753,h1_spread_away,222,10.728297382593155,2.5036716,420,-6.282219290733337,-3.108857199549675,-0.66714424
mid,pair_l5_margin_vs_line,pair_l5_margin_vs_line <= -8.55,h1_spread_dog,126,6.040216609835625,2.0734432,244,-4.4923413544893265,-4.081251472234726,-0.6679898
late,a_d5_gtot,a_d5_gtot <= -7.4,fg_ml_home,125,10.752660036087036,2.0540664,125,-15.331773459911346,-5.802775174379349,-0.6710445
mid,st_a_gb_10,st_a_gb_10 <= -4.5,fg_total_under,194,7.263359427452087,2.1648839,262,-4.562004655599594,-3.9743028581142426,-0.6743655
postdl,a_d3_margin,a_d3_margin <= -6.854,fg_ml_dog,176,24.61501955986023,2.1447902,224,-28.588327765464783,-6.684902310371399,-0.6761643
gp25,open_total_move,open_total_move >= 2,h1_spread_fav,200,9.465054422616959,2.055121,447,-9.925388544797897,-3.0641689896583557,-0.6791223
late,a_d5_opp,a_d5_opp <= -4.377,fg_ml_home,125,10.942620038986206,2.075151,132,-15.254734456539154,-5.725736171007156,-0.68042284
all,st_d_gb_6,st_d_gb_6 >= 3.5,tt_away_under,388,-0.16356350388377905,2.12718,773,-8.421190828084946,-2.3305661976337433,-0.68154645
all,d_s2d_over,d_s2d_over >= 0.0796,h1_total_over,246,10.787662118673325,2.5315723,523,-6.309740245342255,-2.8469499200582504,-0.6826979
gp25,st_d_gb_10,st_d_gb_10 < 0,tt_away_over,428,7.404959946870804,2.0246615,852,-5.705039948225021,-2.2284239530563354,-0.68499213
mid,d_s2d_oum,d_s2d_oum <= -2.377,fg_total_under,264,4.8553746193647385,2.1153557,276,-4.529642686247826,-3.941940888762474,-0.6865124
gp50,d_d5_margin,d_d5_margin <= -7.538,fg_spread_fav,199,15.131998062133789,2.4203613,226,-2.018045261502266,-4.349926859140396,-0.6868438
all,d_s2d_win,d_s2d_win > 0,tt_away_over,552,6.645443290472031,2.0908475,1142,-5.840565264225006,-1.934850960969925,-0.6883677
gp50,d_l3_atsm,d_l3_atsm > 0,h1_spread_dog,227,10.18601655960083,2.3608081,503,-9.663906693458557,-2.933385968208313,-0.6890384
gp25,h_d5_h1m,h_d5_h1m >= 6.4,fg_total_under,174,15.20376056432724,2.5991693,183,-11.319497227668762,-4.874201118946075,-0.69077414
mid,h_d5_over,h_d5_over <= -0.175,fg_ml_dog,183,17.126163840293884,2.4006295,202,-2.6979437097907066,-7.853022962808609,-0.69219124
postdl,d_l10_cover,d_l10_cover <= -0.2,fg_spread_fav,228,13.038940727710724,2.2941885,230,-2.872353233397007,-4.35296930372715,-0.6929502
gp25,pair_l3_oum,pair_l3_oum >= 6.917,tt_away_over,139,16.646020114421844,2.3110225,329,-7.105668634176254,-3.6290526390075684,-0.69320095
postdl,st_d_l10,st_d_l10 > 0,fg_spread_dog,375,3.343633934855461,2.2262585,399,-13.816170394420624,-3.312726318836212,-0.6940953
all,h_d5_opp,h_d5_opp >= 7.161,fg_spread_fav,233,8.968748897314072,2.0113919,183,-10.214418172836304,-4.900224506855011,-0.6943748
all,a_l10_gtot,a_l10_gtot >= 241,fg_total_under,217,8.218903094530106,2.0116875,201,-11.63119524717331,-4.697968065738678,-0.697857
gp50,d_l3_atsm,d_l3_atsm < 0,h1_spread_fav,268,7.977480441331863,2.1683528,432,-5.480462685227394,-3.234953060746193,-0.7047322
all,t24_total_point,t24_total_point >= 236.5,fg_total_under,325,6.325554847717285,2.1043296,304,-10.805848985910416,-3.8726218044757843,-0.7074573
gp25,d_s2d_own,d_s2d_own >= 6.347,fg_ml_away,175,22.069625556468964,2.2591596,211,-10.097884386777878,-6.569758057594299,-0.7080908
all,a_l5_atsm,a_l5_atsm >= 4.9,fg_total_under,460,5.003660172224045,2.2065043,490,-9.989461302757263,-3.056234121322632,-0.70883155
all,h_d5_atsm,h_d5_atsm < 0,fg_spread_fav,1159,2.302110940217972,2.1084216,1125,-7.334020733833313,-2.0198270678520203,-0.70964783
stretch,h_l5_opp,h_l5_opp >= 118.4,tt_away_under,141,8.604059368371964,2.0188336,349,-11.120017617940903,-3.6285102367401123,-0.7129561
all,d_d5_h1m,d_d5_h1m >= 5.321,tt_home_under,233,6.592819839715958,2.0463204,495,-9.030581265687943,-3.044021502137184,-0.71300834
late,a_adj_off,a_adj_off >= 115.8,fg_spread_fav,122,14.232614636421204,2.06457,124,-13.768292963504791,-6.121722608804703,-0.71445453
all,a_l5_win,a_l5_win == 1,fg_total_under,125,14.545457065105438,2.2678244,140,-12.720827758312225,-5.787600576877594,-0.71749836
postdl,a_d5_h1m,a_d5_h1m >= 2.364,fg_spread_fav,259,13.510876893997192,2.5247967,288,-2.5580210611224174,-4.03863713145256,-0.71942174
stretch,h_s2d_gtot,h_s2d_gtot <= 224.5,tt_away_over,165,10.72060763835907,2.0134695,245,-6.917911767959595,-4.371640831232071,-0.7207724
mid,d_d3_h1t,d_d3_h1t < 0,fg_ml_dog,468,6.419896334409714,2.2299266,452,-0.3181860549375415,-5.473265051841736,-0.7216544
mid,d_gp_prior,d_gp_prior >= 1,fg_total_under,347,3.434530645608902,2.1477835,353,-4.258806258440018,-3.671104460954666,-0.7230492
postdl,d_l10_win,d_l10_win > 0,fg_spread_dog,374,3.1095022335648537,2.1758347,404,-13.937707245349884,-3.4342631697654724,-0.72405463
stretch,st_d_rank,st_d_rank < 0,tt_away_over,268,8.851846307516098,2.241197,535,-5.523558333516121,-2.977287396788597,-0.72538453
all,d_l10_atsm,d_l10_atsm >= 2.95,h1_spread_away,338,6.05754628777504,2.1885974,730,-5.740179866552353,-2.5668177753686905,-0.72619087
postdl,d_d5_win,d_d5_win >= 0.2504,fg_ml_away,176,23.554524779319763,2.0734038,215,-17.706283926963806,-6.383892893791199,-0.72663856
all,a_l10_margin,a_l10_margin <= -9,h1_spread_dog,134,8.353208750486374,2.0077477,278,-6.48999959230423,-4.168138653039932,-0.7275843
all,d_rest_days,d_rest_days <= -1,tt_away_over,256,10.894254595041275,2.154359,513,-6.958469748497009,-3.052755445241928,-0.7279317
gp50,t24_total_point,t24_total_point <= 223,fg_total_over,193,8.806401491165161,2.125969,170,-4.535548388957977,-5.326058715581894,-0.7286042
mid,d_d3_h1t,d_d3_h1t >= 4.712,fg_ml_fav,272,8.44278484582901,2.3613834,280,-10.529810935258865,-3.0360452830791473,-0.7289776
postdl,d_rest_days,d_rest_days <= -1,fg_total_over,163,10.099980980157852,2.1062565,196,-4.530399292707443,-4.971114173531532,-0.73005646
all,a_l3_atsm,a_l3_atsm <= -6.167,fg_ml_away,491,8.204317837953568,2.1609242,534,-8.312393724918365,-4.219823330640793,-0.7300579
postdl,a_d3_atsm,a_d3_atsm <= -6.116,fg_ml_away,176,24.937506020069122,2.2016182,214,-17.76372939348221,-6.441338360309601,-0.7314701
postdl,a_l5_margin_vs_need,a_l5_margin_vs_need >= 9,fg_total_under,178,11.551844328641891,2.0956876,229,-14.136135578155518,-4.618651419878006,-0.73313767
gp25,h_l3_gtot_vs_line,h_l3_gtot_vs_line >= 10.4,fg_spread_fav,342,6.614796817302704,2.0011947,312,-7.603958249092102,-3.9772387593984604,-0.73591673
stretch,st_d_win_pct,st_d_win_pct > 0,tt_away_over,275,10.218695551156998,2.510988,549,-5.535782873630524,-2.989511936903,-0.73783135
gp50,d_l10_atsm,d_l10_atsm < 0,h1_spread_home,261,6.695596128702164,2.0960855,452,-7.095521688461304,-3.336484357714653,-0.74325275
gp50,open_total_point,open_total_point <= 219.5,fg_total_over,204,10.428064316511154,2.428367,141,-5.198555067181587,-5.989065393805504,-0.7461564
veryLate,h_d3_over,h_d3_over <= -0.1404,fg_total_under,155,5.923757329583168,2.0409267,167,-19.9631467461586,-5.483277142047882,-0.74632174
all,a_l3_opp,a_l3_opp <= 107.3,fg_spread_fav,475,5.326895788311958,2.0403836,468,-8.611320704221725,-3.2971270382404327,-0.7471556
stretch,h_l10_win,h_l10_win >= 0.7,tt_away_over,146,12.25888654589653,2.0913846,311,-6.572216749191284,-4.02594581246376,-0.74785733
gp25,d_l5_opp,d_l5_opp >= 8.6,tt_away_under,188,4.570886865258217,2.0573635,342,-10.382270067930222,-3.8536466658115387,-0.7494032
postdl,d_d3_atsm,d_d3_atsm <= -5.623,fg_spread_fav,262,10.762963443994522,2.0731444,277,-2.827460691332817,-4.308076947927475,-0.7526201
gp25,a_rest_days,a_rest_days >= 3,h1_spread_fav,142,13.951875269412994,2.2933059,284,-11.138461530208588,-4.277241975069046,-0.7556219
stretch,d_l10_h1t,d_l10_h1t <= -6.44,fg_spread_home,223,6.990187615156174,2.3220072,204,-6.412073969841003,-5.06136454641819,-0.75731885
veryLate,open_total_move,open_total_move > 0,tt_home_under,125,11.780597269535065,2.1953816,223,-18.91501545906067,-4.801581799983978,-0.758541
gp50,d_l10_cover,d_l10_cover <= -0.2,fg_spread_fav,260,13.8117715716362,2.5434055,229,-2.448214963078499,-4.780096560716629,-0.7597596
all,h_s2d_margin,h_s2d_margin <= -3.784,fg_spread_away,465,5.931476876139641,2.380466,625,-8.658270537853241,-2.914944663643837,-0.7630644
all,st_d_gb_1,st_d_gb_1 >= 3.5,tt_away_under,396,0.676014693453908,2.3239655,800,-8.659900724887848,-2.5692760944366455,-0.76436365
all,a_d5_opp,a_d5_opp >= 6.9,fg_spread_away,237,9.531310945749283,2.279941,216,-10.729486495256424,-4.98616062104702,-0.76733315
gp50,d_l10_cover,d_l10_cover <= -0.1,fg_spread_fav,296,10.286467522382736,2.0779886,273,-2.0988231524825096,-4.430704563856125,-0.7689107
all,st_h_gb_1,st_h_gb_1 <= 0.5,fg_spread_dog,255,8.60460102558136,2.3488407,187,-9.053661674261093,-5.37358932197094,-0.7691663
veryLate,d_d3_h1m,d_d3_h1m >= 5.373,fg_spread_dog,156,10.167234390974045,2.4291,145,-20.962335169315338,-6.096164882183075,-0.7733961
stretch,h_d5_opp,h_d5_opp >= 4.544,fg_spread_fav,226,10.652779787778854,2.0347323,237,-6.542201340198517,-4.796680808067322,-0.7738642
postdl,d_l10_oum,d_l10_oum >= 4.387,fg_spread_fav,252,11.372752487659454,2.1346636,235,-3.3339951187372208,-4.814611375331879,-0.77472514
gp50,pair_l5_gtot_vs_line,pair_l5_gtot_vs_line <= -4.6,fg_total_under,199,10.32027080655098,2.0104039,161,-15.762870013713837,-5.895424634218216,-0.78481483
all,a_l10_gtot,a_l10_gtot <= 216.9,fg_total_over,218,15.602141618728638,3.0736861,170,-7.921531051397324,-5.77731765806675,-0.7894307
gp50,h_d3_over,h_d3_over <= -0.1494,fg_total_under,299,8.540919423103333,2.141937,333,-13.994473218917847,-4.127027839422226,-0.7901302
stretch,t60_total_point,t60_total_point <= 219.5,fg_total_over,230,11.225520074367523,3.016229,180,-4.512672498822212,-5.613842606544495,-0.7904198
mid,h_l3_margin,h_l3_margin < 0,fg_ml_away,445,2.9770560562610626,2.026054,457,-2.5940367951989174,-5.072484537959099,-0.79090756
stretch,st_d_gb_10,st_d_gb_10 <= -10,tt_away_over,142,12.83586323261261,2.1355512,278,-7.05903172492981,-4.512760788202286,-0.7925658
stretch,a_d3_margin,a_d3_margin <= -3.705,fg_ml_away,343,16.349337995052338,2.0119295,410,-11.048971116542816,-5.23756667971611,-0.7941304
postdl,h_d3_over,h_d3_over <= -0.1481,fg_total_under,264,9.19421836733818,2.1508925,334,-13.680391013622284,-4.162906855344772,-0.79803616
postdl,h_d3_atsm,h_d3_atsm >= 5.755,fg_spread_dog,174,8.616199344396591,2.2453716,213,-15.733955800533295,-5.230511724948883,-0.8007207
all,a_s2d_oum,a_s2d_oum <= -2.608,tt_away_over,136,23.415254056453705,3.1392713,295,-8.344177156686783,-4.438462853431702,-0.8025711
gp50,open_total_move,open_total_move <= -1.5,tt_home_over,167,5.267028510570526,2.3465152,298,-5.373987928032875,-4.421448335051537,-0.80443805
gp25,t4_total_point,t4_total_point <= 224.2,fg_total_over,520,3.1743787229061127,2.0679576,514,-6.019546091556549,-3.3867061138153076,-0.8045936
stretch,st_h_l10,st_h_l10 >= 0.7,tt_away_over,146,12.25888654589653,2.0913846,310,-6.8866729736328125,-4.340402036905289,-0.8049732
stretch,a_d5_h1m,a_d5_h1m >= 2.366,fg_spread_fav,336,9.66213345527649,2.290678,335,-5.964868888258934,-4.219347983598709,-0.8093149
gp25,a_days_since_home,a_days_since_home >= 7,tt_away_under,208,4.497193545103073,2.1527655,372,-10.520929843187332,-3.9923064410686493,-0.80970335
mid,a_d3_atsm,a_d3_atsm >= 4.372,tt_away_over,130,21.72163724899292,2.167568,242,-9.65360701084137,-4.947711154818535,-0.8102682
all,t4_total_point,t4_total_point <= 220.5,fg_total_over,496,5.077940970659256,2.1809103,446,-5.813339352607727,-3.669125959277153,-0.81206983
stretch,st_d_gb_6,st_d_gb_6 < 0,tt_away_over,276,9.821690618991852,2.445507,541,-5.874781683087349,-3.328510746359825,-0.8154911
gp25,h_s2d_gtot,h_s2d_gtot >= 234.3,fg_ml_dog,350,17.333093285560608,2.3612423,374,-14.033031463623047,-6.60441517829895,-0.81986773
late,d_s2d_h1t,d_s2d_h1t <= -2.499,fg_spread_home,181,7.564014196395874,2.1079798,191,-7.974812388420105,-5.6740399450063705,-0.8211331
mid,d_d5_atsm,d_d5_atsm >= 3.625,h1_spread_away,136,17.708085477352142,2.3579803,301,-2.8263168409466743,-4.5165278017520905,-0.8224124
gp50,h_venues_7d,h_venues_7d == 3,tt_home_over,126,5.051838606595993,2.0125666,323,-5.298922210931778,-4.3463826179504395,-0.82328296
stretch,d_s2d_win,d_s2d_win > 0,tt_away_over,279,8.688168227672577,2.257696,549,-5.88352307677269,-3.337252140045166,-0.82365596
stretch,pair_l5_gtot_vs_line,pair_l5_gtot_vs_line <= -4.9,fg_ml_home,230,7.491854578256607,2.118501,200,-16.7815700173378,-5.750757455825806,-0.82601184
all,h_trav_km,h_trav_km >= 1755,fg_ml_dog,252,14.168718457221985,2.0859523,263,-13.921482861042023,-7.8867509961128235,-0.8260577
gp25,a_l10_gtot,a_l10_gtot <= 217.5,fg_total_over,174,9.722709655761719,2.1011536,143,-9.229402989149094,-6.596563011407852,-0.82661486
stretch,st_d_gb_10,st_d_gb_10 < 0,tt_away_over,282,7.475230842828751,2.0534952,559,-5.87490126490593,-3.3286303281784058,-0.8289762
gp50,h_s2d_h1t,h_s2d_h1t <= 113,tt_away_over,193,12.379216402769089,2.1131454,257,-7.449213415384293,-4.917670413851738,-0.83024865
gp50,open_total_point,open_total_point <= 223,fg_total_over,298,6.3455067574977875,2.196665,222,-4.526527598500252,-5.317037925124168,-0.8312038
postdl,gbr_a,gbr_a <= -0.2741,fg_total_over,175,10.181821882724762,2.1937532,168,-5.68651407957077,-6.127228960394859,-0.8330928
all,d_l10_atsm,d_l10_atsm > 0,h1_spread_away,522,3.418530151247978,2.087409,1089,-5.5931877344846725,-2.41982564330101,-0.83616567
stretch,st_d_l10,st_d_l10 > 0,fg_spread_dog,476,3.4727979451417923,2.3542447,470,-10.968507826328278,-3.697603940963745,-0.8395383
stretch,st_d_gb_1,st_d_gb_1 > 0,tt_away_under,286,4.8846181482076645,2.208618,530,-10.970553755760193,-3.4790463745594025,-0.8424028
stretch,h_l5_over,h_l5_over == 0.8,fg_ml_home,169,13.11357319355011,2.4822133,168,-17.447826266288757,-6.417013704776764,-0.8447609
all,d_d3_win,d_d3_win >= 0.4929,fg_ml_away,236,13.274912536144257,2.0850618,252,-11.205487698316574,-7.1129173040390015,-0.8453576
all,t60_total_point,t60_total_point <= 216.7,fg_total_over,244,7.980076223611832,2.0045516,205,-7.78641551733017,-5.642202123999596,-0.84662074
gp50,d_l5_atsm,d_l5_atsm <= -6.5,fg_spread_fav,197,12.437190860509872,2.0116765,213,-3.2004758715629578,-5.532357096672058,-0.8480507
gp25,t60_total_point,t60_total_point <= 224,fg_total_over,525,2.919040620326996,2.016584,517,-6.195622310042381,-3.5627827048301697,-0.8488913
gp25,h_d3_opp,h_d3_opp >= 3.822,fg_spread_fav,514,4.734896868467331,2.006817,472,-7.392893731594086,-3.766174241900444,-0.8571191
early,h_d3_opp,h_d3_opp > 0,fg_spread_away,157,10.749293118715286,2.1650727,150,-15.93625694513321,-6.679593771696091,-0.85721904
stretch,gbr_d,gbr_d < 0,tt_away_over,278,8.35215151309967,2.19415,544,-6.047355383634567,-3.5010844469070435,-0.86014694
stretch,st_d_gb_10,st_d_gb_10 > 0,tt_away_under,285,3.966919705271721,2.0405653,520,-11.085498332977295,-3.5939909517765045,-0.8619863
all,st_d_playin_edge,st_d_playin_edge >= 3,tt_away_over,407,8.338223397731781,2.1623142,855,-6.722666323184967,-2.816952019929886,-0.8671664
stretch,d_s2d_win,d_s2d_win < 0,tt_away_under,294,3.956255316734314,2.0705965,535,-11.066272854804993,-3.5747654736042023,-0.8696533
stretch,st_d_playin_edge,st_d_playin_edge >= 6,tt_away_over,195,10.056912153959274,2.0904496,407,-6.643301993608475,-4.097031056880951,-0.8706369
gp25,d_d5_h1m,d_d5_h1m >= 8.917,fg_total_under,172,14.323471486568451,2.463236,194,-12.413498759269714,-5.968202650547028,-0.8708664
stretch,d_d5_atsm,d_d5_atsm <= -3.671,fg_spread_fav,337,8.19878876209259,2.012565,356,-6.155790016055107,-4.410269111394882,-0.87204695
all,st_d_gb_10,st_d_gb_10 >= 3,tt_away_under,418,-0.5296752788126469,2.129497,826,-8.984078466892242,-2.89345383644104,-0.8746833
gp25,a_s2d_gtot,a_s2d_gtot >= 236.5,fg_total_under,173,13.677233457565308,2.3813353,232,-11.927773803472519,-5.482477694749832,-0.87483865
gp50,d_l10_cover,d_l10_cover <= -0.1,fg_ml_home,299,6.061181426048279,2.4113,276,-16.782627999782562,-5.0651900470256805,-0.87696826
all,gbr_dog,gbr_dog < 0,fg_spread_home,417,5.775820463895798,2.185378,372,-7.593657076358795,-4.342684894800186,-0.87713903
stretch,d_l10_win,d_l10_win > 0,fg_spread_dog,475,2.886807359755039,2.2179468,473,-11.129575222730637,-3.858671337366104,-0.87890023
late,d_l10_cover,d_l10_cover <= -0.2,fg_spread_fav,173,11.439810693264008,2.07364,141,-14.742080867290497,-7.095510512590408,-0.883046
all,h_l5_cover,h_l5_cover == 0.2,fg_spread_away,381,7.7642276883125305,2.5294704,403,-9.949105232954025,-4.205779358744621,-0.8840765
postdl,d_l10_oum,d_l10_oum > 0,fg_ml_fav,440,2.353314496576786,2.029526,447,-2.4185486137866974,-2.615578845143318,-0.8845355
gp25,h_d3_h1t,h_d3_h1t >= 5.694,fg_ml_fav,350,7.110302150249481,3.1404877,346,-7.68202543258667,-3.1699035316705704,-0.8872317
postdl,h_s2d_h1t,h_s2d_h1t <= 113,tt_away_over,175,12.07745224237442,2.0364866,252,-8.636750280857086,-5.3093258291482925,-0.8875848
gp50,a_d5_h1m,a_d5_h1m >= 2.246,fg_spread_fav,293,13.376042246818542,2.6218088,294,-2.598581835627556,-4.930463433265686,-0.8879392
veryLate,a_l10_opp,a_l10_opp >= 116.5,fg_spread_dog,157,7.02304020524025,2.0238526,221,-20.537176728248596,-5.671006441116333,-0.8882138
gp25,d_s2d_gtot,d_s2d_gtot <= -11.3,fg_total_under,173,11.455599963665009,2.0751963,152,-13.331583142280579,-6.886287033557892,-0.8894346
stretch,st_d_l10,st_d_l10 >= 0.2,tt_away_over,188,11.184241622686386,2.2167342,354,-7.05031082034111,-4.504039883613586,-0.8926362
gp25,t60_total_point,t60_total_point <= 221.5,fg_total_over,360,5.000146105885506,2.0835583,396,-6.940887868404388,-4.308047890663147,-0.89835006
stretch,d_l10_cover,d_l10_cover <= -0.2,fg_spread_fav,305,13.291525840759277,2.8466983,259,-7.113742828369141,-5.368222296237946,-0.90537846
all,open_total_point,open_total_point <= 217.5,fg_total_over,266,10.532647371292114,2.529095,214,-8.09028148651123,-5.946068093180656,-0.9115911
all,a_l5_oum,a_l5_oum >= 11.19,fg_ml_away,221,14.589819312095642,2.1649935,191,-12.90651559829712,-8.813945204019547,-0.9119677
stretch,d_l10_cover,d_l10_cover <= -0.1,fg_spread_fav,343,10.199879109859467,2.4187853,305,-6.737038493156433,-4.991517961025238,-0.91355
late,a_l5_margin,a_l5_margin >= 6.6,fg_total_under,124,23.16715270280838,2.043918,153,-13.8980433344841,-7.058988511562347,-0.9148024
all,a_s2d_atsm,a_s2d_atsm >= 3.27,fg_spread_home,231,9.976153075695038,2.2951553,231,-9.020081162452698,-5.769108980894089,-0.918234
gp50,d_d3_atsm,d_d3_atsm <= -5.629,fg_spread_fav,297,11.214379966259003,2.2491283,283,-2.868332155048847,-5.2002135664224625,-0.9188322
gp50,h_l10_atsm,h_l10_atsm <= -2.062,h1_spread_home,157,10.661271959543228,2.147131,291,-8.901944011449814,-5.142906680703163,-0.91924936
gp25,a_km_14d,a_km_14d <= 4187,fg_ml_dog,351,17.438696324825287,2.3770661,296,-15.756751596927643,-8.328135311603546,-0.9197446
stretch,h_d3_over,h_d3_over <= -0.1539,fg_total_under,342,9.409976750612259,2.0826726,374,-14.734911918640137,-4.558584094047546,-0.9250375
gp50,a_d5_h1m,a_d5_h1m >= 2.246,fg_ml_fav,299,4.232171177864075,2.0418754,296,-2.7279822155833244,-3.3612318336963654,-0.9271314
postdl,d_l10_atsm,d_l10_atsm < 0,h1_spread_home,245,9.009411931037903,2.1814091,451,-7.3000602424144745,-4.168675094842911,-0.9276217
stretch,t24_total_point,t24_total_point <= 219.5,fg_total_over,143,10.804825276136398,2.3255796,125,-6.819557398557663,-7.9207271337509155,-0.9293545
all,a_l3_cover,a_l3_cover == 1,tt_home_under,132,12.794066965579987,2.2878313,284,-11.235429346561432,-5.2488695830106735,-0.9312562
gp50,d_l10_atsm,d_l10_atsm > 0,h1_spread_away,236,9.901340305805206,2.1969326,472,-9.317352622747421,-4.097219184041023,-0.93212
all,d_d3_atsm,d_d3_atsm <= -13.69,tt_home_under,135,12.913505733013153,2.3282452,226,-11.885790526866913,-5.8992307633161545,-0.93367094
all,h_d3_h1m,h_d3_h1m <= -8.067,fg_spread_home,232,8.651512116193771,2.0888033,213,-9.384328871965408,-6.133356690406799,-0.93740374
postdl,h_s2d_gtot,h_s2d_gtot >= 234.8,fg_ml_dog,176,24.00852143764496,2.0969741,165,-32.765161991119385,-10.861736536026001,-0.942919
all,d_l5_win,d_l5_win >= 0.2,fg_total_over,698,3.1165584921836853,2.044316,749,-5.438746139407158,-3.294532746076584,-0.9449265
late,a_s2d_gtot,a_s2d_gtot <= 225.7,fg_spread_away,183,16.82146191596985,2.6269882,183,-13.365291059017181,-6.686229258775711,-0.9473616
gp50,d_l5_atsm,d_l5_atsm <= -4.175,fg_spread_fav,293,11.424170434474945,2.271575,295,-2.931474894285202,-5.263356119394302,-0.9495013
mid,a_days_since_home,a_days_since_home <= 2,h1_spread_away,132,17.03018695116043,2.241355,303,-3.5217922180891037,-5.212002992630005,-0.9521988
gp25,a_l3_opp,a_l3_opp <= 108,fg_spread_fav,366,7.457170635461807,2.2390606,385,-8.262145519256592,-4.63542602956295,-0.95277375
all,t24_total_point,t24_total_point <= 217,fg_total_over,166,16.165629029273987,2.7582195,156,-9.432487934827805,-7.288274168968201,-0.9540042
postdl,d_l10_atsm,d_l10_atsm <= -3,fg_spread_fav,262,11.488756537437439,2.196288,288,-3.8872361183166504,-5.367852374911308,-0.9562012
stretch,st_d_playin_edge,st_d_playin_edge < 0,tt_away_under,289,3.828435018658638,2.029885,516,-11.49737760424614,-4.005870223045349,-0.9570694
stretch,st_d_win_pct,st_d_win_pct < 0,tt_away_under,295,6.190526857972145,2.4808066,535,-11.426258832216263,-3.9347514510154724,-0.95722914
all,h_l10_oum,h_l10_oum <= -4.5,tt_home_under,215,7.5696490705013275,2.1159854,416,-10.456978529691696,-4.470418766140938,-0.95992905
mid,h_d3_win,h_d3_win <= -0.24,fg_spread_fav,181,12.867671251296997,2.0728276,167,-15.360359847545624,-7.092707604169846,-0.9606646
stretch,st_d_playin_edge,st_d_playin_edge > 0,tt_away_over,279,7.994891703128815,2.1347213,566,-6.386616080999374,-3.8403451442718506,-0.96238554
gp25,d_l5_win,d_l5_win >= 0.4,tt_away_over,139,16.63237065076828,2.3093133,324,-8.577442914247513,-5.100826919078827,-0.9668988
veryLate,open_total_move,open_total_move < 0,tt_home_over,126,13.901756703853607,2.2048187,217,-2.522885426878929,-6.227139011025429,-0.9695491
gp25,d_l10_own,d_l10_own <= -6.6,fg_ml_home,351,5.7066697627305984,2.0495815,337,-13.8710156083107,-5.453813076019287,-0.9760585
gp25,d_l3_gtot,d_l3_gtot > 0,fg_spread_fav,846,2.9028628021478653,2.0163367,812,-6.904169172048569,-3.277449682354927,-0.9783265
gp50,h_l5_over,h_l5_over == 0.8,fg_ml_home,153,9.544530510902405,2.121735,154,-19.303442537784576,-7.586004585027695,-0.9810861
late,a_l5_h1m,a_l5_h1m >= 4.6,fg_spread_fav,122,18.917709589004517,2.606763,138,-15.63483476638794,-7.988264411687851,-0.9835175
gp50,h_d5_over,h_d5_over >= 0.1634,fg_ml_home,201,9.106236696243286,2.3746552,215,-18.15643161535263,-6.438993662595749,-0.9839451
gp25,a_d5_over,a_d5_over >= 0.1189,fg_total_over,521,2.9672272503376007,2.0204098,500,-6.836880743503571,-4.204040765762329,-0.9850753
gp50,a_d5_h1m,a_d5_h1m >= 3.575,fg_ml_fav,200,6.496702879667282,2.143443,229,-3.439795970916748,-4.073045775294304,-0.98817533
gp25,d_s2d_over,d_s2d_over >= 0.06601,h1_total_over,184,9.84809324145317,2.2563071,426,-8.265221863985062,-4.5711856335401535,-0.9895689
stretch,st_d_rank,st_d_rank > 0,tt_away_under,293,4.34844009578228,2.1382167,525,-11.597776412963867,-4.106269031763077,-0.989575
gp25,h_l10_gtot_vs_line,h_l10_gtot_vs_line <= -6.38,h1_spread_dog,193,8.767103403806686,2.0260496,356,-7.158850133419037,-5.013692378997803,-0.9904732
postdl,a_l10_atsm,a_l10_atsm >= 3.5,fg_spread_fav,176,18.248166143894196,2.7400634,213,-5.006222799420357,-6.486839056015015,-0.9937461
stretch,st_d_gb_1,st_d_gb_1 < 0,tt_away_over,282,8.814942091703415,2.2924097,545,-6.590932607650757,-4.044661670923233,-0.994606
all,h_d3_gtot,h_d3_gtot <= -8.935,h1_spread_away,278,8.317703753709793,2.3801308,461,-7.604863494634628,-4.431501403450966,-0.99631274
stretch,open_total_point,open_total_point >= 235.7,fg_total_under,228,12.212028354406357,2.1439893,211,-16.73182249069214,-6.555494666099548,-0.99917203
gp50,h_s2d_gtot,h_s2d_gtot >= 234.7,fg_ml_dog,200,21.79509699344635,2.2066932,171,-33.9661568403244,-11.297805607318878,-1.0002041
all,d_s2d_own,d_s2d_own <= -7.327,fg_total_under,229,10.87733507156372,2.4880118,265,-12.815792858600616,-5.882565677165985,-1.0033398
gp25,h_d3_gtot,h_d3_gtot < 0,fg_ml_dog,867,8.892516046762466,2.1520402,870,-12.780629098415375,-5.352012813091278,-1.0133288
gp25,h_l3_over,h_l3_over == 0.333333,fg_ml_dog,670,10.161656886339188,2.098583,672,-13.525813817977905,-6.097197532653809,-1.0145853
all,a_s2d_h1m,a_s2d_h1m <= -1.385,fg_total_over,696,3.1403113156557083,2.0479498,868,-5.430879071354866,-3.286665678024292,-1.0147959
mid,a_l10_cover,a_l10_cover >= 0.7,fg_ml_home,141,19.47508007287979,2.5099754,143,-14.187602698802948,-9.37047004699707,-1.0181576
stretch,st_d_l10,st_d_l10 >= 0.2,tt_away_over,130,14.553959667682648,2.2513552,266,-8.489968627691269,-5.943697690963745,-1.0210998
stretch,h_d3_over,h_d3_over <= -0.2079,fg_total_under,228,12.201091647148132,2.1422582,229,-16.622555255889893,-6.446227431297302,-1.0235686
stretch,h2h_prev_cover_h,h2h_prev_cover_h == 1,fg_ml_away,499,13.881474733352661,2.0349822,492,-11.988351494073868,-6.176947057247162,-1.0259513
stretch,st_d_l10,st_d_l10 > 0,fg_ml_away,485,13.84306252002716,2.000221,478,-12.116388976573944,-6.304984539747238,-1.0322105
gp25,open_total_point,open_total_point <= 217.5,fg_total_over,182,13.293632864952087,2.6536012,166,-10.283070057630539,-7.6502300798892975,-1.0328709
veryLate,d_l10_oum,d_l10_oum >= 4.1,fg_spread_fav,148,16.11657738685608,2.144787,124,-3.0167706310749054,-8.819721639156342,-1.0348914
all,d_l5_oum,d_l5_oum <= -6.4,fg_total_under,628,3.9664164185523987,2.3058255,653,-10.810071229934692,-3.876844048500061,-1.0379902
gp25,d_s2d_atsm,d_s2d_atsm <= -3.77,fg_spread_home,170,12.317176908254623,2.5828598,163,-10.907230526208878,-7.769268751144409,-1.0387518
all,h_s2d_win,h_s2d_win <= 0.4483,fg_spread_away,701,3.775036334991455,2.3247278,806,-9.257930517196655,-3.5146046429872513,-1.044804
late,a_d5_h1m,a_d5_h1m >= 2.168,fg_spread_fav,181,10.739854723215103,2.022378,197,-14.754274487495422,-7.107704132795334,-1.0455687
all,a_d5_win,a_d5_win >= 0.2545,fg_total_under,228,13.875599205493927,2.9568596,219,-13.679134845733643,-6.745907664299011,-1.0459738
veryLate,h_l3_gtot,h_l3_gtot >= 233.7,fg_ml_fav,158,6.92015215754509,2.065772,179,-4.856381192803383,-4.754520580172539,-1.0468273
all,a_l10_h1t,a_l10_h1t <= 108.3,fg_total_over,216,10.483698546886444,2.2714994,218,-8.925773203372955,-6.781560182571411,-1.0493519
mid,d_l3_h1t,d_l3_h1t >= 8.333,fg_ml_fav,182,10.358874499797821,2.2970915,198,-12.696464359760284,-5.202698707580566,-1.0504811
stretch,st_d_l10,st_d_l10 < 0,fg_spread_fav,501,6.315245479345322,2.0120678,481,-6.320153921842575,-4.57463338971138,-1.0514258
stretch,d_l10_win,d_l10_win >= 0.2,tt_away_over,188,11.184241622686386,2.2167342,353,-7.8808993101119995,-5.334628373384476,-1.0557525
stretch,d_l10_win,d_l10_win < 0,tt_away_under,253,4.502231627702713,2.0128345,479,-12.092795968055725,-4.601288586854935,-1.0591779
stretch,h_s2d_cover,h_s2d_cover <= 0.443,fg_ml_home,231,14.947783946990967,3.156171,271,-17.37048625946045,-6.339673697948456,-1.0599803
gp25,st_a_gb_10,st_a_gb_10 <= -7.5,fg_ml_home,382,5.748718231916428,2.1459417,459,-13.503497838973999,-5.086295306682587,-1.0623524
postdl,h_d5_over,h_d5_over >= 0.1784,fg_ml_home,176,10.540395230054855,2.207776,203,-17.68411695957184,-7.277709990739822,-1.0659062
gp50,a_l10_atsm,a_l10_atsm >= 3.45,fg_spread_fav,199,14.17471319437027,2.2788012,218,-4.557789862155914,-6.889671087265015,-1.068436
postdl,h_streak_ou,h_streak_ou >= 2,fg_total_over,216,7.822699099779129,2.0739746,240,-6.136360019445419,-6.577075272798538,-1.0688411
early,rt_imp_margin,rt_imp_margin <= 1.268,fg_spread_home,122,14.350606501102448,2.0329788,201,-6.889832019805908,-7.196240127086639,-1.0696464
all,st_a_gb_1,st_a_gb_1 <= 0.5,fg_ml_home,272,10.447996854782104,2.3369913,199,-14.710503816604614,-7.850758731365204,-1.0742946
stretch,t4_total_point,t4_total_point <= 223,fg_total_over,347,5.082676187157631,2.505426,297,-4.844173043966293,-5.945343151688576,-1.0752674
early,h_d3_cover,h_d3_cover < 0,fg_spread_away,152,10.591167956590652,2.1099038,153,-17.59919971227646,-8.34253653883934,-1.0812845
all,a_l3_opp,a_l3_opp <= 104,fg_ml_home,258,10.239320993423462,2.2432904,241,-14.051313698291779,-7.191568613052368,-1.0829723
stretch,gbr_d,gbr_d > 0,tt_away_under,288,5.474747717380524,2.3224626,538,-11.941543966531754,-4.450036585330963,-1.0856165
all,st_a_win_pct,st_a_win_pct >= 0.64,fg_ml_home,499,6.417607516050339,2.285314,500,-11.865300685167313,-5.005555599927902,-1.0857316
all,st_a_l10,st_a_l10 >= 0.6,fg_ml_home,1081,3.3202629536390305,2.3682034,1038,-10.336041450500488,-3.476296365261078,-1.0864273
postdl,h_l10_atsm,h_l10_atsm <= -2.075,h1_spread_home,149,11.477740854024887,2.0172641,292,-9.209538996219635,-6.078153848648071,-1.0882976
late,a_s2d_gtot,a_s2d_gtot <= 224.4,fg_ml_away,125,22.066165506839752,2.0718083,147,-14.387926459312439,-12.203661352396011,-1.0912071
all,h_d5_opp,h_d5_opp >= 4.772,fg_spread_fav,462,7.0164307951927185,2.3927002,366,-10.771715641021729,-5.457521975040436,-1.0936755
postdl,d_l10_opp,d_l10_opp <= -6.9,fg_spread_dog,175,8.002513647079468,2.1667333,220,-17.5424724817276,-7.0390284061431885,-1.0951437
gp50,d_l10_cover,d_l10_cover <= -0.2,fg_ml_home,262,7.9605624079704285,2.5403469,231,-18.63730102777481,-6.919863075017929,-1.0960671
veryLate,a_s2d_h1t,a_s2d_h1t >= 116.8,fg_ml_dog,157,29.825222492218018,2.0118165,140,-37.276867032051086,-14.151239395141602,-1.098093
all,c_h1_total_point,c_h1_total_point <= 107,tt_home_over,127,13.822287321090698,2.407659,163,-12.401367723941803,-8.169327676296234,-1.0986747
late,a_adj_tempo_pts,a_adj_tempo_pts <= 224.3,fg_spread_away,183,13.682693243026733,2.181981,151,-15.232565999031067,-8.553504198789597,-1.100884
stretch,h_l5_over,h_l5_over >= 0.8,fg_ml_home,189,15.311238169670105,2.900416,197,-18.753929436206818,-7.723116874694824,-1.100961
all,a_l10_gtot_vs_line,a_l10_gtot_vs_line <= -9.92,fg_ml_home,218,12.27802112698555,2.356304,209,-14.723756909370422,-7.864011824131012,-1.1028146
all,c_h1_total_point,c_h1_total_point <= 107,fg_total_over,126,22.73726761341095,3.1758049,162,-10.427314788103104,-8.2831010222435,-1.1048766
gp25,d_s2d_own,d_s2d_own <= -6.709,fg_total_under,173,14.775893092155457,2.5327296,206,-13.804419338703156,-7.359123229980469,-1.1065391
postdl,rt_total_gap,rt_total_gap >= 233.1,tt_home_over,167,4.984977841377258,2.2052977,127,-10.024206340312958,-9.316930919885635,-1.1067368
gp50,h_l5_gtot_vs_line,h_l5_gtot_vs_line <= -7.5,fg_total_under,199,12.243035435676575,2.2945826,181,-17.725174129009247,-7.857728749513626,-1.1091123
gp50,a_d5_atsm,a_d5_atsm <= -2.864,fg_spread_dog,296,5.135167017579079,2.3407757,292,-17.559735476970673,-6.205824762582779,-1.1129798
late,h2h_prev_margin_h,h2h_prev_margin_h >= 6,fg_ml_away,173,18.4174045920372,2.06519,178,-13.540580868721008,-11.35631576180458,-1.1173929
all,a_d3_win,a_d3_win >= 0.3673,fg_total_under,233,8.154509216547012,2.0742352,233,-13.955117762088776,-7.021890580654144,-1.1230273
all,a_l3_own,a_l3_own <= 104.7,h1_total_under,143,18.760503828525543,2.9321156,274,-12.1256984770298,-6.4809828996658325,-1.1230966
gp50,a_d3_opp,a_d3_opp >= 5.309,fg_ml_away,200,23.03859293460846,2.1680908,252,-19.53471004962921,-9.191219508647919,-1.1262873
gp25,d_l5_win,d_l5_win < 0,fg_ml_home,685,2.668158896267414,2.1117182,661,-12.92322725057602,-4.506024718284607,-1.1294187
postdl,d_l10_atsm,d_l10_atsm > 0,h1_spread_away,215,10.02347469329834,2.3218849,463,-10.85975244641304,-5.024838447570801,-1.1321969
gp25,d_s2d_oum,d_s2d_oum <= -2.792,fg_total_under,346,7.041516900062561,2.0745656,365,-12.111944705247879,-5.666648596525192,-1.1341742
stretch,t60_total_point,t60_total_point <= 223,fg_total_over,347,3.432166203856468,2.1831672,298,-5.163487419486046,-6.264657527208328,-1.134924
stretch,h_s2d_atsm,h_s2d_atsm <= -1.063,fg_ml_home,343,5.459747463464737,2.2439957,293,-17.56085455417633,-6.530041992664337,-1.1352617
all,c_h1_total_point,c_h1_total_point <= 107,fg_spread_fav,125,14.58611786365509,2.1311657,164,-13.800424337387085,-8.486230671405792,-1.1383852
early,d_d3_margin,d_d3_margin > 0,fg_ml_home,142,16.181938350200653,2.1665878,147,-10.196196287870407,-9.372363239526749,-1.1417987
stretch,d_l10_win,d_l10_win >= 0.2,tt_away_over,130,14.553959667682648,2.2513552,268,-9.172879159450531,-6.626608222723007,-1.1426923
stretch,st_d_l10,st_d_l10 < 0,tt_away_under,253,4.502231627702713,2.0128345,481,-12.459110468626022,-4.967603087425232,-1.1458852
stretch,d_d5_win,d_d5_win >= 0.2497,fg_ml_away,229,20.718464255332947,2.1137311,252,-15.460459887981415,-9.649055451154709,-1.1469787
late,h_d3_h1t,h_d3_h1t >= 6.116,fg_ml_fav,125,10.07782593369484,2.3159473,140,-11.791877448558807,-6.506665050983429,-1.1489158
postdl,d_d5_atsm,d_d5_atsm <= -6.066,fg_spread_fav,173,13.663120567798615,2.0844667,225,-5.825528502464294,-7.3061443865299225,-1.1503553
gp50,a_adj_def,a_adj_def >= 115.9,fg_total_under,197,10.483860969543457,2.0243323,226,-17.205236852169037,-7.337791472673416,-1.1573341
gp25,h_l5_opp,h_l5_opp >= 123.2,fg_spread_fav,183,10.577395558357239,2.025476,215,-11.213250458240509,-7.586531341075897,-1.1652852
gp25,t60_total_point,t60_total_point <= 217,fg_total_over,179,13.059346377849579,2.5988019,174,-11.114009469747543,-8.481169492006302,-1.1723245
late,a_l5_win,a_l5_win == 0.4,fg_ml_away,166,19.421297311782837,2.1232772,158,-14.856171607971191,-12.671905755996704,-1.1747053
all,st_d_playin_edge,st_d_playin_edge <= -3.5,tt_away_under,405,1.57731045037508,2.540178,806,-10.029315948486328,-3.9386913180351257,-1.1761527
late,st_h_gp,st_h_gp >= 61,fg_total_over,128,2.9119357466697693,2.1147182,159,-11.146125197410583,-8.91142264008522,-1.17757
stretch,h_d3_h1m,h_d3_h1m >= 5.349,fg_total_under,228,14.71291184425354,2.539816,236,-17.484620213508606,-7.308292388916016,-1.1780548
gp25,t24_total_point,t24_total_point >= 237.5,fg_total_under,236,11.638619005680084,2.4532301,173,-15.001896023750305,-8.556599915027618,-1.1790477
gp50,h_d5_h1t,h_d5_h1t > 0,fg_spread_away,464,7.8028567135334015,2.040365,510,-12.766054272651672,-4.995734989643097,-1.1824471
all,h2h_prev_cover_h,h2h_prev_cover_h == 1,fg_ml_away,807,4.6158187091350555,2.002272,791,-9.73736122250557,-5.644790828227997,-1.1885803
all,d_d5_opp,d_d5_opp <= -9.222,fg_ml_away,236,14.901478588581085,2.2733343,245,-14.241041243076324,-10.148470848798752,-1.1892581
gp50,h_streak_ou,h_streak_ou >= 2,fg_total_over,242,7.282771170139313,2.1322856,243,-6.509536504745483,-7.3000468313694,-1.1939607
postdl,d_l10_win,d_l10_win < 0,tt_away_under,199,4.374909400939941,2.0126076,417,-12.282677739858627,-5.576501041650772,-1.1973081
postdl,d_l10_atsm,d_l10_atsm >= 3.2,h1_spread_away,137,12.741099298000336,2.1870725,297,-12.499552965164185,-6.664638966321945,-1.2027191
postdl,a_l3_opp,a_l3_opp <= 108.7,fg_spread_fav,259,10.558079928159714,2.0266786,216,-6.325288116931915,-7.805904000997543,-1.2042109
postdl,d_l10_cover,d_l10_cover <= -0.2,fg_ml_home,230,10.131699591875076,2.4680977,232,-18.125933408737183,-7.719526439905167,-1.2086787
late,a_s2d_gtot,a_s2d_gtot <= 224.4,fg_spread_away,122,18.898306787014008,2.3853443,146,-16.261090338230133,-9.582028537988663,-1.2126706
postdl,st_h_l10,st_h_l10 >= 0.7,tt_away_over,121,15.216027200222015,2.0602572,267,-10.379935801029205,-7.052510976791382,-1.2135834
postdl,h_l10_win,h_l10_win >= 0.7,tt_away_over,121,15.216027200222015,2.0602572,267,-10.379935801029205,-7.052510976791382,-1.2135834
gp25,a_l10_gtot_vs_line,a_l10_gtot_vs_line <= -10,fg_ml_home,178,15.047897398471832,2.6372905,172,-17.930345237255096,-9.513142704963684,-1.216323
stretch,st_d_gb_6,st_d_gb_6 > 0,tt_away_under,286,5.571309477090836,2.331691,533,-12.548193335533142,-5.056685954332352,-1.2278669
gp50,h_l5_win,h_l5_win == 0.8,fg_spread_away,168,13.631892204284668,2.0197132,185,-16.42988473176956,-8.659565448760986,-1.2344662
postdl,h_l10_opp,h_l10_opp >= 119.3,fg_spread_fav,174,15.218579769134521,2.3055537,240,-6.16239532828331,-7.643011212348938,-1.2428612
late,st_d_gb_6,st_d_gb_6 < 0,tt_away_over,140,6.088126823306084,2.0850837,305,-8.47669243812561,-6.751821935176849,-1.2429918
postdl,st_d_l10,st_d_l10 < 0,tt_away_under,199,4.374909400939941,2.0126076,416,-12.523065507411957,-5.816888809204102,-1.2474223
late,a_d5_h1m,a_d5_h1m >= 3.521,fg_spread_fav,121,19.90388035774231,2.7097156,148,-17.44839698076248,-9.801826626062393,-1.249764
postdl,h_l3_gtot_vs_line,h_l3_gtot_vs_line >= 10.83,fg_ml_fav,176,9.669501334428787,2.7202535,198,-5.384613946080208,-5.581644177436829,-1.2562858
gp50,h_l5_over,h_l5_over >= 0.8,fg_ml_home,173,12.358056008815765,2.5969942,179,-20.745080709457397,-9.027642756700516,-1.2587355
gp50,d_l10_atsm,d_l10_atsm >= 3.05,h1_spread_away,153,13.4201779961586,2.2255678,317,-11.97458952665329,-6.754456460475922,-1.2593071
all,a_l10_win,a_l10_win >= 0.8,fg_total_under,250,7.672730088233948,2.0687692,295,-13.932506740093231,-6.9992795586586,-1.2595711
all,h_adj_off,h_adj_off >= 114.8,h1_total_over,363,6.567519158124924,2.2317526,965,-7.333150506019592,-3.870360180735588,-1.2607033
gp50,h_s2d_gtot,h_s2d_gtot <= 225.8,tt_away_over,188,12.202571332454681,2.0598478,284,-9.644956886768341,-7.113413512706757,-1.2624651
postdl,h_l5_over,h_l5_over >= 0.8,fg_ml_home,162,11.911489069461823,2.2751045,179,-19.594216346740723,-9.187809377908707,-1.263615
postdl,a_l3_h1m,a_l3_h1m >= 6,fg_ml_home,177,9.184758365154266,2.0518262,214,-18.823212385177612,-8.416805416345596,-1.2656989
all,d_l5_h1t,d_l5_h1t <= -7.8,fg_total_under,458,5.87448924779892,2.3969424,429,-12.76802271604538,-5.834795534610748,-1.26623
all,h_d5_over,h_d5_over >= 0.1517,fg_ml_home,476,5.861760675907135,2.1134846,438,-13.111764192581177,-6.252019107341766,-1.2692366
mid,st_d_season_frac,st_d_season_frac >= 0.0122,h1_total_under,140,9.124960005283356,2.1905034,302,-12.043210119009018,-7.0211052894592285,-1.2774168
gp25,h_l5_cover,h_l5_cover == 0.2,fg_spread_away,281,9.394272416830063,2.0874379,292,-13.024680316448212,-7.147608697414398,-1.2792513
gp50,st_h_l10,st_h_l10 >= 0.7,tt_away_over,131,15.03024697303772,2.063481,274,-9.888430684804916,-7.356888055801392,-1.2824831
gp50,h_l10_win,h_l10_win >= 0.7,tt_away_over,131,15.03024697303772,2.063481,274,-9.888430684804916,-7.356888055801392,-1.2824831
gp25,a_l5_oum,a_l5_oum >= 4.9,tt_away_over,237,10.475879162549973,2.0087612,531,-8.761662244796753,-5.285046249628067,-1.2825196
gp50,d_d5_atsm,d_d5_atsm <= -6.21,fg_spread_fav,197,13.391527533531189,2.1520894,227,-5.814250558614731,-8.146131783723831,-1.2890986
all,a_s2d_over,a_s2d_over <= 0.4321,fg_total_over,456,8.853522688150406,2.935735,440,-8.014476299285889,-5.870262905955315,-1.2904679
gp50,h_d3_over,h_d3_over <= -0.2024,fg_total_under,201,11.122152209281921,2.1395912,206,-18.4384286403656,-8.57098326086998,-1.290635
all,d_l10_oum,d_l10_oum <= -6.735,h1_spread_dog,170,7.736118882894516,2.177035,435,-8.23637843132019,-5.914517492055893,-1.291465
stretch,h_l10_opp,h_l10_opp >= 119.6,fg_spread_fav,233,13.91366571187973,2.58763,241,-9.720379114151001,-7.974858582019806,-1.297422
gp25,a_l10_h1m,a_l10_h1m <= -6,fg_ml_away,187,28.472667932510376,2.9733632,205,-15.760459005832672,-12.232332676649094,-1.2995248
stretch,h_s2d_atsm,h_s2d_atsm <= -1.571,fg_ml_home,229,10.986698418855667,2.5960243,213,-19.810651242733,-8.779838681221008,-1.3014352
gp50,h_l5_gtot_vs_line,h_l5_gtot_vs_line <= -4.3,fg_total_under,297,7.986243814229965,2.03461,275,-17.354580760002136,-7.4871353805065155,-1.3026303
gp25,h_l5_over,h_l5_over == 0.8,fg_ml_home,271,9.502174705266953,2.3913825,238,-17.08928644657135,-8.672083914279938,-1.3042854
gp25,open_total_point,open_total_point >= 236.5,fg_total_under,364,10.14794260263443,2.7487636,303,-13.654650747776031,-7.209354639053345,-1.3146943
all,a_s2d_own,a_s2d_own <= 109.3,fg_total_over,232,11.096566915512085,2.4519184,277,-9.70502719283104,-7.5608134269714355,-1.318778
gp50,h_l10_margin,h_l10_margin >= 5.4,tt_away_over,127,15.787355601787567,2.122428,289,-9.900494664907455,-7.368952035903931,-1.3192796
stretch,h_l10_opp,h_l10_opp >= 117.6,tt_away_under,145,10.881432890892029,2.3378966,353,-14.169250428676605,-6.677743047475815,-1.3195891
mid,d_d3_oum,d_d3_oum <= -12.04,fg_ml_dog,165,14.585720002651215,2.0527973,165,-11.418933421373367,-16.574013233184814,-1.3203323
postdl,a_d5_atsm,a_d5_atsm <= -4.886,fg_spread_away,175,14.539258182048798,2.1264331,185,-17.411324381828308,-9.300864487886429,-1.3260939
gp25,a_l10_h1m,a_l10_h1m <= -6,fg_ml_dog,187,25.18935203552246,2.4021487,205,-21.928107738494873,-14.499491453170776,-1.3326108
gp25,a_l5_win,a_l5_win >= 0.8,fg_total_under,413,5.8531951159238815,2.013537,405,-12.779626250267029,-6.334330141544342,-1.3354735
gp50,d_d5_margin,d_d5_margin <= -4.737,fg_spread_fav,296,10.925919562578201,2.1933146,319,-4.835660383105278,-7.167541980743408,-1.3445822
gp50,a_l3_opp,a_l3_opp >= 120.7,fg_ml_dog,204,22.030389308929443,2.2489796,256,-35.10296940803528,-12.434618175029755,-1.3469421
veryLate,st_h_l10,st_h_l10 >= 0.7,fg_spread_away,121,16.744664311408997,2.0125246,145,-19.667932391166687,-10.740160197019577,-1.3563972
gp50,pair_l10_gtot_vs_line,pair_l10_gtot_vs_line <= -3.3,fg_ml_home,200,11.020421981811523,2.6180723,206,-20.785722136497498,-9.068284183740616,-1.3564143
late,st_d_win_pct,st_d_win_pct > 0,tt_away_over,141,6.69369250535965,2.1690156,309,-9.058554470539093,-7.333683967590332,-1.3589354
all,st_a_gb_10,st_a_gb_10 <= -9,fg_ml_home,279,12.871278822422028,2.7625241,345,-14.426429569721222,-7.5666844844818115,-1.363328
all,st_d_l10,st_d_l10 <= -0.3,fg_ml_home,524,6.778188049793243,2.4225435,497,-13.173915445804596,-6.3141703605651855,-1.3654623
gp25,d_s2d_atsm,d_s2d_atsm <= -3.77,fg_ml_home,175,19.062592089176178,3.116856,166,-19.312964379787445,-10.895761847496033,-1.3685868
late,h_l3_margin_vs_need,h_l3_margin_vs_need >= 2.333,fg_total_under,183,19.97019499540329,2.02728,211,-15.8429816365242,-9.003926813602448,-1.3702892
gp25,pair_l5_gtot_vs_line,pair_l5_gtot_vs_line >= 4,fg_total_over,524,3.1146423891186714,2.0615704,525,-8.359232544898987,-5.726392567157745,-1.3749226
stretch,open_total_point,open_total_point <= 220.1,fg_total_over,227,6.8084001541137695,2.298946,176,-8.862794190645218,-9.96396392583847,-1.3872343
gp25,a_l5_over,a_l5_over >= 0.8,tt_away_over,163,14.386093616485596,2.1961389,340,-10.620974004268646,-7.14435800909996,-1.3873007
mid,d_gp_prior,d_gp_prior >= 2,fg_total_under,183,8.499552309513092,2.2778878,157,-11.214318126440048,-10.626616328954697,-1.3958174
gp25,pair_l3_oum,pair_l3_oum >= 4.292,tt_away_over,225,13.105307519435883,2.3761673,507,-9.371519088745117,-5.894903093576431,-1.3978114
all,d_d5_win,d_d5_win >= 0.1449,h1_spread_away,327,5.551081150770187,2.0566266,718,-8.161744475364685,-4.988382384181023,-1.3996397
all,a_l10_h1m,a_l10_h1m <= -6,fg_ml_away,234,18.47134828567505,2.675133,257,-15.785472095012665,-11.692901700735092,-1.4033993
gp50,pair_l5_gtot_vs_line,pair_l5_gtot_vs_line <= -4.6,fg_ml_home,202,7.220897823572159,2.133756,162,-22.308041155338287,-10.590603202581406,-1.4047914
gp25,h_l5_over,h_l5_over >= 0.8,fg_ml_home,303,12.185996025800705,2.9701085,279,-17.096154391765594,-8.678951859474182,-1.413286
all,st_a_l10,st_a_l10 >= 0.8,fg_total_under,291,10.215561091899872,2.6864007,347,-14.175108075141907,-7.241880893707275,-1.4134303
late,h2h_prev_cover_h,h2h_prev_cover_h == 1,fg_ml_away,249,20.730338990688324,2.7606544,253,-14.245358109474182,-12.061093002557755,-1.4148335
stretch,d_d5_opp,d_d5_opp <= -4.451,fg_spread_dog,337,4.228636249899864,2.1262941,327,-14.742469787597656,-7.471565902233124,-1.4150009
late,open_total_move,open_total_move <= -2.5,fg_total_over,137,1.731429062783718,2.0422165,129,-14.148496091365814,-11.913793534040451,-1.418032
gp50,st_d_l10,st_d_l10 > 0,fg_ml_away,428,15.18019586801529,2.0238438,414,-19.3729430437088,-9.029452502727509,-1.4181997
gp50,h_l10_opp,h_l10_opp >= 119.5,fg_spread_fav,199,16.103912889957428,2.5640845,223,-6.713707745075226,-9.045588970184326,-1.4187671
gp25,a_l10_atsm,a_l10_atsm >= 3.45,fg_total_under,347,7.285628467798233,2.125202,392,-13.300873339176178,-6.855577230453491,-1.4219822
postdl,h_s2d_atsm,h_s2d_atsm <= -1.428,fg_ml_home,176,15.407535433769226,2.7885218,204,-20.11152356863022,-9.705116599798203,-1.4249252
stretch,st_d_rank,st_d_rank >= 3,tt_away_under,206,6.296643614768982,2.0892186,389,-14.411865174770355,-6.920357793569565,-1.4355723
gp25,h_d3_oum,h_d3_oum <= -9.245,h1_spread_away,188,14.54228013753891,2.524594,286,-10.442161560058594,-8.11469554901123,-1.4369953
all,d_l10_h1m,d_l10_h1m <= -8.74,tt_away_under,121,13.233000040054321,2.7311506,227,-15.160198509693146,-9.069573879241943,-1.4372889
gp50,h_s2d_atsm,h_s2d_atsm <= -1.433,fg_ml_home,201,9.551704674959183,2.4328244,201,-21.455924212932587,-9.738486260175705,-1.4388752
all,a_s2d_win,a_s2d_win >= 0.6341,fg_ml_home,476,9.1900072991848,2.8232694,486,-13.622638583183289,-6.762893497943878,-1.4462252
postdl,h_l10_win,h_l10_win >= 0.6,fg_total_over,370,4.74201925098896,2.0935872,410,-6.398604065179825,-6.839319318532944,-1.4527119
all,h_l5_over,h_l5_over == 0.8,fg_ml_home,351,7.9868219792842865,2.2040493,337,-15.024489164352417,-8.164744079113007,-1.4539274
stretch,pair_l3_oum,pair_l3_oum >= 4.112,tt_away_over,152,14.010417461395264,2.363248,362,-9.844706952571869,-7.298436015844345,-1.4626982
stretch,d_l10_own,d_l10_own <= -6.94,fg_ml_home,229,9.73510593175888,2.42336,196,-21.325111389160156,-10.294298827648163,-1.4637638
gp50,a_l3_h1m,a_l3_h1m >= 5.667,fg_ml_home,215,5.956800282001495,2.0306282,227,-21.039776504039764,-9.322338551282883,-1.4637651
gp25,h_l3_over,h_l3_over == 1,fg_ml_home,195,9.320447593927383,2.00455,179,-19.63980495929718,-11.222602427005768,-1.4637967
gp25,a_l5_margin,a_l5_margin >= 6.92,fg_total_under,347,7.28805735707283,2.125676,395,-13.47658783197403,-7.031291723251343,-1.4639989
postdl,h_d3_over,h_d3_over <= -0.1975,fg_total_under,175,11.272729933261871,2.0392687,208,-19.222670793533325,-9.705186635255814,-1.46821
postdl,pair_l10_gtot_vs_line,pair_l10_gtot_vs_line <= -3.21,fg_ml_home,175,16.582441329956055,2.9203792,203,-20.43486386537552,-10.028456896543503,-1.4687854
all,h_l5_over,h_l5_over >= 0.8,fg_ml_home,399,9.783988445997238,2.7008255,396,-14.469924569129944,-7.6101794838905334,-1.4690199
all,a_l5_win,a_l5_win >= 0.8,fg_total_under,556,4.040155187249184,2.187837,576,-12.815794348716736,-5.8825671672821045,-1.4792327
gp50,a_l5_h1m,a_l5_h1m >= 3,fg_spread_fav,294,10.390046238899231,2.0895739,302,-5.803704261779785,-8.135585486888885,-1.4849577
stretch,a_l3_gtot_vs_line,a_l3_gtot_vs_line >= 6.25,fg_spread_dog,339,4.736108705401421,2.2305,389,-14.513467252254486,-7.242563366889954,-1.4960232
gp25,d_d3_opp,d_d3_opp <= -4.987,fg_spread_dog,516,3.95982563495636,2.2189388,521,-11.651483178138733,-6.263186037540436,-1.4966961
gp25,a_d3_own,a_d3_own >= 3.997,tt_away_over,240,10.72908416390419,2.0630987,516,-9.74133387207985,-6.264717876911163,-1.4986296
mid,a_l10_cover,a_l10_cover >= 0.7,fg_total_under,137,11.485851556062698,2.337267,142,-12.597130239009857,-12.009428441524506,-1.5002037
all,a_l5_margin,a_l5_margin >= 10.6,fg_total_under,236,10.022544860839844,2.388184,291,-15.359775722026825,-8.426548540592194,-1.5061026
gp25,d_d3_opp,d_d3_opp <= -4.987,fg_ml_dog,525,15.091988444328308,2.5687118,529,-17.64458268880844,-10.215966403484344,-1.5082763
gp25,a_d5_opp,a_d5_opp >= 7.284,fg_ml_away,175,25.200185179710388,2.5609293,178,-18.784645199775696,-15.256518125534058,-1.5103018
veryLate,d_s2d_opp,d_s2d_opp >= 3.518,fg_total_over,155,18.243159353733063,2.3026454,145,-6.525816768407822,-11.928856372833252,-1.5129788
all,d_trav_km,d_trav_km <= -1788,tt_home_under,133,15.270499885082245,2.596164,261,-14.894384145736694,-8.907824754714966,-1.5150821
stretch,a_l3_opp,a_l3_opp >= 120.7,fg_ml_dog,241,20.84512859582901,2.203781,285,-27.605953812599182,-13.768348097801208,-1.5217694
gp25,a_d5_win,a_d5_win >= 0.265,fg_total_under,172,14.323469996452332,2.4632359,165,-17.830467224121094,-11.385171115398407,-1.5321053
veryLate,a_l5_gtot_vs_line,a_l5_gtot_vs_line >= 7.3,fg_spread_dog,156,7.7142395079135895,2.1079028,156,-26.540666818618774,-11.674496531486511,-1.5362494
all,a_s2d_opp,a_s2d_opp <= 108.9,fg_ml_home,238,11.419624090194702,2.332575,245,-17.012163996696472,-10.152418911457062,-1.5414797
all,a_l5_h1m,a_l5_h1m > 0,tt_away_under,583,-2.4355245754122734,2.0329971,1130,-10.458268970251083,-4.367644339799881,-1.5442966
gp50,d_d5_atsm,d_d5_atsm <= -3.688,fg_spread_fav,295,11.960097402334213,2.3758063,307,-6.107592582702637,-8.439473807811737,-1.5531248
mid,t4_total_point,t4_total_point >= 237,fg_total_under,182,6.995301693677902,2.0589569,157,-12.430489808321,-11.842788010835648,-1.5555629
gp25,st_a_gb_1,st_a_gb_1 <= 4,fg_ml_home,359,6.068924441933632,2.1376696,161,-20.999731123447418,-12.582528591156006,-1.5564729
gp25,a_d5_oum,a_d5_oum >= 9.51,fg_ml_away,172,20.267397165298462,2.0674818,178,-19.348536431789398,-15.82041084766388,-1.5661238
postdl,h_s2d_opp,h_s2d_opp >= 117.1,tt_away_under,144,8.793389797210693,2.2741857,226,-16.61871075630188,-9.912534058094025,-1.5668052
stretch,st_a_playin_edge,st_a_playin_edge >= 11,fg_ml_home,240,9.317979961633682,2.4219694,354,-19.245286285877228,-8.214473724365234,-1.5697396
gp25,a_l5_oum,a_l5_oum >= 11.2,fg_ml_away,173,21.07531875371933,2.1509163,141,-21.352525055408478,-17.82439947128296,-1.5704452
all,h2h_prev_total,h2h_prev_total >= 256,fg_spread_dog,166,11.578521132469177,2.2964118,148,-16.068291664123535,-12.388218939304352,-1.5775197
gp50,a_l3_gtot_vs_line,a_l3_gtot_vs_line >= 6.5,fg_spread_dog,299,3.4306202083826065,2.0436807,335,-19.566689431667328,-8.212778717279434,-1.5776435
stretch,st_h_l10,st_h_l10 >= 0.6,fg_total_over,469,2.180197834968567,2.253915,488,-5.7127367705106735,-6.813906878232956,-1.5796738
gp25,a_l10_win,a_l10_win >= 0.8,fg_ml_home,205,13.131959736347198,2.5710175,223,-19.275006651878357,-10.857804119586945,-1.5807207
all,d_d3_opp,d_d3_opp <= -4.657,fg_ml_dog,708,5.867327004671097,2.0454195,712,-15.214303135871887,-9.179571270942688,-1.5819645
all,a_l10_gtot_vs_line,a_l10_gtot_vs_line >= 10.8,h1_spread_away,127,12.477128207683563,2.100383,235,-13.041791319847107,-9.868429601192474,-1.584077
late,st_d_gb_1,st_d_gb_1 >= 5.5,fg_total_under,186,21.11436426639557,2.208263,208,-17.355957627296448,-10.516902804374695,-1.5891268
postdl,h_s2d_atsm,h_s2d_atsm <= -1.011,fg_ml_home,264,6.709995120763779,2.1442022,277,-19.7037011384964,-9.297294169664383,-1.5906428
gp25,h_d5_over,h_d5_over >= 0.1639,fg_ml_home,350,9.435173124074936,2.705835,314,-17.628110945224762,-9.21090841293335,-1.5912117
all,a_s2d_oum,a_s2d_oum <= -2.608,fg_total_over,229,23.385973274707794,4.3842435,294,-11.037437617778778,-8.893224596977234,-1.5980718
stretch,h_l3_margin_vs_need,h_l3_margin_vs_need <= -14.5,fg_ml_dog,121,31.429749727249146,2.2671225,140,-34.50016975402832,-20.662564039230347,-1.600637
stretch,d_d3_opp,d_d3_opp <= -4.535,fg_ml_dog,343,16.36507511138916,2.1262805,369,-26.575088500976562,-12.737482786178589,-1.6019222
all,st_a_win_pct,st_a_win_pct >= 0.6957,fg_ml_home,250,12.039309740066528,2.4864304,318,-16.167505085468292,-9.307760000228882,-1.6100669
stretch,d_l3_h1m,d_l3_h1m <= -8,fg_ml_home,230,8.554055541753769,2.2653573,246,-21.15510404109955,-10.124291479587555,-1.6127923
all,a_l5_margin,a_l5_margin >= 7,fg_total_under,467,5.886127054691315,2.4230132,539,-13.569815456867218,-6.636588275432587,-1.6143496
gp25,a_d3_own,a_d3_own >= 6.191,tt_away_over,161,14.679241180419922,2.2221317,345,-11.79707869887352,-8.320462703704834,-1.6275147
gp25,h2h_prev_cover_h,h2h_prev_cover_h == 1,fg_ml_away,678,9.385549277067184,2.0401263,674,-11.980775743722916,-8.452649414539337,-1.6282501
postdl,d_d5_atsm,d_d5_atsm <= -3.454,fg_spread_fav,261,13.37234079837799,2.511066,317,-7.263939082622528,-8.744554966688156,-1.634255
gp25,a_s2d_win,a_s2d_win >= 0.6735,fg_ml_home,176,15.628047287464142,2.695165,206,-20.122438669204712,-11.7052361369133,-1.6378512
all,h_l5_win,h_l5_win == 0.8,tt_away_over,214,13.546763360500336,2.3866737,439,-11.356406658887863,-7.450692355632782,-1.6434968
postdl,h_adj_def,h_adj_def >= 115.8,tt_away_under,128,12.093575298786163,2.5399797,223,-17.216457426548004,-10.510280728340149,-1.6502239
late,a_d3_opp,a_d3_opp <= -5.759,fg_ml_home,125,14.55029845237732,2.475584,120,-24.09416288137436,-14.565163850784302,-1.6503141
mid,d_s2d_oum,d_s2d_oum <= -3.557,fg_total_under,176,11.725208908319473,2.682419,193,-11.933335661888123,-11.345633864402771,-1.6523087
gp25,h_l3_opp,h_l3_opp <= 107.7,h1_spread_away,208,12.820112705230713,2.3949542,374,-10.512647032737732,-8.185181021690369,-1.6575406
all,d_d3_margin,d_d3_margin <= -15.28,tt_home_under,131,12.309327721595764,2.220931,242,-16.120655834674835,-10.134096443653107,-1.659728
stretch,h_l10_win,h_l10_win >= 0.6,fg_total_over,467,2.6085305958986282,2.3461242,484,-6.120301783084869,-7.221471518278122,-1.6672845
stretch,h_l10_win,h_l10_win <= 0.4,tt_away_under,232,7.3527902364730835,2.3876312,433,-15.11063277721405,-7.61912539601326,-1.667519
gp50,d_d3_opp,d_d3_opp <= -4.52,fg_ml_dog,299,18.42723935842514,2.3458588,315,-36.79164946079254,-14.123298227787018,-1.6970236
stretch,a_d5_over,a_d5_over >= 0.1152,fg_total_over,340,3.3156640827655792,2.1385186,355,-7.503027468919754,-8.604197204113007,-1.7013196
late,a_d5_win,a_d5_win >= 0.1625,fg_total_under,124,23.16715121269226,2.0439177,124,-21.48045152425766,-14.641396701335907,-1.7081752
gp50,h_adj_def,h_adj_def >= 115.8,tt_away_under,144,8.763882517814636,2.334918,226,-18.315353989601135,-10.826317965984344,-1.7116195
gp50,h_s2d_cover,h_s2d_cover <= 0.4464,fg_ml_home,202,12.861204147338867,2.8720963,249,-22.17664271593094,-10.459204763174057,-1.720014
gp25,h_l3_h1t,h_l3_h1t >= 122,fg_ml_fav,351,4.339904710650444,2.39566,309,-11.01493239402771,-6.502810120582581,-1.720019
gp50,h_l10_win,h_l10_win <= 0.4,tt_away_under,192,5.124117806553841,2.1612465,381,-15.986275672912598,-8.497239649295807,-1.7442653
stretch,a_l3_h1m,a_l3_h1m >= 3.667,fg_ml_home,352,4.634737968444824,2.132137,349,-20.242968201637268,-9.212155640125275,-1.7479146
postdl,a_l5_atsm,a_l5_atsm <= -5,fg_spread_away,178,13.676659762859344,2.0239196,207,-19.732999801635742,-11.622539907693863,-1.7528763
gp25,st_a_l10,st_a_l10 >= 0.8,fg_ml_home,205,11.558668315410614,2.3581455,224,-20.450790226459503,-12.03358769416809,-1.7558193
gp25,st_a_gb_6,st_a_gb_6 <= -3.5,fg_ml_home,354,7.514270395040512,2.3797147,311,-18.646812438964844,-10.229609906673431,-1.7587332
gp25,a_l10_atsm,a_l10_atsm >= 5.382,fg_total_under,173,12.55912035703659,2.2272606,201,-18.304936587810516,-11.85964047908783,-1.7614756
all,h_l3_gtot,h_l3_gtot <= 217.3,h1_spread_away,263,6.632977724075317,2.028452,408,-11.503764986991882,-8.33040326833725,-1.761937
early,a_d3_h1t,a_d3_h1t < 0,fg_spread_dog,130,19.106455147266388,2.1159,150,-14.601081609725952,-13.749349117279053,-1.7627543
mid,d_gp_prior,d_gp_prior >= 2,h1_total_under,121,10.437626391649246,2.1879017,157,-18.498700857162476,-13.476596772670746,-1.7678839
postdl,h_l10_win,h_l10_win <= 0.4,tt_away_under,176,6.152569130063057,2.1427658,383,-15.434001386165619,-8.727824687957764,-1.7958974
stretch,st_a_gb_10,st_a_gb_10 <= -9,fg_ml_home,239,15.458352863788605,3.282316,270,-21.827590465545654,-10.796777904033661,-1.8018651
late,a_d3_opp,a_d3_opp <= -3.738,fg_ml_home,187,7.03996866941452,2.0083203,179,-22.574709355831146,-13.045710325241089,-1.8053228
veryLate,a_l5_cover,a_l5_cover == 0.6,fg_ml_home,159,12.92097419500351,2.2022598,139,-28.410232067108154,-15.489260852336884,-1.8149056
mid,h_d5_h1t,h_d5_h1t >= 3.675,fg_ml_fav,272,7.040058821439743,2.034284,191,-16.66341871023178,-9.169653058052063,-1.81843
all,a_d5_win,a_d5_win >= 0.1662,fg_total_under,462,4.962320625782013,2.2019873,448,-15.177462995052338,-8.244235813617706,-1.8283012
gp25,h_s2d_atsm,h_s2d_atsm >= 2.726,fg_total_over,174,10.824725031852722,2.2534428,181,-15.6379833817482,-13.005143404006958,-1.8334621
all,a_l5_h1m,a_l5_h1m < 0,tt_away_over,547,6.728699058294296,2.1022797,1154,-9.033579379320145,-5.1278650760650635,-1.8339161
gp25,h_d3_h1m,h_d3_h1m >= 5.371,fg_total_under,349,7.215417176485062,2.117576,345,-15.89256078004837,-9.447264671325684,-1.8383267
gp50,st_a_gb_10,st_a_gb_10 <= -9,fg_ml_home,210,9.536498785018921,2.4846644,256,-22.743086516857147,-11.025648564100266,-1.8384751
gp50,t60_total_point,t60_total_point <= 219,tt_home_over,168,3.437558189034462,2.1017268,138,-15.876740217208862,-14.924201369285583,-1.8477812
postdl,d_d3_opp,d_d3_opp <= -4.649,fg_ml_dog,264,21.94979041814804,2.369471,307,-37.50985264778137,-15.606427192687988,-1.8480165
all,a_s2d_over,a_s2d_over <= 0.4533,fg_total_over,691,4.160388186573982,2.321488,578,-9.501057118177414,-7.35684335231781,-1.8536116
gp50,h_s2d_cover,h_s2d_cover <= 0.4628,fg_ml_home,299,4.2220257222652435,2.118391,341,-21.418511867523193,-9.701073914766312,-1.866941
stretch,h_s2d_cover,h_s2d_cover <= 0.4615,fg_ml_home,347,4.6950943768024445,2.1271894,382,-20.459352433681488,-9.428539872169495,-1.8716402
all,h_d3_over,h_d3_over >= 0.3558,fg_ml_home,237,11.13983690738678,2.2855668,200,-20.597316324710846,-13.737571239471436,-1.884561
all,h_d3_over,h_d3_over >= 0.3558,fg_spread_home,231,9.087949991226196,2.1537695,198,-16.0458967089653,-12.794923782348633,-1.8854235
postdl,h_s2d_cover,h_s2d_cover <= 0.4464,fg_ml_home,180,16.3501039147377,2.9337695,249,-22.036729753017426,-11.63032278418541,-1.8865472
stretch,h_adj_def,h_adj_def >= 115.8,tt_away_under,170,7.702356576919556,2.0921466,253,-18.79487931728363,-11.30337193608284,-1.8909931
all,st_a_rank,st_a_rank <= 3,fg_ml_home,512,7.43270143866539,2.539408,504,-15.594436228275299,-8.734691143035889,-1.9021643
stretch,st_h_l10,st_h_l10 <= 0.4,tt_away_under,232,7.3527902364730835,2.3876312,432,-16.232502460479736,-8.740995079278946,-1.9108404
all,gbr_a,gbr_a <= -0.007463,fg_ml_home,748,3.51320244371891,2.0215378,722,-14.213454723358154,-7.353709638118744,-1.9167271
stretch,st_a_l10,st_a_l10 >= 0.6,fg_ml_home,498,4.074568673968315,2.4220927,472,-19.725900888442993,-8.695088326931,-1.9186299
gp25,st_a_l10,st_a_l10 >= 0.8,fg_total_under,202,11.521156132221222,2.2521548,221,-18.79095584154129,-12.345659732818604,-1.9227266
gp50,d_d5_opp,d_d5_opp <= -4.443,fg_spread_dog,294,4.543391615152359,2.2265031,278,-22.38437831401825,-11.030467599630356,-1.9302461
gp50,st_h_l10,st_h_l10 <= 0.4,tt_away_under,192,5.124117806553841,2.1612465,381,-16.98005050420761,-9.49101448059082,-1.9482617
gp25,st_a_win_pct,st_a_win_pct >= 0.6829,fg_ml_home,179,13.661634922027588,2.4694195,189,-23.0222687125206,-14.605066180229187,-1.9574699
stretch,st_a_l10,st_a_l10 >= 0.8,fg_ml_home,127,11.686611920595169,2.005178,165,-26.083695888519287,-15.052883327007294,-1.9638482
stretch,a_l10_win,a_l10_win >= 0.8,fg_ml_home,127,14.226177334785461,2.2660832,165,-26.083695888519287,-15.052883327007294,-1.9638482
gp25,st_a_playin_edge,st_a_playin_edge >= 13,fg_ml_home,180,16.903196275234222,2.8872898,306,-19.97096985578537,-11.553767323493958,-1.9703573
gp25,h_d5_h1t,h_d5_h1t >= 4.702,fg_ml_fav,350,4.849251359701157,2.5298116,325,-11.817050725221634,-7.304929196834564,-1.9815754
gp25,a_l10_margin,a_l10_margin <= -8.8,fg_ml_away,178,22.669287025928497,2.336739,235,-21.055391430854797,-17.52726435661316,-1.9936384
gp25,a_l10_win,a_l10_win >= 0.8,fg_total_under,202,10.57606190443039,2.1114287,220,-19.289591908454895,-12.844295799732208,-1.9958537
postdl,st_h_l10,st_h_l10 <= 0.4,tt_away_under,176,6.152569130063057,2.1427658,383,-16.422586143016815,-9.71640944480896,-1.9993154
all,h_d5_over,h_d5_over >= 0.2763,fg_ml_home,237,12.600070238113403,2.505304,146,-24.02205318212509,-17.16230809688568,-2.0115802
all,h_d5_h1t,h_d5_h1t >= 4.644,fg_ml_fav,474,5.307619646191597,2.568395,412,-11.570855230093002,-6.654833257198334,-2.0151706
stretch,a_l10_win,a_l10_win >= 0.6,fg_ml_home,501,3.5717878490686417,2.326784,471,-20.183919370174408,-9.153106808662415,-2.017554
postdl,h_s2d_cover,h_s2d_cover <= 0.4627,fg_ml_home,264,6.2452953308820724,2.0762928,340,-21.084922552108765,-10.678515583276749,-2.0240748
stretch,h_l3_margin_vs_need,h_l3_margin_vs_need <= -14.5,fg_ml_away,121,26.65020525455475,2.000107,140,-29.05689775943756,-23.245492577552795,-2.0595534
stretch,t60_total_point,t60_total_point <= 219.5,tt_home_over,185,4.201230779290199,2.1978757,181,-15.946854650974274,-14.587461948394775,-2.068515
gp25,st_d_l10,st_d_l10 <= -0.3,fg_ml_home,371,9.006565064191818,2.7078123,319,-20.373494923114777,-11.956292390823364,-2.0818648
gp25,a_d5_oum,a_d5_oum >= 6.16,tt_away_over,165,14.022360742092133,2.1599455,385,-13.589528203010559,-10.112912207841873,-2.0896547
all,h_s2d_own,h_s2d_own >= 119,tt_home_over,200,11.527828872203827,2.6734793,386,-14.437857270240784,-10.205817222595215,-2.1121776
all,a_s2d_margin,a_s2d_margin >= 5.538,fg_ml_home,238,10.12297049164772,2.137042,424,-17.45530366897583,-10.59555858373642,-2.116372
late,a_l3_oum,a_l3_oum >= 4.333,fg_ml_away,191,18.23895424604416,2.150845,236,-21.040520071983337,-18.85625422000885,-2.1363375
gp25,a_s2d_oum,a_s2d_oum <= -2.161,fg_total_over,173,21.397018432617188,3.7037556,232,-16.065827012062073,-13.432987034320831,-2.144046
stretch,d_l5_win,d_l5_win < 0,fg_ml_home,437,5.553402379155159,2.5507343,425,-21.304604411125183,-10.27379184961319,-2.1511536
gp25,d_l10_win,d_l10_win <= -0.4,fg_ml_home,227,8.844999223947525,2.095087,198,-24.201945960521698,-15.784743428230286,-2.1653633
gp25,d_l10_win,d_l10_win <= -0.3,fg_ml_home,376,7.47564509510994,2.4454687,319,-20.86675316095352,-12.44955062866211,-2.1677525
gp25,st_a_gb_10,st_a_gb_10 <= -10.5,fg_ml_home,181,15.663503110408783,2.737688,223,-23.317280411720276,-14.900077879428864,-2.1692102
gp25,st_a_gb_6,st_a_gb_6 <= -6,fg_ml_home,186,15.982155501842499,2.816312,200,-24.17013943195343,-15.752936899662018,-2.171887
stretch,st_d_l10,st_d_l10 < 0,fg_ml_home,509,3.8728345185518265,2.407205,486,-20.762813091278076,-9.732000529766083,-2.1790464
all,st_a_tank,st_a_tank == 1,fg_ml_away,140,22.68587052822113,2.4449215,152,-27.705150842666626,-23.612579703330994,-2.179504
stretch,d_l10_win,d_l10_win < 0,fg_ml_home,507,4.187227040529251,2.4670064,483,-20.81948220729828,-9.788669645786285,-2.1849597
all,st_a_l10,st_a_l10 >= 0.8,fg_ml_home,303,11.241861432790756,2.601648,350,-19.015318155288696,-12.155573070049286,-2.205945
all,h_s2d_oum,h_s2d_oum >= 2.204,tt_home_over,366,4.4901687651872635,2.1729946,587,-12.955133616924286,-8.723093569278717,-2.2262738
postdl,st_a_playin_edge,st_a_playin_edge >= 12.5,fg_ml_home,178,14.271433651447296,2.6679935,276,-23.563766479492188,-13.157358765602112,-2.2469814
all,h_l3_margin_vs_need,h_l3_margin_vs_need <= -14.67,fg_ml_dog,244,13.717320561408997,2.0062573,252,-27.99622118473053,-21.96148931980133,-2.2516267
postdl,st_a_gb_10,st_a_gb_10 <= -9.5,fg_ml_home,178,12.23679631948471,2.4238458,228,-24.913613498210907,-14.50720727443695,-2.251788
gp25,d_d5_opp,d_d5_opp <= -9.813,fg_ml_away,175,24.127718806266785,2.457549,181,-26.2058824300766,-22.67775535583496,-2.263798
all,h_d5_opp,h_d5_opp <= -6.636,h1_spread_away,162,13.072054088115692,2.45164,251,-17.018339037895203,-13.84497731924057,-2.2968013
gp25,st_a_rank,st_a_rank <= 2,fg_ml_home,233,21.922355890274048,4.00898,237,-23.7454354763031,-15.328232944011688,-2.300525
gp25,h_d5_opp,h_d5_opp <= -7.158,h1_spread_away,126,15.019266307353973,2.1229599,181,-18.699903786182404,-16.37243777513504,-2.306496
all,st_d_l10,st_d_l10 <= -0.4,fg_ml_home,257,11.196371167898178,2.3889105,279,-21.1914524435997,-14.33170735836029,-2.322123
all,a_l10_opp,a_l10_opp <= 109.4,fg_ml_home,445,6.707935780286789,2.2179854,436,-18.393395841121674,-11.533650755882263,-2.3361206
gp25,st_d_l10,st_d_l10 <= -0.4,fg_ml_home,221,10.27173325419426,2.2676473,197,-25.518137216567993,-17.10093468427658,-2.339988
all,a_l10_win,a_l10_win >= 0.8,fg_ml_home,259,14.88872617483139,2.9790335,298,-20.853757858276367,-13.994012773036957,-2.3433416
all,a_adj_def,a_adj_def <= 109.8,fg_ml_home,248,11.790483444929123,2.438162,249,-22.32637256383896,-15.466627478599548,-2.3674483
stretch,a_d3_oum,a_d3_oum >= 7.857,fg_ml_dog,227,21.642841398715973,2.211648,272,-36.43229901790619,-22.594693303108215,-2.4396946
all,d_l10_h1m,d_l10_h1m <= -8.74,fg_ml_dog,221,16.20308756828308,2.1521049,229,-31.040272116661072,-25.005540251731873,-2.4439275
gp50,a_l3_opp,a_l3_opp >= 120.7,fg_ml_away,204,22.58530855178833,2.1439562,256,-30.174514651298523,-19.83102411031723,-2.449294
all,h_l3_opp,h_l3_opp <= 107.3,h1_spread_away,258,9.40142348408699,2.4754994,473,-13.945263624191284,-10.771901905536652,-2.4531114
all,a_s2d_win,a_s2d_win >= 0.6812,fg_ml_home,240,12.042159587144852,2.4366262,310,-21.254129707813263,-14.394384622573853,-2.4584377
gp50,a_l3_oum,a_l3_oum >= 8.833,fg_ml_dog,200,22.496452927589417,2.2666914,221,-47.329580783843994,-24.66122955083847,-2.4820318
postdl,d_l10_own,d_l10_own <= -6.86,fg_ml_home,176,14.157377183437347,2.6393533,174,-28.727635741233826,-18.32122802734375,-2.484308
gp25,a_l10_h1m,a_l10_h1m >= 6.03,fg_ml_home,175,15.431523323059082,2.6629293,200,-26.594138145446777,-18.176935613155365,-2.506088
gp25,a_adj_def,a_adj_def <= 110.1,fg_ml_home,175,13.72605413198471,2.4497254,199,-26.75429880619049,-18.33709627389908,-2.5218415
gp25,st_a_rank,st_a_rank <= 3,fg_ml_home,359,8.524299412965775,2.5773098,350,-22.295263409614563,-13.87806087732315,-2.5311825
stretch,st_a_playin_edge,st_a_playin_edge >= 14.5,fg_ml_home,128,28.1274676322937,3.708766,219,-27.94841229915619,-16.917599737644196,-2.5427697
all,st_a_rank,st_a_rank <= 2,fg_ml_home,332,16.949431598186493,3.739853,332,-21.316269040107727,-14.456523954868317,-2.55516
stretch,a_l3_oum,a_l3_oum >= 8.733,fg_ml_dog,227,20.94610631465912,2.1480327,257,-38.44425678253174,-24.606651067733765,-2.5826387
gp50,a_d3_oum,a_d3_oum >= 8.204,fg_ml_dog,198,23.06792140007019,2.3039713,226,-48.370569944381714,-25.70222020149231,-2.6159012
all,st_a_gb_6,st_a_gb_6 <= -5,fg_ml_home,260,11.598944664001465,2.4662638,252,-23.880095779895782,-17.020350694656372,-2.6209214
stretch,st_a_win_pct,st_a_win_pct >= 0.5821,fg_ml_home,345,4.210318997502327,2.0389638,349,-24.885761737823486,-13.854949176311493,-2.6288383
stretch,a_s2d_win,a_s2d_win >= 0.6233,fg_ml_home,229,12.108317017555237,2.750758,235,-28.04996371269226,-17.019151151180267,-2.64983
gp25,d_s2d_h1m,d_s2d_h1m <= -5.698,fg_ml_home,175,14.174525439739227,2.5057898,222,-26.70961618423462,-18.292413651943207,-2.6571016
postdl,d_l10_win,d_l10_win < 0,fg_ml_home,378,3.5034574568271637,2.0050125,420,-23.22438359260559,-12.817975878715515,-2.700352
gp25,st_d_rank,st_d_rank >= 8,fg_ml_home,226,9.84703153371811,2.2328207,204,-27.89861261844635,-19.481410086154938,-2.712665
gp25,d_l5_h1m,d_l5_h1m <= -7.32,fg_ml_home,350,7.6346755027771,2.3875186,328,-23.966147005558014,-15.548944473266602,-2.7453551
late,a_d3_gtot,a_d3_gtot >= 5.22,fg_ml_away,187,17.37460345029831,2.0365458,214,-27.765163779258728,-25.58089792728424,-2.7598221
gp25,h_l3_margin_vs_need,h_l3_margin_vs_need <= -14.55,fg_ml_dog,175,28.917810320854187,2.6342442,200,-37.87512183189392,-30.446505546569824,-2.763924
stretch,d_l3_opp,d_l3_opp >= 10,fg_ml_home,231,7.863564044237137,2.1746042,216,-30.24851381778717,-19.217701256275177,-2.86863
stretch,st_a_gb_6,st_a_gb_6 <= -4,fg_ml_home,245,10.1902537047863,2.5715365,208,-30.666649341583252,-19.63583678007126,-2.8762543
gp25,st_d_playin_edge,st_d_playin_edge <= -9,fg_ml_home,370,5.293353274464607,2.029193,417,-23.471365869045258,-15.054163336753845,-2.9969902
gp25,gbr_fav,gbr_fav <= -0.4706,fg_ml_dog,175,23.36091250181198,2.171553,187,-42.40514039993286,-34.976524114608765,-3.0702312
gp25,h_l3_margin_vs_need,h_l3_margin_vs_need <= -14.55,fg_ml_away,175,24.250364303588867,2.4693713,200,-33.27054977416992,-29.742422699928284,-3.1209705
stretch,st_a_rank,st_a_rank <= 3,fg_ml_home,241,13.12035620212555,2.9651377,226,-31.589624285697937,-20.558811724185944,-3.1390517
gp50,d_l10_own,d_l10_own <= -6.7,fg_ml_home,203,12.814699113368988,2.8730938,181,-34.74798500537872,-23.03054630756378,-3.2290676
all,a_l10_h1m,a_l10_h1m >= 6.1,fg_ml_home,227,13.020403683185577,2.5137835,255,-27.90476381778717,-21.04501873254776,-3.2599025
veryLate,st_d_playin_edge,st_d_playin_edge <= -8.5,fg_ml_home,158,12.610478699207306,2.1626205,162,-39.22944366931915,-26.308470964431763,-3.327891
stretch,gbr_a,gbr_a <= -0.1875,fg_ml_home,232,8.288272470235825,2.2382796,226,-33.03551375865936,-22.00470119714737,-3.3598194
gp25,pair_l3_margin_vs_line,pair_l3_margin_vs_line <= -11.93,fg_ml_away,350,14.87826257944107,2.2145872,389,-27.085617184638977,-23.55749011039734,-3.447483
stretch,d_l10_win,d_l10_win <= -0.4,fg_ml_home,151,10.51236242055893,2.0549064,135,-40.30144512653351,-29.270631074905396,-3.4541817
stretch,d_l5_h1m,d_l5_h1m <= -7,fg_ml_home,234,8.589325845241547,2.2898898,230,-33.52771997451782,-22.49690741300583,-3.465237
stretch,c_tt_away_point,c_tt_away_point >= 117.5,fg_ml_home,130,15.538989007472992,2.4291494,302,-30.949991941452026,-19.919179379940033,-3.5157752
stretch,st_d_l10,st_d_l10 <= -0.3,fg_ml_home,251,16.06510579586029,3.4513416,201,-35.68815588951111,-24.657343327999115,-3.5505083
gp50,gbr_a,gbr_a <= -0.2143,fg_ml_home,201,6.569749116897583,2.0434408,203,-35.853102803230286,-24.135664105415344,-3.583776
stretch,st_d_l10,st_d_l10 <= -0.4,fg_ml_home,148,12.260843068361282,2.2283068,133,-41.92318022251129,-30.89236617088318,-3.6184552
gp25,d_l10_h1m,d_l10_h1m <= -8.8,fg_ml_home,176,18.50079894065857,3.0553176,177,-36.59690022468567,-28.179699182510376,-3.6549685
stretch,d_l10_win,d_l10_win <= -0.3,fg_ml_home,254,14.057080447673798,3.180158,200,-37.0665967464447,-26.035785675048828,-3.739658
stretch,st_a_rank,st_a_rank <= 2,fg_ml_home,154,25.920647382736206,3.818376,151,-41.31836295127869,-30.287551879882812,-3.7800615
stretch,st_a_gb_10,st_a_gb_10 <= -11.5,fg_ml_home,123,17.776693403720856,2.5890882,153,-41.33719205856323,-30.30638098716736,-3.8073783
gp25,d_l10_h1m,d_l10_h1m <= -5.9,fg_ml_home,353,6.618495285511017,2.2173066,340,-29.630079865455627,-21.212877333164215,-3.813289
stretch,st_a_gb_6,st_a_gb_6 <= -7,fg_ml_home,123,15.686394274234772,2.3777475,124,-44.80486512184143,-33.77405405044556,-3.8197966
gp50,st_a_rank,st_a_rank <= 2,fg_ml_home,132,14.847007393836975,2.531859,136,-43.995651602745056,-32.278212904930115,-3.922948
gp50,d_l10_win,d_l10_win <= -0.3,fg_ml_home,209,9.770305454730988,2.5098736,179,-40.890541672706604,-29.173102974891663,-4.067642
gp50,st_d_l10,st_d_l10 <= -0.3,fg_ml_home,205,11.262619495391846,2.6825354,180,-41.21892750263214,-29.5014888048172,-4.1249037
gp50,st_d_l10,st_d_l10 <= -0.4,fg_ml_home,123,14.088347554206848,2.3665261,121,-47.733741998672485,-36.016303300857544,-4.128815
gp50,d_l10_win,d_l10_win <= -0.4,fg_ml_home,125,12.845028936862946,2.2576573,121,-47.733741998672485,-36.016303300857544,-4.128815
all,d_l10_h1m,d_l10_h1m <= -8.74,fg_ml_home,221,15.287959575653076,2.809844,229,-35.19219160079956,-28.33244800567627,-4.1589823
gp25,d_l10_margin,d_l10_margin <= -12.33,fg_ml_home,175,12.889699637889862,2.3451712,212,-37.82997727394104,-29.412776231765747,-4.1750784
postdl,d_l10_win,d_l10_win <= -0.3,fg_ml_home,181,11.447352916002274,2.3486612,179,-40.890541672706604,-30.48413395881653,-4.1925344
postdl,st_d_l10,st_d_l10 <= -0.3,fg_ml_home,177,13.213638961315155,2.533915,180,-41.21892750263214,-30.812519788742065,-4.249518
stretch,st_d_rank,st_d_rank >= 8,fg_ml_home,148,14.220745861530304,2.4456708,121,-52.36713886260986,-41.33632779121399,-4.6181793
stretch,d_l10_h1m,d_l10_h1m <= -5.9,fg_ml_home,231,11.198331415653229,2.6366591,223,-43.16149353981018,-32.13068246841431,-4.873249
early,t4_total_point,t4_total_point <= 221.5,fg_ml_home,146,14.910528063774109,2.0364344,83,5.947377160191536,6.7712098360061646,
early,t60_total_point,t60_total_point <= 221.5,fg_ml_home,145,15.436270833015442,2.0955713,85,5.630896613001823,6.454729288816452,
early,d_l3_cover,d_l3_cover >= 0.3333,fg_spread_home,134,15.43569415807724,2.2621334,115,-2.0250312983989716,-2.331439219415188,
early,d_l3_cover,d_l3_cover >= 0.3333,fg_ml_home,138,17.905302345752716,2.3473077,117,7.651080936193466,8.474913984537125,
early,st_a_win_pct,st_a_win_pct >= 0.6667,fg_spread_home,136,13.82177621126175,2.0818853,112,0.6031274795532227,0.296719535253942,
early,st_a_gb_6,st_a_gb_6 <= -0.5,fg_spread_home,128,14.946557581424713,2.1529658,113,-1.9466251134872437,-2.25303303450346,
mid,h_d5_h1t,h_d5_h1t >= 5.267,fg_spread_fav,178,12.634623050689697,2.022998,112,-19.82008069753647,-11.55242845416069,
mid,h_d5_h1t,h_d5_h1t >= 5.267,fg_ml_fav,182,13.278041779994965,2.8539145,112,-21.602924168109894,-14.109158515930176,
mid,a_days_since_home,a_days_since_home >= 8,fg_total_under,124,12.393395602703094,2.3295336,114,-29.650303721427917,-29.062601923942566,
late,h_d3_oum,h_d3_oum <= -10.07,fg_spread_home,121,10.410235077142715,2.0516863,101,-5.486834421753883,-3.186061978340149,
late,a_s2d_gtot,a_s2d_gtot >= 235.6,fg_spread_fav,123,14.866359531879425,2.1466556,82,-23.138520121574402,-15.491950511932373,
late,a_l5_oum,a_l5_oum <= -8.14,fg_ml_home,124,12.29664459824562,2.2165208,90,-16.82676672935486,-7.297768443822861,
late,a_d5_oum,a_d5_oum <= -8.383,fg_ml_home,124,16.35056883096695,2.6646812,80,-16.837206482887268,-7.30820819735527,
late,a_s2d_h1t,a_s2d_h1t >= 118.1,fg_spread_home,120,14.563289284706116,2.5200307,106,-9.890395402908325,-7.589623332023621,
late,a_s2d_h1t,a_s2d_h1t >= 118.1,fg_ml_home,125,12.338041514158249,2.2300353,109,-12.227866053581238,-2.69886776804924,
late,d_d5_gtot,d_d5_gtot >= 10.58,fg_ml_home,125,14.141251146793365,2.4301817,106,-11.793074756860733,-2.2640764713287354,
late,d_l5_opp,d_l5_opp >= 9.6,fg_total_under,122,23.62145632505417,2.080245,107,-5.421816185116768,1.417238637804985,
late,d_l10_h1t,d_l10_h1t <= -6.9,fg_spread_home,121,16.724415123462677,2.7796738,102,-11.96352243423462,-9.662750363349915,
late,d_l10_h1t,d_l10_h1t <= -6.9,fg_ml_home,125,18.23660433292389,2.8847442,106,-14.376489818096161,-4.847491532564163,
late,pair_l3_gtot_vs_line,pair_l3_gtot_vs_line <= -7.333,fg_ml_home,126,14.891451597213745,2.523484,111,-4.350540786981583,5.178457498550415,
late,h_l3_gtot_vs_line,h_l3_gtot_vs_line <= -11,fg_spread_home,122,12.65236884355545,2.3197174,114,-2.8310704976320267,-0.5302980542182922,
late,h_l3_gtot_vs_line,h_l3_gtot_vs_line <= -11,fg_ml_home,125,15.239578485488892,2.5520904,117,-2.733806148171425,6.795191764831543,
late,pair_l3_oum,pair_l3_oum <= -7.667,fg_ml_home,126,11.507730185985565,2.1464095,85,-9.789619594812393,-0.2606213092803955,
late,meet_n,meet_n >= 4,fg_ml_home,120,13.304787874221802,2.290115,115,-4.086882993578911,5.442115291953087,
late,a_adj_tempo_pts,a_adj_tempo_pts <= 223.2,fg_spread_away,122,18.901416659355164,2.3857043,106,-24.280281364917755,-17.601218819618225,
late,a_adj_tempo_pts,a_adj_tempo_pts <= 223.2,fg_total_over,122,3.314175456762314,2.1113708,107,1.7190152779221535,3.9537180215120316,
late,a_adj_tempo_pts,a_adj_tempo_pts <= 223.2,fg_ml_away,125,22.254754602909088,2.0881588,107,-19.476453959941864,-17.292189598083496,
veryLate,t4_total_point,t4_total_point <= 220.5,fg_total_over,161,17.391623556613922,2.233431,100,3.1077470630407333,-2.295292913913727,
veryLate,t60_total_point,t60_total_point <= 220,fg_total_over,158,15.995723009109497,2.0284386,88,-2.356899343430996,-7.759939134120941,
veryLate,h_l5_win,h_l5_win == 0.4,fg_spread_home,133,13.476336002349854,2.6421134,94,5.638974905014038,5.774448439478874,
veryLate,h_l5_win,h_l5_win == 0.4,fg_ml_home,135,18.964524567127228,2.6176448,96,-2.6366760954260826,10.284294933080673,
veryLate,h_streak_ou,h_streak_ou <= -2,fg_spread_fav,126,19.68131810426712,2.3985047,113,18.303298950195312,12.500348687171936,
veryLate,d_l10_cover,d_l10_cover <= -0.2,fg_ml_home,133,20.206543803215027,2.718204,119,-16.09708070755005,-3.176109492778778,
veryLate,d_rest_days,d_rest_days >= 1,fg_total_under,130,8.684282004833221,2.19931,103,-12.878042459487915,1.6018271446228027,
stretch,t4_total_point,t4_total_point <= 215.5,fg_total_over,123,10.209793597459793,2.0876598,82,-9.181240200996399,-10.282409936189651,
stretch,h_gp_prior,h_gp_prior >= 79,fg_total_over,143,14.804019033908844,2.8268385,108,9.588655084371567,8.487485349178314,
gp50,t24_total_point,t24_total_point <= 218.5,fg_total_over,125,19.13401037454605,2.9205978,88,-0.1874782843515277,-0.9779885411262512,
gp25,h_d5_over,h_d5_over >= 0.2928,fg_ml_home,175,14.21508938074112,2.5108607,110,-24.848395586013794,-16.43119305372238,
gp25,st_a_gb_1,st_a_gb_1 <= 1,fg_ml_home,184,15.221008658409119,2.7035613,116,-24.469582736492157,-16.052380204200745,
postdl,open_total_point,open_total_point <= 218.8,fg_total_over,176,9.562935680150986,2.113993,118,-6.134791299700737,-6.575506180524826,
postdl,a_l10_over,a_l10_over <= 0.3,fg_total_under,225,11.999993026256561,2.4266033,105,-14.553181827068329,-5.035697668790817,
