market,model,mode,cut,venue,n,win,roi,blind_roi,delta
player_assists,qreg,mkt,top100%,cons,43087,51.22658806600599,-4.629120752407326,-5.2400634803230135,0.6109427279156874
player_assists,qreg,mkt,top100%,best,43213,52.26667900863167,-2.1903463548520756,-2.603864918629507,0.41351856377743124
player_assists,qreg,mkt,top25%,cons,10772,51.92164871890086,-3.846472188570311,-5.653582512779037,1.8071103242087263
player_assists,qreg,mkt,top25%,best,10804,52.75823768974453,-1.7507359534446862,-3.0777857915775195,1.3270498381328333
player_assists,qreg,mkt,top10%,cons,4309,51.520074263170116,-4.091115029955386,-6.340473792093153,2.249358762137767
player_assists,qreg,mkt,top10%,best,4322,52.05923183711245,-2.3136897392705436,-4.1095976501854965,1.795907910914953
player_assists,qreg,mkt,top5%,cons,2155,51.693735498839914,-4.0789179735559875,-6.327422882177437,2.2485049086214497
player_assists,qreg,mkt,top5%,best,2161,52.33688107357705,-2.348646578111344,-4.476295914268229,2.1276493361568845
player_assists,qreg,abs,top100%,cons,43087,54.92375890639868,-4.910004118196198,-5.2400634803230135,0.3300593621268151
player_assists,qreg,abs,top100%,best,43213,55.34908476615833,-2.6654828257659267,-2.603864918629507,-0.06161790713641979
player_assists,qreg,abs,top25%,cons,10772,58.587077608614926,-4.251872803746127,-5.83288318222002,1.5810103784738931
player_assists,qreg,abs,top25%,best,10804,58.728248796741944,-2.7364238572535537,-3.693910367353807,0.9574865101002534
player_assists,qreg,abs,top10%,cons,4309,59.52657229055466,-3.874926756307514,-7.110807825944129,3.2358810696366156
player_assists,qreg,abs,top10%,best,4322,59.64831096714484,-2.5637697892186817,-4.873048608251216,2.3092788190325346
player_assists,qreg,abs,top5%,cons,2155,59.62877030162414,-4.0327086249526305,-7.832265973367713,3.7995573484150826
player_assists,qreg,abs,top5%,best,2161,59.69458583988894,-3.0045057600816607,-6.147139329482206,3.1426335694005454
player_assists,qreg,under,top100%,cons,43087,51.247476036855666,-5.2400634803230135,-5.2400634803230135,0.0
player_assists,qreg,under,top100%,best,43213,52.8151250781015,-2.603864918629507,-2.603864918629507,0.0
player_assists,qreg,under,top25%,cons,10772,53.07278128481248,-2.460150195460668,-5.2400634803230135,2.7799132848623453
player_assists,qreg,under,top25%,best,10804,54.26693817104776,0.33019866624702926,-2.603864918629507,2.934063584876536
player_assists,qreg,under,top10%,cons,4309,52.79647249941982,-2.6724591972269627,-5.2400634803230135,2.567604283096051
player_assists,qreg,under,top10%,best,4322,53.91022674687645,0.1365102368998671,-2.603864918629507,2.740375155529374
player_assists,qreg,under,top5%,cons,2155,51.64733178654293,-4.0752132198926745,-5.2400634803230135,1.164850260430339
player_assists,qreg,under,top5%,best,2161,52.70708005552984,-1.1445766022667625,-2.603864918629507,1.4592883163627444
player_assists,resid,mkt,top100%,cons,43087,50.97593241580988,-5.0705915702333595,-5.2400634803230135,0.169471910089654
player_assists,resid,mkt,top100%,best,43213,52.262050771758496,-2.4986414536614796,-2.603864918629507,0.10522346496802726
player_assists,resid,mkt,top25%,cons,10772,52.5807649461567,-3.766666877858487,-6.640125923425878,2.873459045567391
player_assists,resid,mkt,top25%,best,10804,53.52647167715661,-1.313214171201995,-3.935771973121612,2.6225578019196174
player_assists,resid,mkt,top10%,cons,4309,52.1930842422836,-3.956199328621072,-6.395217749324966,2.4390184207038943
player_assists,resid,mkt,top10%,best,4324,53.16836262719704,-1.0777148739482163,-2.898111641682705,1.8203967677344886
player_assists,resid,mkt,top5%,cons,2155,51.554524361948964,-5.5507244698686,-7.398313413916497,1.8475889440478976
player_assists,resid,mkt,top5%,best,2161,52.61453031004165,-2.3675322808473545,-4.094620448248853,1.7270881674014986
player_assists,resid,abs,top100%,cons,43087,54.58258871585397,-4.774293021492636,-5.2400634803230135,0.46577045883037727
player_assists,resid,abs,top100%,best,43213,55.16858352810496,-2.4665058369500037,-2.603864918629507,0.13735908167950317
player_assists,resid,abs,top25%,cons,10772,56.39621240252507,-4.354699020752268,-5.576460417034986,1.2217613962827185
player_assists,resid,abs,top25%,best,10819,56.79822534430169,-2.2074476938082843,-2.9624536767090985,0.7550059829008142
player_assists,resid,abs,top10%,cons,4401,56.39627357418768,-3.958349662920313,-7.259967960408805,3.3016182974884924
player_assists,resid,abs,top10%,best,4401,56.759827311974554,-1.8166040214888755,-4.287850014379528,2.471245992890653
player_assists,resid,abs,top5%,cons,2218,54.73399458972047,-4.559885955695315,-8.966918100205707,4.407032144510391
player_assists,resid,abs,top5%,best,2217,55.20974289580515,-2.0809189123670744,-5.335611769031392,3.254692856664317
player_assists,resid,under,top100%,cons,43087,51.247476036855666,-5.2400634803230135,-5.2400634803230135,0.0
player_assists,resid,under,top100%,best,43213,52.8151250781015,-2.603864918629507,-2.603864918629507,0.0
player_assists,resid,under,top25%,cons,10772,54.01039732640178,-3.130012022444098,-5.2400634803230135,2.1100514578789156
player_assists,resid,under,top25%,best,10804,55.04442798963347,-0.7022194556067141,-2.603864918629507,1.9016454630227928
player_assists,resid,under,top10%,cons,4310,53.89791183294663,-3.1184561042387355,-5.2400634803230135,2.121607376084278
player_assists,resid,under,top10%,best,4322,54.83572420175844,-0.9633037736161006,-2.603864918629507,1.640561145013406
player_assists,resid,under,top5%,cons,2155,52.807424593967525,-4.145650161114757,-5.2400634803230135,1.0944133192082566
player_assists,resid,under,top5%,best,2161,53.91022674687645,-1.440351652580519,-2.603864918629507,1.163513266048988
player_assists,ridge,mkt,top100%,cons,43087,51.6513101399494,-3.77121093304316,-5.2400634803230135,1.4688525472798535
player_assists,ridge,mkt,top100%,best,43213,52.801240367482,-1.4228980280758068,-2.603864918629507,1.1809668905537
player_assists,ridge,mkt,top25%,cons,10772,54.242480505013,-0.7333313305493938,-6.039650386875109,5.306319056325715
player_assists,ridge,mkt,top25%,best,10804,55.10921880784895,1.106639699069097,-4.010948137149508,5.117587836218605
player_assists,ridge,mkt,top10%,cons,4309,56.20793687630541,-0.6131651645526722,-6.517528798746714,5.904363634194041
player_assists,ridge,mkt,top10%,best,4322,56.70985654789449,0.7712828511719569,-4.809977441736528,5.581260292908485
player_assists,ridge,mkt,top5%,cons,2155,56.380510440835266,-0.07238447251286695,-5.935760141801945,5.863375669289078
player_assists,ridge,mkt,top5%,best,2161,56.77926885701064,1.2507400320724777,-4.293238664324336,5.543978696396813
player_assists,ridge,abs,top100%,cons,43087,55.82194165293476,-4.104950125496821,-5.2400634803230135,1.135113354826193
player_assists,ridge,abs,top100%,best,43213,56.08728854742786,-1.9763245655519117,-2.603864918629507,0.6275403530775951
player_assists,ridge,abs,top25%,cons,10772,60.92647604901597,-1.8762771475948101,-6.407854099323259,4.531576951728449
player_assists,ridge,abs,top25%,best,10808,60.98260547742414,-0.5692215538483739,-4.34083879479296,3.771617240944586
player_assists,ridge,abs,top10%,cons,4311,62.050568313616324,-3.717818489154346,-7.425346423732905,3.707527934578559
player_assists,ridge,abs,top10%,best,4322,62.12401665895418,-2.7834949146978616,-6.418138372848454,3.6346434581505926
player_assists,ridge,abs,top5%,cons,2156,63.03339517625231,-2.9748930614821765,-5.871649277232352,2.896756215750176
player_assists,ridge,abs,top5%,best,2161,62.933826931975936,-2.26396093319986,-4.455518435681656,2.1915575024817957
player_assists,ridge,under,top100%,cons,43087,51.247476036855666,-5.2400634803230135,-5.2400634803230135,0.0
player_assists,ridge,under,top100%,best,43213,52.8151250781015,-2.603864918629507,-2.603864918629507,0.0
player_assists,ridge,under,top25%,cons,10772,52.81284812476792,-1.7066836810846822,-5.2400634803230135,3.5333797992383316
player_assists,ridge,under,top25%,best,10804,54.19289152165865,0.7229124956861861,-2.603864918629507,3.3267774143156927
player_assists,ridge,under,top10%,cons,4309,54.096077976328615,0.15874182051974897,-5.2400634803230135,5.3988053008427626
player_assists,ridge,under,top10%,best,4325,55.23699421965318,2.278943232718231,-2.603864918629507,4.882808151347738
player_assists,ridge,under,top5%,cons,2155,56.47331786542923,1.8279767700248417,-5.2400634803230135,7.068040250347855
player_assists,ridge,under,top5%,best,2161,57.288292457195745,3.969346290934367,-2.603864918629507,6.573211209563874
player_assists,clf,mkt,top100%,cons,43087,51.40993803235314,-4.333541659271653,-5.2400634803230135,0.9065218210513608
player_assists,clf,mkt,top100%,best,43213,52.8151250781015,-1.7234696057604575,-2.603864918629507,0.8803953128690494
player_assists,clf,mkt,top25%,cons,10772,50.714816190122534,-5.297857960094716,-4.776798828888506,-0.5210591312062105
player_assists,clf,mkt,top25%,best,10804,51.999259533506105,-2.7028359271384574,-1.9976271970852,-0.7052087300532575
player_assists,clf,mkt,top10%,cons,4309,50.17405430494314,-5.519945025582357,-4.523191338045797,-0.9967536875365592
player_assists,clf,mkt,top10%,best,4322,51.27255900046275,-3.0399852690460616,-2.272374745267015,-0.7676105237790467
player_assists,clf,mkt,top5%,cons,2155,49.88399071925754,-5.843127974224754,-4.769970507743464,-1.0731574664812902
player_assists,clf,mkt,top5%,best,2161,51.04118463674225,-2.914315746206754,-2.3707036561626134,-0.5436120900441406
player_assists,clf,abs,top100%,cons,43087,54.51296214635505,-5.010656288518022,-5.2400634803230135,0.22940719180499158
player_assists,clf,abs,top100%,best,43213,55.119987040936756,-2.737011929457447,-2.603864918629507,-0.13314701082794
player_assists,clf,abs,top25%,cons,10772,57.51949498700334,-4.893058559463408,-6.845346702946813,1.952288143483405
player_assists,clf,abs,top25%,best,10804,57.67308404294705,-3.190434369631318,-4.770022478424942,1.579588108793624
player_assists,clf,abs,top10%,cons,4309,58.22696681364585,-4.563465000001203,-5.911944752974476,1.3484797529732724
player_assists,clf,abs,top10%,best,4322,58.42202683942619,-2.7708382476319433,-3.580611715268228,0.8097734676362847
player_assists,clf,abs,top5%,cons,2155,59.164733178654295,-2.9674555309410713,-7.151950976688182,4.18449544574711
player_assists,clf,abs,top5%,best,2161,59.32438685793614,-1.2891327325308117,-4.894303922463434,3.605171189932623
player_assists,clf,under,top100%,cons,43087,51.247476036855666,-5.2400634803230135,-5.2400634803230135,0.0
player_assists,clf,under,top100%,best,43213,52.8151250781015,-2.603864918629507,-2.603864918629507,0.0
player_assists,clf,under,top25%,cons,10772,52.46008169327887,-3.131560249218833,-5.2400634803230135,2.1085032311041805
player_assists,clf,under,top25%,best,10804,53.99851906701222,-0.35980248376203,-2.603864918629507,2.2440624348674767
player_assists,clf,under,top10%,cons,4309,51.75214666976097,-3.853302866213558,-5.2400634803230135,1.3867606141094555
player_assists,clf,under,top10%,best,4322,53.3317908375752,-1.017477047879185,-2.603864918629507,1.5863878707503218
player_assists,clf,under,top5%,cons,2155,51.92575406032483,-2.8349038453776987,-5.2400634803230135,2.405159634945315
player_assists,clf,under,top5%,best,2161,53.262378528459045,-0.23686984577205436,-2.603864918629507,2.3669950728574527
player_assists,mlp,mkt,top100%,cons,43087,50.69278436651427,-5.81449834353179,-5.2400634803230135,-0.5744348632087766
player_assists,mlp,mkt,top100%,best,43213,52.08154953370514,-3.178823292993339,-2.603864918629507,-0.574958374363832
player_assists,mlp,mkt,top25%,cons,10772,51.308949127367256,-5.236862090233308,-8.135054717265758,2.89819262703245
player_assists,mlp,mkt,top25%,best,10804,52.69344687152906,-2.748090665413688,-5.54740792267943,2.7993172572657423
player_assists,mlp,mkt,top10%,cons,4309,51.10234393130657,-5.17887646428779,-6.720492833726892,1.5416163694391019
player_assists,mlp,mkt,top10%,best,4322,52.66080518278575,-2.6714513611870747,-4.029560033947381,1.3581086727603062
player_assists,mlp,mkt,top5%,cons,2155,50.81206496519721,-5.01998906898941,-5.847743475796728,0.8277544068073173
player_assists,mlp,mkt,top5%,best,2161,52.56825543729755,-2.559088926964036,-3.558465834295016,0.9993769073309804
player_assists,mlp,abs,top100%,cons,43087,54.150903984960664,-5.677111023446873,-5.2400634803230135,-0.4370475431238594
player_assists,mlp,abs,top100%,best,43213,54.79832457825191,-3.366958089199564,-2.603864918629507,-0.7630931705700572
player_assists,mlp,abs,top25%,cons,10772,57.33382844411437,-5.191513531897709,-7.141285189633205,1.9497716577354964
player_assists,mlp,abs,top25%,best,10804,57.72861902998889,-3.3302982122268734,-5.085823611831806,1.7555253996049327
player_assists,mlp,abs,top10%,cons,4309,57.73961475980506,-5.9021024229244885,-8.328789476729733,2.426687053805245
player_assists,mlp,abs,top10%,best,4322,58.1906524757057,-4.18436224402128,-6.407948643010504,2.223586398989224
player_assists,mlp,abs,top5%,cons,2155,59.767981438515086,-2.778690425536472,-9.193768418305433,6.415077992768961
player_assists,mlp,abs,top5%,best,2161,60.24988431281814,-1.149390892318309,-7.298616268523365,6.149225376205056
player_assists,mlp,under,top100%,cons,43087,51.247476036855666,-5.2400634803230135,-5.2400634803230135,0.0
player_assists,mlp,under,top100%,best,43213,52.8151250781015,-2.603864918629507,-2.603864918629507,0.0
player_assists,mlp,under,top25%,cons,10772,51.308949127367256,-5.187515992459603,-5.2400634803230135,0.05254748786341068
player_assists,mlp,under,top25%,best,10804,52.72121436504998,-2.3780996999842996,-2.603864918629507,0.22576521864520727
player_assists,mlp,under,top10%,cons,4309,50.75423532142028,-5.473300502703621,-5.2400634803230135,-0.2332370223806075
player_assists,mlp,under,top10%,best,4322,52.1749190189727,-2.869948205546282,-2.603864918629507,-0.2660832869167753
player_assists,mlp,under,top5%,cons,2155,50.48723897911833,-5.608820721610793,-5.2400634803230135,-0.36875724128777954
player_assists,mlp,under,top5%,best,2161,52.05923183711245,-2.8956849781355887,-2.603864918629507,-0.2918200595060818
player_assists,stack,mkt,top100%,cons,35495,52.7031976334695,-3.840726916429644,-4.797830349258141,0.9571034328284971
player_assists,stack,mkt,top100%,best,35622,53.711189714221554,-1.5124503007121721,-2.153497306871278,0.6410470061591058
player_assists,stack,mkt,top25%,cons,8890,54.43194600674916,-2.7152074389033967,-5.280648176259748,2.5654407373563517
player_assists,stack,mkt,top25%,best,8922,55.021295673615775,-0.794065615917583,-2.8887723077976286,2.0947066918800457
player_assists,stack,mkt,top10%,cons,3550,55.54929577464789,-1.5644098906449868,-5.065680738905786,3.5012708482607993
player_assists,stack,mkt,top10%,best,3563,55.8798765085602,-0.07120431423053425,-3.0489882022987214,2.977783888068187
player_assists,stack,mkt,top5%,cons,1775,55.267605633802816,-2.853841183890759,-3.5668862168218047,0.7130450329310456
player_assists,stack,mkt,top5%,best,1783,55.63656758272574,-1.5407572618977647,-1.527867722364202,-0.012889539533562644
player_assists,stack,abs,top100%,cons,35495,55.82476405127482,-5.3697899405864575,-4.797830349258141,-0.5719595913283166
player_assists,stack,abs,top100%,best,35622,56.02155971029139,-3.2625204545257134,-2.153497306871278,-1.1090231476544354
player_assists,stack,abs,top25%,cons,9306,61.17558564367075,-4.389182247450448,-6.417456319863479,2.0282740724130317
player_assists,stack,abs,top25%,best,9313,61.204767529260174,-3.1588682308625065,-4.42749734059525,1.2686291097327431
player_assists,stack,abs,top10%,cons,3834,62.310902451747516,-5.630558841105358,-6.791552340045345,1.1609934989399866
player_assists,stack,abs,top10%,best,3835,62.32073011734028,-4.740734150077094,-5.623612204928442,0.8828780548513482
player_assists,stack,abs,top5%,cons,1814,65.10474090407938,-3.9098112428070033,-7.238987972087083,3.3291767292800793
player_assists,stack,abs,top5%,best,1814,65.10474090407938,-3.261721673059095,-6.30069929683353,3.038977623774435
player_assists,stack,under,top100%,cons,35495,51.48330750809973,-4.797830349258141,-4.797830349258141,0.0
player_assists,stack,under,top100%,best,35622,53.1497389253832,-2.153497306871278,-2.153497306871278,0.0
player_assists,stack,under,top25%,cons,8876,53.94321766561514,-3.1434692190594906,-4.797830349258141,1.6543611301986503
player_assists,stack,under,top25%,best,8906,54.78329216258702,-0.9263183303343,-2.153497306871278,1.2271789765369778
player_assists,stack,under,top10%,cons,3550,55.52112676056338,-1.0081371690185976,-4.797830349258141,3.789693180239543
player_assists,stack,under,top10%,best,3566,56.05720695457095,0.8161188375394932,-2.153497306871278,2.969616144410771
player_assists,stack,under,top5%,cons,1775,55.49295774647888,-2.0564681375530403,-4.797830349258141,2.7413622117051006
player_assists,stack,under,top5%,best,1782,56.060606060606055,-0.3128044265421686,-2.153497306871278,1.8406928803291094
player_blocks,qreg,mkt,top100%,cons,37428,54.48594635032597,-3.277939887042737,-3.3138795169459536,0.03593962990321664
player_blocks,qreg,mkt,top100%,best,37492,54.69966926277606,-2.1309509728718727,-2.3076021075439495,0.17665113467207672
player_blocks,qreg,mkt,top25%,cons,9357,54.66495671689644,-0.35218655891088235,-2.0050493330862245,1.652862774175342
player_blocks,qreg,mkt,top25%,best,9373,54.89171023151606,0.9761586713775632,-0.9014735363799811,1.8776322077575442
player_blocks,qreg,mkt,top10%,cons,3743,52.337697034464334,-1.030734522980291,-3.169345664621323,2.1386111416410323
player_blocks,qreg,mkt,top10%,best,3750,52.45333333333333,0.22739355087280275,-2.019722153345744,2.2471157042185466
player_blocks,qreg,mkt,top5%,cons,1872,52.56410256410257,-1.265083291591742,-4.217925731442932,2.95284243985119
player_blocks,qreg,mkt,top5%,best,1875,52.74666666666666,0.1703017298380534,-3.0928219985961913,3.2631237284342447
player_blocks,qreg,abs,top100%,cons,37428,66.15635353211499,-4.003878954614446,-3.3138795169459536,-0.6899994376684928
player_blocks,qreg,abs,top100%,best,37492,66.21679291582204,-3.0615228510559223,-2.3076021075439495,-0.7539207435119728
player_blocks,qreg,abs,top25%,cons,9357,81.81040931922625,-1.7795047342643482,-1.7245042753408157,-0.05500045892353245
player_blocks,qreg,abs,top25%,best,9373,81.7987837405313,-1.3650607696455062,-1.3254891372370539,-0.039571632408452295
player_blocks,qreg,abs,top10%,cons,3743,84.66470745391396,-3.397921648950396,-3.327790737916466,-0.07013091103392988
player_blocks,qreg,abs,top10%,best,3750,84.66666666666667,-3.0501718521118164,-2.979505182902018,-0.07066666920979836
player_blocks,qreg,abs,top5%,cons,1872,85.57692307692307,-2.787909478458584,-2.787909478458584,0.0
player_blocks,qreg,abs,top5%,best,1875,85.6,-2.3917328262329103,-2.3917328262329103,0.0
player_blocks,qreg,under,top100%,cons,37428,64.47044993053329,-3.3138795169459536,-3.3138795169459536,0.0
player_blocks,qreg,under,top100%,best,37492,64.70447028699456,-2.3076021075439495,-2.3076021075439495,0.0
player_blocks,qreg,under,top25%,cons,9357,65.04221438495244,0.18429100048443925,-3.3138795169459536,3.4981705174303928
player_blocks,qreg,under,top25%,best,9373,65.27259148618371,1.2889859733085018,-2.3076021075439495,3.5965880808524515
player_blocks,qreg,under,top10%,cons,3743,64.38685546353192,0.8140681740946544,-3.3138795169459536,4.127947691040608
player_blocks,qreg,under,top10%,best,3750,64.61333333333333,1.9023789978027343,-2.3076021075439495,4.209981105346683
player_blocks,qreg,under,top5%,cons,1872,63.942307692307686,-0.08408705520833659,-3.3138795169459536,3.229792461737617
player_blocks,qreg,under,top5%,best,1875,64.10666666666667,1.0485723431905112,-2.3076021075439495,3.3561744507344606
player_blocks,resid,mkt,top100%,cons,37428,59.415410922304154,-4.85650993182107,-3.3138795169459536,-1.5426304148751164
player_blocks,resid,mkt,top100%,best,37492,59.65272591486184,-3.753413911958546,-2.3076021075439495,-1.4458118044145967
player_blocks,resid,mkt,top25%,cons,9357,54.14128459976488,-6.063406846074068,-3.5510389292942124,-2.512367916779856
player_blocks,resid,mkt,top25%,best,9374,54.49114572221036,-4.253892736290471,-2.0155407598030344,-2.2383519764874364
player_blocks,resid,mkt,top10%,cons,3743,48.11648410366017,-5.8704987490779095,-4.157714696609493,-1.7127840524684164
player_blocks,resid,mkt,top10%,best,3750,48.586666666666666,-3.8398642508188883,-2.0068990325927736,-1.8329652182261147
player_blocks,resid,mkt,top5%,cons,1872,43.269230769230774,-8.868327297461338,-3.0014146469597125,-5.866912650501625
player_blocks,resid,mkt,top5%,best,1876,43.81663113006397,-6.842714065173541,-1.2751685530900447,-5.5675455120834965
player_blocks,resid,abs,top100%,cons,37428,64.21128566848348,-4.9608376567099,-3.3138795169459536,-1.6469581397639468
player_blocks,resid,abs,top100%,best,37492,64.33372452789928,-3.982515796696276,-2.3076021075439495,-1.6749136891523264
player_blocks,resid,abs,top25%,cons,9777,74.28659097882786,-3.580985533090119,-3.538135257103307,-0.04285027598681168
player_blocks,resid,abs,top25%,best,9786,74.31023911710606,-2.714197928740304,-2.6300931680965056,-0.08410476064379857
player_blocks,resid,abs,top10%,cons,4518,78.95086321381142,-2.790030479536694,-2.3482366756508446,-0.44179380388584955
player_blocks,resid,abs,top10%,best,4519,78.95552113299402,-1.9470666752211894,-1.450553128191211,-0.4965135470299784
player_blocks,resid,abs,top5%,cons,2348,77.08688245315162,-2.7230486756085943,-3.132466177314875,0.4094175017062809
player_blocks,resid,abs,top5%,best,2349,77.09663686675181,-1.5133428137167406,-1.822300812902731,0.3089579991859903
player_blocks,resid,under,top100%,cons,37428,64.47044993053329,-3.3138795169459536,-3.3138795169459536,0.0
player_blocks,resid,under,top100%,best,37492,64.70447028699456,-2.3076021075439495,-2.3076021075439495,0.0
player_blocks,resid,under,top25%,cons,9364,68.8808201623238,-1.8931741059615745,-3.3138795169459536,1.420705410984379
player_blocks,resid,under,top25%,best,9383,68.92251945006927,-0.9373795448761815,-2.3076021075439495,1.370222562667768
player_blocks,resid,under,top10%,cons,3746,64.76241324079017,-2.020599160420977,-3.3138795169459536,1.2932803565249764
player_blocks,resid,under,top10%,best,3755,64.84687083888149,-0.547394187409138,-2.3076021075439495,1.7602079201348113
player_blocks,resid,under,top5%,cons,1872,61.111111111111114,-1.92249804480463,-3.3138795169459536,1.3913814721413236
player_blocks,resid,under,top5%,best,1875,61.28,-0.18738779067993164,-2.3076021075439495,2.120214316864018
player_blocks,ridge,mkt,top100%,cons,37428,55.70962915464358,-4.091236134796962,-3.3138795169459536,-0.7773566178510087
player_blocks,ridge,mkt,top100%,best,37492,56.049290515309934,-2.921689046328418,-2.3076021075439495,-0.6140869387844687
player_blocks,ridge,mkt,top25%,cons,9358,57.544347082709976,-2.145996899349003,0.02756740807926433,-2.1735643074282676
player_blocks,ridge,mkt,top25%,best,9373,58.1670756428038,-1.099889232371363,0.9639573354140094,-2.0638465677853723
player_blocks,ridge,mkt,top10%,cons,3748,57.817502668089645,-0.762657717808588,0.2845604747947278,-1.047218192603316
player_blocks,ridge,mkt,top10%,best,3755,58.641810918774965,-0.15876778273703096,0.9208741772190708,-1.0796419599561018
player_blocks,ridge,mkt,top5%,cons,1872,57.90598290598291,-1.0641796657672296,1.2179634637302823,-2.282143129497512
player_blocks,ridge,mkt,top5%,best,1877,59.030367607884926,-0.4475696326953398,1.8483633301521019,-2.2959329628474414
player_blocks,ridge,abs,top100%,cons,37428,66.41284599764882,-4.174587802269322,-3.3138795169459536,-0.8607082853233683
player_blocks,ridge,abs,top100%,best,37492,66.48885095487037,-3.2490130754363173,-2.3076021075439495,-0.9414109678923679
player_blocks,ridge,abs,top25%,cons,9603,81.13089659481412,-2.8249002615263175,-2.8249002615263175,0.0
player_blocks,ridge,abs,top25%,best,9603,81.16213683223992,-2.5175391752546337,-2.5175391752546337,0.0
player_blocks,ridge,abs,top10%,cons,4158,82.65993265993265,-4.342240992505256,-4.342240992505256,0.0
player_blocks,ridge,abs,top10%,best,4158,82.73208273208273,-4.022762854549964,-4.022762854549964,0.0
player_blocks,ridge,abs,top5%,cons,3105,83.47826086956522,-4.04795731899243,-4.04795731899243,0.0
player_blocks,ridge,abs,top5%,best,3105,83.47826086956522,-4.005731223286062,-4.005731223286062,0.0
player_blocks,ridge,under,top100%,cons,37428,64.47044993053329,-3.3138795169459536,-3.3138795169459536,0.0
player_blocks,ridge,under,top100%,best,37492,64.70447028699456,-2.3076021075439495,-2.3076021075439495,0.0
player_blocks,ridge,under,top25%,cons,9357,62.03911510099391,-0.0922480811290001,-3.3138795169459536,3.2216314358169535
player_blocks,ridge,under,top25%,best,9386,62.529298955891754,0.8951245519161327,-2.3076021075439495,3.2027266594600823
player_blocks,ridge,under,top10%,cons,3743,60.69997328346246,0.6906532808131086,-3.3138795169459536,4.004532797759063
player_blocks,ridge,under,top10%,best,3755,61.46471371504661,1.3939456361905236,-2.3076021075439495,3.701547743734473
player_blocks,ridge,under,top5%,cons,1882,61.795961742826776,2.302316493106319,-3.3138795169459536,5.616196010052272
player_blocks,ridge,under,top5%,best,1883,62.71906532129581,2.802370763242846,-2.3076021075439495,5.1099728707867955
player_blocks,clf,mkt,top100%,cons,37428,55.971465213209356,-4.684606331770932,-3.3138795169459536,-1.3707268148249785
player_blocks,clf,mkt,top100%,best,37492,56.24133148404993,-3.576467518400487,-2.3076021075439495,-1.2688654108565376
player_blocks,clf,mkt,top25%,cons,9357,55.19931602009191,-2.282312677700805,-1.6192648659739035,-0.6630478117269014
player_blocks,clf,mkt,top25%,best,9373,55.52117785127494,-0.9134172757330972,-0.24450323338265936,-0.6689140423504378
player_blocks,clf,mkt,top10%,cons,3743,50.52097248196634,-4.050579941785498,-1.1060795999293083,-2.94450034185619
player_blocks,clf,mkt,top10%,best,3750,50.77333333333334,-2.677697436014811,0.29085071563720705,-2.9685481516520182
player_blocks,clf,mkt,top5%,cons,1872,48.61111111111111,-3.220769890353211,-0.5863495998912388,-2.6344202904619722
player_blocks,clf,mkt,top5%,best,1875,48.85333333333333,-1.6651911799112955,1.1445729891459149,-2.8097641690572104
player_blocks,clf,abs,top100%,cons,37428,65.4135941006733,-4.382791077210325,-3.3138795169459536,-1.0689115602643717
player_blocks,clf,abs,top100%,best,37492,65.49663928304706,-3.4181820631510518,-2.3076021075439495,-1.1105799556071023
player_blocks,clf,abs,top25%,cons,9357,80.64550603826012,-2.6365524175598463,-2.625150397456557,-0.011402020103289168
player_blocks,clf,abs,top25%,best,9373,80.67854475621465,-2.1779768840615197,-2.159524826233763,-0.018452057827756718
player_blocks,clf,abs,top10%,cons,3743,84.55784130376703,-2.753648587863075,-2.708117588618016,-0.04553099924505899
player_blocks,clf,abs,top10%,best,3750,84.56,-2.3730785338083904,-2.325078535079956,-0.04799999872843452
player_blocks,clf,abs,top5%,cons,1872,85.09615384615384,-3.7200131477453766,-3.7200131477453766,0.0
player_blocks,clf,abs,top5%,best,1875,85.06666666666666,-3.358278210957845,-3.358278210957845,0.0
player_blocks,clf,under,top100%,cons,37428,64.47044993053329,-3.3138795169459536,-3.3138795169459536,0.0
player_blocks,clf,under,top100%,best,37492,64.70447028699456,-2.3076021075439495,-2.3076021075439495,0.0
player_blocks,clf,under,top25%,cons,9357,62.43454098535855,-0.28614427488660715,-3.3138795169459536,3.0277352420593466
player_blocks,clf,under,top25%,best,9373,62.81873466339486,1.0362520157356063,-2.3076021075439495,3.343854123279556
player_blocks,clf,under,top10%,cons,3743,57.70772107934812,-1.1409078566683444,-3.3138795169459536,2.172971660277609
player_blocks,clf,under,top10%,best,3750,58.18666666666667,0.36849135398864746,-2.3076021075439495,2.676093461532597
player_blocks,clf,under,top5%,cons,1872,55.608974358974365,-0.3931214412053426,-3.3138795169459536,2.920758075740611
player_blocks,clf,under,top5%,best,1875,55.946666666666665,1.2655572573343912,-2.3076021075439495,3.5731593648783404
player_blocks,mlp,mkt,top100%,cons,37428,57.09094795340387,-4.835250943125192,-3.3138795169459536,-1.5213714261792388
player_blocks,mlp,mkt,top100%,best,37492,57.36690493972048,-3.797044204467518,-2.3076021075439495,-1.4894420969235687
player_blocks,mlp,mkt,top25%,cons,9357,57.09094795340387,-2.2060782822505702,-1.9426353673108359,-0.2634429149397344
player_blocks,mlp,mkt,top25%,best,9373,57.793662648031585,-1.0580800862395239,-0.7904126310150105,-0.2676674552245134
player_blocks,mlp,mkt,top10%,cons,3743,54.234571199572535,-0.746255206959852,0.41928921286001775,-1.1655444198198697
player_blocks,mlp,mkt,top10%,best,3750,55.52,0.7658037344614664,2.0996833133697512,-1.333879578908285
player_blocks,mlp,mkt,top5%,cons,1872,52.45726495726496,-0.41677876670136416,-0.8111242045704117,0.3943454378690475
player_blocks,mlp,mkt,top5%,best,1875,54.24,1.0131945164998373,0.7312649536132813,0.281929562886556
player_blocks,mlp,abs,top100%,cons,37428,65.86779950838945,-3.791543721604885,-3.3138795169459536,-0.47766420465893145
player_blocks,mlp,abs,top100%,best,37492,66.02475194708204,-2.817424560107023,-2.3076021075439495,-0.5098224525630735
player_blocks,mlp,abs,top25%,cons,9357,80.56000854974886,-3.3105924927781913,-3.3225019428864293,0.011909450108237962
player_blocks,mlp,abs,top25%,best,9373,80.55051744372133,-2.9642864414712835,-2.980046551827622,0.015760110356338508
player_blocks,mlp,abs,top10%,cons,3743,84.42425861608336,-3.4590834606913616,-3.497674014203344,0.03859055351198215
player_blocks,mlp,abs,top10%,best,3750,84.39999999999999,-3.1757525126139323,-3.2142710304260254,0.038518517812093034
player_blocks,mlp,abs,top5%,cons,1872,86.21794871794873,-3.1511527796586356,-3.1511527796586356,0.0
player_blocks,mlp,abs,top5%,best,1875,86.24000000000001,-2.8338084983825684,-2.8338084983825684,0.0
player_blocks,mlp,under,top100%,cons,37428,64.47044993053329,-3.3138795169459536,-3.3138795169459536,0.0
player_blocks,mlp,under,top100%,best,37492,64.70447028699456,-2.3076021075439495,-2.3076021075439495,0.0
player_blocks,mlp,under,top25%,cons,9357,62.52003847386983,-0.7428073584937865,-3.3138795169459536,2.571072158452167
player_blocks,mlp,under,top25%,best,9373,63.11746505921263,0.34414741815656347,-2.3076021075439495,2.651749525700513
player_blocks,mlp,under,top10%,cons,3743,57.600854929201176,1.2090689576057518,-3.3138795169459536,4.522948474551706
player_blocks,mlp,under,top10%,best,3750,58.879999999999995,2.8134405326843264,-2.3076021075439495,5.121042640228276
player_blocks,mlp,under,top5%,cons,1872,54.32692307692307,0.10798958759022574,-3.3138795169459536,3.4218691045361793
player_blocks,mlp,under,top5%,best,1875,56.10666666666667,1.6974112383524576,-2.3076021075439495,4.005013345896407
player_blocks,stack,mkt,top100%,cons,29712,63.35487345180398,-3.010684960733901,-3.330219543037969,0.31953458230406806
player_blocks,stack,mkt,top100%,best,29773,63.54750948846271,-2.1087802541919403,-2.452854708092856,0.34407445390091596
player_blocks,stack,mkt,top25%,cons,7435,69.1324815063887,-0.8348374360346843,-0.9104615918886125,0.07562415585392823
player_blocks,stack,mkt,top25%,best,7445,69.29482874412358,0.032855614149146145,-0.08898972984606024,0.12184534399520638
player_blocks,stack,mkt,top10%,cons,2982,70.12072434607646,-0.7143461808192498,-0.8263805582569719,0.11203437743772204
player_blocks,stack,mkt,top10%,best,2986,70.2947086403215,0.010036843300504486,-0.10760824550978705,0.11764508881029154
player_blocks,stack,mkt,top5%,cons,1533,69.9934768427919,0.2553795570652234,-0.3426374521274156,0.598017009192639
player_blocks,stack,mkt,top5%,best,1534,70.27379400260756,1.1056051882180582,0.5307556053494847,0.5748495828685735
player_blocks,stack,abs,top100%,cons,29712,66.76763597199783,-4.657931280396096,-3.330219543037969,-1.3277117373581273
player_blocks,stack,abs,top100%,best,29773,66.83572364222617,-3.871924379557152,-2.452854708092856,-1.4190696714642956
player_blocks,stack,abs,top25%,cons,7482,82.43785084202085,-3.0455063718807502,-3.0455063718807502,0.0
player_blocks,stack,abs,top25%,best,7482,82.43785084202085,-2.877323117940638,-2.877323117940638,0.0
player_blocks,stack,abs,top10%,cons,3059,85.19123896698268,-3.930096752544601,-3.930096752544601,0.0
player_blocks,stack,abs,top10%,best,3059,85.19123896698268,-3.825588778133835,-3.825588778133835,0.0
player_blocks,stack,abs,top5%,cons,1686,87.01067615658363,-3.42332196829582,-3.42332196829582,0.0
player_blocks,stack,abs,top5%,best,1686,87.01067615658363,-3.2700550301643454,-3.2700550301643454,0.0
player_blocks,stack,under,top100%,cons,29712,64.72132471728594,-3.330219543037969,-3.330219543037969,0.0
player_blocks,stack,under,top100%,best,29773,64.97497732845196,-2.452854708092856,-2.452854708092856,0.0
player_blocks,stack,under,top25%,cons,7428,69.38610662358643,-0.8286662395756669,-3.330219543037969,2.501553303462302
player_blocks,stack,under,top25%,best,7445,69.50973807924782,-0.00927914862187618,-2.452854708092856,2.44357555947098
player_blocks,stack,under,top10%,cons,2972,70.39030955585464,-0.3517532011702115,-3.330219543037969,2.9784663418677573
player_blocks,stack,under,top10%,best,2978,70.55070517125588,0.35718458062294267,-2.452854708092856,2.810039288715799
player_blocks,stack,under,top5%,cons,1508,70.026525198939,0.11081072632766845,-3.330219543037969,3.4410302693656374
player_blocks,stack,under,top5%,best,1509,70.311464546057,0.9632716438010326,-2.452854708092856,3.416126351893889
player_points,qreg,mkt,top100%,cons,46518,50.70295369534373,-5.13960924171726,-3.794376711950159,-1.3452325297671006
player_points,qreg,mkt,top100%,best,46600,52.08798283261803,-1.9148078939433772,-0.30085729606161815,-1.6139505978817592
player_points,qreg,mkt,top25%,cons,11630,52.11521926053311,-2.6891024893763142,-2.925530617747549,0.2364281283712346
player_points,qreg,mkt,top25%,best,11650,53.17596566523605,0.2942335523760881,0.4242845594627151,-0.13005100708662698
player_points,qreg,mkt,top10%,cons,4652,52.12811693895099,-2.283220122522664,-1.7463783431647668,-0.5368417793578972
player_points,qreg,mkt,top10%,best,4660,53.261802575107296,0.7376349125808913,1.6646552060295072,-0.9270202934486159
player_points,qreg,mkt,top5%,cons,2326,53.1384350816853,-0.2915978329200121,-0.07769143591640534,-0.21390639700360678
player_points,qreg,mkt,top5%,best,2330,54.248927038626604,2.6912344934602666,3.497640201462185,-0.8064057080019182
player_points,qreg,abs,top100%,cons,46518,51.16729008125886,-4.928897882380199,-3.794376711950159,-1.1345211704300402
player_points,qreg,abs,top100%,best,46600,52.38841201716738,-1.7217007412419298,-0.30085729606161815,-1.4208434451803118
player_points,qreg,abs,top25%,cons,11630,52.84608770421324,-2.3918723691053057,-2.6795931653738636,0.28772079626855795
player_points,qreg,abs,top25%,best,11650,53.66523605150214,0.4058741929705051,0.6677066399815768,-0.26183244701107167
player_points,qreg,abs,top10%,cons,4652,53.654342218400686,-0.9784705558934298,-2.066414520746659,1.0879439648532294
player_points,qreg,abs,top10%,best,4660,54.52789699570816,1.9349374049722892,1.2851238480964955,0.6498135568757937
player_points,qreg,abs,top5%,cons,2326,54.77214101461737,1.014644491805768,0.6446191594196822,0.3700253323860858
player_points,qreg,abs,top5%,best,2330,55.493562231759654,3.728450679983704,4.2791735870132115,-0.5507229070295074
player_points,qreg,under,top100%,cons,46518,51.451051205984776,-3.794376711950159,-3.794376711950159,0.0
player_points,qreg,under,top100%,best,46600,53.17381974248927,-0.30085729606161815,-0.30085729606161815,0.0
player_points,qreg,under,top25%,cons,11630,53.241616509028376,-0.5895825787443388,-3.794376711950159,3.2047941332058203
player_points,qreg,under,top25%,best,11650,54.309012875536474,2.215410689939245,-0.30085729606161815,2.516267986000863
player_points,qreg,under,top10%,cons,4652,53.826311263972485,0.5105713806783753,-3.794376711950159,4.304948092628535
player_points,qreg,under,top10%,best,4660,54.89270386266094,3.4319925794274,-0.30085729606161815,3.732849875489018
player_points,qreg,under,top5%,cons,2326,54.47119518486673,1.982071588291552,-3.794376711950159,5.776448300241711
player_points,qreg,under,top5%,best,2330,55.751072961373396,5.237466337343142,-0.30085729606161815,5.538323633404761
player_points,resid,mkt,top100%,cons,46518,50.98671482006964,-4.771217378234764,-3.794376711950159,-0.9768406662846054
player_points,resid,mkt,top100%,best,46600,52.37768240343348,-1.4621700913097726,-0.30085729606161815,-1.1613127952481546
player_points,resid,mkt,top25%,cons,11630,50.85984522785899,-5.1410990548564355,-2.527161541419714,-2.6139375134367215
player_points,resid,mkt,top25%,best,11650,52.29184549356223,-1.5970782077363632,0.9845977075110177,-2.5816759152473807
player_points,resid,mkt,top10%,cons,4652,50.128976784178846,-6.466044722603809,-0.9126756791912679,-5.553369043412541
player_points,resid,mkt,top10%,best,4661,51.748551812915686,-2.5167293518915934,2.388511548556884,-4.905240900448478
player_points,resid,mkt,top5%,cons,2326,49.65606190885641,-7.319485218690986,-1.4841984031739566,-5.835286815517029
player_points,resid,mkt,top5%,best,2330,51.37339055793991,-3.0864238943664812,1.9497407096649957,-5.036164604031477
player_points,resid,abs,top100%,cons,46518,51.300571821660434,-4.717003964225641,-3.794376711950159,-0.9226272522754817
player_points,resid,abs,top100%,best,46600,52.55579399141631,-1.421872519628173,-0.30085729606161815,-1.121015223566555
player_points,resid,abs,top25%,cons,11633,51.29373334479498,-4.916361397277824,-2.611597903379619,-2.3047634938982053
player_points,resid,abs,top25%,best,11653,52.621642495494726,-1.396638797934164,0.8999734469916006,-2.2966122449257647
player_points,resid,abs,top10%,cons,4653,50.80593165699548,-5.709363831106678,-1.0959115946597753,-4.6134522364469035
player_points,resid,abs,top10%,best,4660,52.27467811158798,-1.9082344908571038,2.2833049195007193,-4.191539410357823
player_points,resid,abs,top5%,cons,2328,50.51546391752577,-6.440819226384573,-1.1598343752913458,-5.280984851093227
player_points,resid,abs,top5%,best,2330,52.06008583690988,-2.4499650574549072,2.325240291750994,-4.775205349205901
player_points,resid,under,top100%,cons,46518,51.451051205984776,-3.794376711950159,-3.794376711950159,0.0
player_points,resid,under,top100%,best,46600,53.17381974248927,-0.30085729606161815,-0.30085729606161815,0.0
player_points,resid,under,top25%,cons,11630,53.043852106620804,-1.1242094074767517,-3.794376711950159,2.6701673044734076
player_points,resid,under,top25%,best,11650,54.24034334763949,1.9064200507724745,-0.30085729606161815,2.2072773468340925
player_points,resid,under,top10%,cons,4652,52.9664660361135,-1.4220554282310596,-3.794376711950159,2.3723212837190992
player_points,resid,under,top10%,best,4660,54.248927038626604,1.796719633970138,-0.30085729606161815,2.097576930031756
player_points,resid,under,top5%,cons,2326,52.62252794496991,-1.9217671296356673,-3.794376711950159,1.8726095823144917
player_points,resid,under,top5%,best,2330,53.776824034334766,1.233050930653519,-0.30085729606161815,1.5339082267151372
player_points,ridge,mkt,top100%,cons,46518,51.55423706952148,-3.7843424461843163,-3.794376711950159,0.010034265765842765
player_points,ridge,mkt,top100%,best,46600,52.74463519313305,-0.7959005922206993,-0.30085729606161815,-0.49504329615908116
player_points,ridge,mkt,top25%,cons,11631,53.20264809560656,-0.9059819153523406,-1.138891693896147,0.23290977854380646
player_points,ridge,mkt,top25%,best,11650,53.97424892703862,1.5315128713206672,2.1937916503955366,-0.6622787790748694
player_points,ridge,mkt,top10%,cons,4652,53.26741186586415,-0.7520908978307237,-0.9481550134263568,0.19606411559563308
player_points,ridge,mkt,top10%,best,4660,53.96995708154506,1.5871120496880855,1.9393331272919292,-0.3522210776038437
player_points,ridge,mkt,top5%,cons,2328,54.20962199312714,0.9508388097753231,1.8137012765169964,-0.8628624667416733
player_points,ridge,mkt,top5%,best,2332,54.97427101200686,3.519081568431691,4.539003441714096,-1.0199218732824047
player_points,ridge,abs,top100%,cons,46518,52.10886108603121,-3.551640495798226,-3.794376711950159,0.24273621615193308
player_points,ridge,abs,top100%,best,46600,53.06866952789699,-0.6267440848596106,-0.30085729606161815,-0.3258867887979925
player_points,ridge,abs,top25%,cons,11645,53.602404465435804,-1.8843548161730637,-1.5878236391043756,-0.29653117706868803
player_points,ridge,abs,top25%,best,11657,54.053358497040406,0.3437578509395299,1.5301050478796243,-1.1863471969400945
player_points,ridge,abs,top10%,cons,4661,54.38747049989273,-0.920145400627773,-0.6230580732562055,-0.2970873273715674
player_points,ridge,abs,top10%,best,4660,54.87124463519313,1.356981946675051,2.163343383518923,-0.8063614368438721
player_points,ridge,abs,top5%,cons,2327,55.00644606789859,0.13989020070140332,-0.7934274876327745,0.9333176883341778
player_points,ridge,abs,top5%,best,2331,55.298155298155294,2.1342042381289894,1.4322710671377816,0.7019331709912078
player_points,ridge,under,top100%,cons,46518,51.451051205984776,-3.794376711950159,-3.794376711950159,0.0
player_points,ridge,under,top100%,best,46600,53.17381974248927,-0.30085729606161815,-0.30085729606161815,0.0
player_points,ridge,under,top25%,cons,11630,53.94668959587274,0.4130272688992764,-3.794376711950159,4.207403980849436
player_points,ridge,under,top25%,best,11650,54.87553648068669,3.137508162101451,-0.30085729606161815,3.438365458163069
player_points,ridge,under,top10%,cons,4652,55.15907136715391,2.600466733540529,-3.794376711950159,6.394843445490688
player_points,ridge,under,top10%,best,4660,55.68669527896996,4.765117160752095,-0.30085729606161815,5.065974456813714
player_points,ridge,under,top5%,cons,2326,55.88993981083406,3.997271617526959,-3.794376711950159,7.791648329477118
player_points,ridge,under,top5%,best,2330,56.39484978540773,6.090558654760598,-0.30085729606161815,6.391415950822217
player_points,clf,mkt,top100%,cons,46518,50.53097725611592,-5.464102647193727,-3.794376711950159,-1.6697259352435676
player_points,clf,mkt,top100%,best,46600,52.08583690987124,-2.0449733411805315,-0.30085729606161815,-1.7441160451189135
player_points,clf,mkt,top25%,cons,11630,51.20378331900258,-4.346621265107972,-2.9763413541601937,-1.3702799109477781
player_points,clf,mkt,top25%,best,11650,52.54935622317597,-0.9962670240279432,0.46838164738831095,-1.464648671416254
player_points,clf,mkt,top10%,cons,4652,51.91315563198624,-3.0850323668247857,-0.9593804643160295,-2.125651902508756
player_points,clf,mkt,top10%,best,4660,53.36909871244635,0.643108689222213,2.7975142692803314,-2.1544055800581186
player_points,clf,mkt,top5%,cons,2326,52.14961306964746,-2.6510502486421643,-0.7283225104609954,-1.922727738181169
player_points,clf,mkt,top5%,best,2330,53.81974248927038,1.4775411611974496,3.318964191772395,-1.8414230305749455
player_points,clf,abs,top100%,cons,46518,50.8856786620233,-5.429196067635225,-3.794376711950159,-1.6348193556850656
player_points,clf,abs,top100%,best,46600,52.24248927038626,-2.1093823065573565,-0.30085729606161815,-1.8085250104957384
player_points,clf,abs,top25%,cons,11630,52.01203783319003,-3.916848641680113,-2.1318099381897024,-1.7850387034904105
player_points,clf,abs,top25%,best,11650,53.08154506437768,-0.7080019031983077,1.1639716799167092,-1.8719735831150168
player_points,clf,abs,top10%,cons,4652,53.09544282029235,-1.9247602360677023,-0.4724694830737848,-1.4522907529939175
player_points,clf,abs,top10%,best,4660,54.31330472103004,1.6842482581159075,3.2545451263501413,-1.5702968682342338
player_points,clf,abs,top5%,cons,2326,53.43938091143594,-1.3704401198278084,-1.9770600625593295,0.6066199427315211
player_points,clf,abs,top5%,best,2330,54.592274678111586,2.1304775000641785,1.762663709247573,0.3678137908166055
player_points,clf,under,top100%,cons,46518,51.451051205984776,-3.794376711950159,-3.794376711950159,0.0
player_points,clf,under,top100%,best,46600,53.17381974248927,-0.30085729606161815,-0.30085729606161815,0.0
player_points,clf,under,top25%,cons,11630,52.52794496990541,-2.003124788313822,-3.794376711950159,1.7912519236363371
player_points,clf,under,top25%,best,11650,53.75965665236051,1.0541215536420436,-0.30085729606161815,1.3549788497036617
player_points,clf,under,top10%,cons,4652,52.8804815133276,-1.435831963042196,-3.794376711950159,2.358544748907963
player_points,clf,under,top10%,best,4660,54.163090128755364,1.9653224510184686,-0.30085729606161815,2.266179747080087
player_points,clf,under,top5%,cons,2326,53.61134995700774,-0.02354650485136339,-3.794376711950159,3.7708302070987956
player_points,clf,under,top5%,best,2330,55.193133047210296,3.9394123206322798,-0.30085729606161815,4.240269616693898
player_points,mlp,mkt,top100%,cons,46518,50.70080398985339,-5.235514844179902,-3.794376711950159,-1.4411381322297432
player_points,mlp,mkt,top100%,best,46600,52.34978540772532,-1.7409689618282562,-0.30085729606161815,-1.4401116657666382
player_points,mlp,mkt,top25%,cons,11630,51.1006018916595,-4.673207652845571,-3.843513050677955,-0.8296946021676161
player_points,mlp,mkt,top25%,best,11650,52.6695278969957,-1.2270412158556763,0.04470417018612055,-1.2717453860417969
player_points,mlp,mkt,top10%,cons,4652,51.56921754084265,-3.774944134857362,-3.795075021934017,0.020130887076655224
player_points,mlp,mkt,top10%,best,4660,53.24034334763949,-0.191902362225905,0.26041457069789903,-0.45231693292380404
player_points,mlp,mkt,top5%,cons,2326,51.633705932932074,-3.5091550874997086,-3.4719166269818977,-0.03723846051781088
player_points,mlp,mkt,top5%,best,2330,53.21888412017167,-0.11076401743254437,0.344862810020283,-0.4556268274528274
player_points,mlp,abs,top100%,cons,46518,51.014660991444174,-5.182084851593178,-3.794376711950159,-1.3877081396430189
player_points,mlp,abs,top100%,best,46600,52.467811158798284,-1.8123950293135744,-0.30085729606161815,-1.5115377332519562
player_points,mlp,abs,top25%,cons,11630,51.487532244196046,-5.001889684542642,-3.550031713033071,-1.4518579715095714
player_points,mlp,abs,top25%,best,11650,52.61802575107296,-2.00779465135075,-0.11757428451669064,-1.8902203668340591
player_points,mlp,abs,top10%,cons,4652,52.450558899398104,-3.4251256790636737,-3.20376920884576,-0.2213564702179136
player_points,mlp,abs,top10%,best,4660,53.798283261802574,0.03819022823300996,0.9213342891742231,-0.8831440609412131
player_points,mlp,abs,top5%,cons,2326,52.837489251934656,-2.8685485404417217,-3.3487662301428447,0.480217689701123
player_points,mlp,abs,top5%,best,2330,54.33476394849785,0.9478467523795853,0.9672599340201448,-0.019413181640559496
player_points,mlp,under,top100%,cons,46518,51.451051205984776,-3.794376711950159,-3.794376711950159,0.0
player_points,mlp,under,top100%,best,46600,53.17381974248927,-0.30085729606161815,-0.30085729606161815,0.0
player_points,mlp,under,top25%,cons,11630,52.12381771281169,-2.8200316582890492,-3.794376711950159,0.9743450536611098
player_points,mlp,under,top25%,best,11650,53.5793991416309,0.5138231060535612,-0.30085729606161815,0.8146804021151793
player_points,mlp,under,top10%,cons,4652,52.02063628546861,-3.0610143369574643,-3.794376711950159,0.7333623749926947
player_points,mlp,under,top10%,best,4660,53.562231759656655,0.3571351505656099,-0.30085729606161815,0.657992446627228
player_points,mlp,under,top5%,cons,2326,52.23559759243336,-2.519169831624445,-3.794376711950159,1.275206880325714
player_points,mlp,under,top5%,best,2330,53.99141630901288,1.1773293263922433,-0.30085729606161815,1.4781866224538613
player_points,stack,mkt,top100%,cons,38542,51.26355663951014,-4.026693115595139,-4.19954685793452,0.172853742339381
player_points,stack,mkt,top100%,best,38612,52.755620014503265,-0.8345506700174704,-0.6653560371234924,-0.16919463289397796
player_points,stack,mkt,top25%,cons,9637,52.76538341807616,-1.478409910642397,-1.347937721972076,-0.13047218867032084
player_points,stack,mkt,top25%,best,9653,53.952139231327045,1.4114696337598032,1.5506917301835166,-0.13922209642371342
player_points,stack,mkt,top10%,cons,3858,53.73250388802489,0.1264451512899839,0.37098933588723065,-0.24454418459724675
player_points,stack,mkt,top10%,best,3862,54.55722423614707,2.3647005788900888,2.57193341828084,-0.20723283939075143
player_points,stack,mkt,top5%,cons,1928,54.30497925311203,0.6706963374406966,1.3701270230083544,-0.6994306855676579
player_points,stack,mkt,top5%,best,1931,54.99741066804764,2.671042956693502,3.294698516671859,-0.6236555599783569
player_points,stack,abs,top100%,cons,38542,52.093819729126665,-3.9280990835824947,-4.19954685793452,0.27144777435202494
player_points,stack,abs,top100%,best,38612,53.035325805449084,-1.0443288909701083,-0.6653560371234924,-0.37897285384661583
player_points,stack,abs,top25%,cons,9712,53.98476112026359,-1.775725588472514,-1.8209748718844607,0.04524928341194667
player_points,stack,abs,top25%,best,9737,54.59587141830132,0.7770598675419421,0.7310997439542443,0.045960123587697854
player_points,stack,abs,top10%,cons,4263,54.56251466103683,-1.6735979349099217,-1.5010487018212058,-0.17254923308871595
player_points,stack,abs,top10%,best,4269,54.95432185523542,0.4038196951534854,0.5541363709647026,-0.15031667581121716
player_points,stack,abs,top5%,cons,2140,56.401869158878505,0.7520910234094781,0.7008197430138277,0.05127128039565043
player_points,stack,abs,top5%,best,2144,56.71641791044776,2.673917252625992,2.6961639356702123,-0.022246683044220283
player_points,stack,under,top100%,cons,38542,51.21944891287426,-4.19954685793452,-4.19954685793452,0.0
player_points,stack,under,top100%,best,38612,53.02755620014503,-0.6653560371234924,-0.6653560371234924,0.0
player_points,stack,under,top25%,cons,9640,52.65560165975104,-1.5983746556325573,-4.19954685793452,2.6011722023019623
player_points,stack,under,top25%,best,9654,53.853325046612795,1.3169415747375994,-0.6653560371234924,1.982297611861092
player_points,stack,under,top10%,cons,3869,53.70896872576893,0.3608555009920303,-4.19954685793452,4.56040235892655
player_points,stack,under,top10%,best,3877,54.60407531596595,2.7551824295677596,-0.6653560371234924,3.420538466691252
player_points,stack,under,top5%,cons,1929,54.22498703991706,1.0297964186542325,-4.19954685793452,5.229343276588752
player_points,stack,under,top5%,best,1931,54.84205075090627,2.8868423293502388,-0.6653560371234924,3.552198366473731
player_points_assists,qreg,mkt,top100%,cons,41311,51.02999201181283,-4.70826061534159,-4.528104944982397,-0.1801556703591931
player_points_assists,qreg,mkt,top100%,best,41496,51.961634856371695,-2.609772924481041,-2.0748400951893498,-0.5349328292916913
player_points_assists,qreg,mkt,top25%,cons,10328,51.781564678543766,-3.4690054729407747,-4.161582240801648,0.6925767678608734
player_points_assists,qreg,mkt,top25%,best,10374,52.46770773086562,-1.65951195562049,-1.910607139568281,0.25109518394779107
player_points_assists,qreg,mkt,top10%,cons,4132,51.911907066795735,-2.974792504241367,-3.83776867724342,0.8629761730020529
player_points_assists,qreg,mkt,top10%,best,4150,52.795180722891565,-0.7418957503445177,-1.3282367522457996,0.5863410019012819
player_points_assists,qreg,mkt,top5%,cons,2066,52.6621490803485,-1.6451871522052246,-0.40548514188893886,-1.2397020103162857
player_points_assists,qreg,mkt,top5%,best,2075,53.445783132530124,0.536473279975983,2.077503434146743,-1.54103015417076
player_points_assists,qreg,abs,top100%,cons,41311,51.121977197356635,-5.121935822686634,-4.528104944982397,-0.5938308777042369
player_points_assists,qreg,abs,top100%,best,41496,52.00019278966648,-3.0147664138340917,-2.0748400951893498,-0.939926318644742
player_points_assists,qreg,abs,top25%,cons,10328,52.87567776917118,-2.5606190749695834,-4.297073881446992,1.7364548064774086
player_points_assists,qreg,abs,top25%,best,10374,53.450935029882395,-0.8059948493180902,-2.0851372661263308,1.2791424168082406
player_points_assists,qreg,abs,top10%,cons,4132,52.80735721200387,-2.817133025762996,-4.186857113071932,1.3697240873089362
player_points_assists,qreg,abs,top10%,best,4150,53.445783132530124,-0.8139934683420571,-1.7517195150076623,0.9377260466656052
player_points_assists,qreg,abs,top5%,cons,2066,54.11423039690223,-0.472083096351882,-2.578855893734233,2.106772797382351
player_points_assists,qreg,abs,top5%,best,2075,54.602409638554214,1.3712404262588684,-0.35575252555939085,1.7269929518182594
player_points_assists,qreg,under,top100%,cons,41311,51.13408051124397,-4.528104944982397,-4.528104944982397,0.0
player_points_assists,qreg,under,top100%,best,41496,52.320705610179296,-2.0748400951893498,-2.0748400951893498,0.0
player_points_assists,qreg,under,top25%,cons,10328,52.95313710302091,-1.2389577538536833,-4.528104944982397,3.2891471911287136
player_points_assists,qreg,under,top25%,best,10374,53.85579332947754,0.9452905192043318,-2.0748400951893498,3.0201306143936817
player_points_assists,qreg,under,top10%,cons,4132,52.904162633107454,-1.368903101125276,-4.528104944982397,3.1592018438571214
player_points_assists,qreg,under,top10%,best,4150,53.662650602409634,0.6495944620615028,-2.0748400951893498,2.7244345572508526
player_points_assists,qreg,under,top5%,cons,2066,53.14617618586641,-0.6672140820328748,-4.528104944982397,3.8608908629495224
player_points_assists,qreg,under,top5%,best,2075,54.024096385542165,1.6353884892291333,-2.0748400951893498,3.7102285844184832
player_points_assists,resid,mkt,top100%,cons,41311,51.10987388346929,-4.651437437164103,-4.528104944982397,-0.12333249218170561
player_points_assists,resid,mkt,top100%,best,41496,52.09417775207249,-2.480371368800098,-2.0748400951893498,-0.40553127361074814
player_points_assists,resid,mkt,top25%,cons,10328,51.926800929512005,-3.3315192743570283,-2.9178285476406076,-0.4136907267164207
player_points_assists,resid,mkt,top25%,best,10374,52.824368613842296,-1.0577757199513376,-0.22587818011902927,-0.8318975398323083
player_points_assists,resid,mkt,top10%,cons,4132,51.0648596321394,-5.009471868153117,-4.433053379945118,-0.5764184882079988
player_points_assists,resid,mkt,top10%,best,4150,51.78313253012048,-2.872364141854895,-1.7389809079917078,-1.1333832338631873
player_points_assists,resid,mkt,top5%,cons,2066,51.30687318489835,-4.819208943255296,-1.4475751534782328,-3.371633789777063
player_points_assists,resid,mkt,top5%,best,2075,51.80722891566265,-2.989334755633251,1.1241400098226157,-4.113474765455867
player_points_assists,resid,abs,top100%,cons,41311,51.53591053230374,-4.3604813117017835,-4.528104944982397,0.16762363328061358
player_points_assists,resid,abs,top100%,best,41496,52.47975708502024,-2.1841935214450277,-2.0748400951893498,-0.1093534262556779
player_points_assists,resid,abs,top25%,cons,10328,52.236638264910916,-3.3439835382006504,-3.168807590220161,-0.17517594798048952
player_points_assists,resid,abs,top25%,best,10375,53.02168674698795,-1.1774250708430645,-0.5859793456203967,-0.5914457252226678
player_points_assists,resid,abs,top10%,cons,4140,51.35265700483092,-4.985170643686673,-4.344255020077102,-0.6409156236095708
player_points_assists,resid,abs,top10%,best,4151,51.93929173693086,-3.0087087792507052,-1.5172591556327597,-1.4914496236179455
player_points_assists,resid,abs,top5%,cons,2066,51.597289448209104,-4.75864326734626,-1.6745024821418992,-3.0841407852043607
player_points_assists,resid,abs,top5%,best,2075,52.19277108433735,-2.656893316521702,1.0789953944194748,-3.7358887109411767
player_points_assists,resid,under,top100%,cons,41311,51.13408051124397,-4.528104944982397,-4.528104944982397,0.0
player_points_assists,resid,under,top100%,best,41496,52.320705610179296,-2.0748400951893498,-2.0748400951893498,0.0
player_points_assists,resid,under,top25%,cons,10328,53.04996127033308,-1.1790219743430939,-4.528104944982397,3.3490829706393033
player_points_assists,resid,under,top25%,best,10374,53.85579332947754,0.8493539534117045,-2.0748400951893498,2.9241940486010543
player_points_assists,resid,under,top10%,cons,4133,53.10912170336317,-1.1789360722473279,-4.528104944982397,3.3491688727350692
player_points_assists,resid,under,top10%,best,4150,53.68674698795181,0.5747700225876038,-2.0748400951893498,2.6496101177769535
player_points_assists,resid,under,top5%,cons,2066,52.22652468538238,-2.9946066576190518,-4.528104944982397,1.5334982873633454
player_points_assists,resid,under,top5%,best,2075,52.626506024096386,-1.404747658465282,-2.0748400951893498,0.6700924367240677
player_points_assists,ridge,mkt,top100%,cons,41311,51.61579240396021,-3.7827073877025295,-4.528104944982397,0.7453975572798677
player_points_assists,ridge,mkt,top100%,best,41496,52.38577212261423,-1.9499135527027947,-2.0748400951893498,0.1249265424865551
player_points_assists,ridge,mkt,top25%,cons,10328,53.137103020914026,-1.3523918207905072,-3.22104701808402,1.8686551972935128
player_points_assists,ridge,mkt,top25%,best,10378,53.61341298901523,0.1362181153226666,-0.9992496014835978,1.1354677168062643
player_points_assists,ridge,mkt,top10%,cons,4132,53.82381413359148,-0.4320844676118391,-2.53291675047399,2.1008322828621506
player_points_assists,ridge,mkt,top10%,best,4150,54.40963855421687,1.2840540409088135,-0.25241716224026967,1.536471203149083
player_points_assists,ridge,mkt,top5%,cons,2066,53.82381413359148,-0.6066714228642068,-1.669192498789637,1.0625210759254302
player_points_assists,ridge,mkt,top5%,best,2075,54.36144578313253,1.0742031292742993,0.20704097632902213,0.8671621529452771
player_points_assists,ridge,abs,top100%,cons,41311,52.06603568056934,-3.788677487093213,-4.528104944982397,0.739427457889184
player_points_assists,ridge,abs,top100%,best,41496,52.74484287642183,-1.9677901333504981,-2.0748400951893498,0.10704996183885163
player_points_assists,ridge,abs,top25%,cons,10361,53.92336647041791,-1.5466296077982682,-3.4663911285046938,1.9197615207064256
player_points_assists,ridge,abs,top25%,best,10392,54.29176289453426,-0.08182179891117909,-1.3810284854449888,1.2992066865338097
player_points_assists,ridge,abs,top10%,cons,4133,54.34309218485362,-1.3598098957939526,-2.38322491164707,1.0234150158531174
player_points_assists,ridge,abs,top10%,best,4159,54.77278191873046,0.23936987152521527,-0.18804337606317695,0.4274132475883922
player_points_assists,ridge,abs,top5%,cons,2088,55.220306513409966,-0.13920156663405026,-1.8862615257387416,1.7470599591046914
player_points_assists,ridge,abs,top5%,best,2093,55.51839464882943,1.2472523551663883,-0.05931415115881354,1.3065665063252019
player_points_assists,ridge,under,top100%,cons,41311,51.13408051124397,-4.528104944982397,-4.528104944982397,0.0
player_points_assists,ridge,under,top100%,best,41496,52.320705610179296,-2.0748400951893498,-2.0748400951893498,0.0
player_points_assists,ridge,under,top25%,cons,10328,52.94345468628969,-1.4921431678565873,-4.528104944982397,3.03596177712581
player_points_assists,ridge,under,top25%,best,10374,53.528050896471946,0.2660664894779868,-2.0748400951893498,2.3409065846673367
player_points_assists,ridge,under,top10%,cons,4132,55.49370764762826,3.07999039781059,-4.528104944982397,7.608095342792987
player_points_assists,ridge,under,top10%,best,4150,56.04819277108434,4.970911609121116,-2.0748400951893498,7.045751704310466
player_points_assists,ridge,under,top5%,cons,2069,55.4857419043016,2.9066367331422316,-4.528104944982397,7.434741678124629
player_points_assists,ridge,under,top5%,best,2075,56.192771084337345,5.095519927610834,-2.0748400951893498,7.170360022800184
player_points_assists,clf,mkt,top100%,cons,41311,51.02999201181283,-4.730207380572423,-4.528104944982397,-0.20210243559002627
player_points_assists,clf,mkt,top100%,best,41496,52.12309620204357,-2.3701601843625246,-2.0748400951893498,-0.29532008917317487
player_points_assists,clf,mkt,top25%,cons,10328,50.852052672347014,-5.1595290775081155,-5.034011917507621,-0.12551716000049495
player_points_assists,clf,mkt,top25%,best,10374,51.88933873144399,-2.779922750567526,-2.4727338089381243,-0.3071889416294016
player_points_assists,clf,mkt,top10%,cons,4132,51.0648596321394,-4.712573158314013,-5.50392839592401,0.7913552376099968
player_points_assists,clf,mkt,top10%,best,4150,52.12048192771085,-2.198310303400798,-2.7028071104762064,0.5044968070754083
player_points_assists,clf,mkt,top5%,cons,2066,49.27395934172314,-7.8853015458826174,-7.725708707373694,-0.15959283850892358
player_points_assists,clf,mkt,top5%,best,2075,50.265060240963855,-5.443670192396785,-5.189684322081416,-0.25398587031536835
player_points_assists,clf,abs,top100%,cons,41311,51.32047154510905,-4.717194090417948,-4.528104944982397,-0.18908914543555078
player_points_assists,clf,abs,top100%,best,41496,52.3520339309813,-2.387529621929568,-2.0748400951893498,-0.3126895267402183
player_points_assists,clf,abs,top25%,cons,10328,51.897753679318356,-4.267999986915234,-4.467849051370628,0.1998490644553943
player_points_assists,clf,abs,top25%,best,10374,52.73761326392905,-2.0782003369155775,-2.0598860381769724,-0.018314298738605128
player_points_assists,clf,abs,top10%,cons,4132,51.45208131655372,-5.2625255513168145,-5.831286504446364,0.5687609531295497
player_points_assists,clf,abs,top10%,best,4150,52.385542168674704,-2.7094233122216647,-3.0769150975238846,0.36749178530221993
player_points_assists,clf,abs,top5%,cons,2066,51.0648596321394,-5.933009089481912,-5.534279761909862,-0.3987293275720498
player_points_assists,clf,abs,top5%,best,2075,51.903614457831324,-3.546933587775173,-3.2587736256151314,-0.2881599621600417
player_points_assists,clf,under,top100%,cons,41311,51.13408051124397,-4.528104944982397,-4.528104944982397,0.0
player_points_assists,clf,under,top100%,best,41496,52.320705610179296,-2.0748400951893498,-2.0748400951893498,0.0
player_points_assists,clf,under,top25%,cons,10328,52.420604182804034,-2.2678162807369304,-4.528104944982397,2.2602886642454667
player_points_assists,clf,under,top25%,best,10374,53.43165606323501,0.03264671533076042,-2.0748400951893498,2.1074868105201103
player_points_assists,clf,under,top10%,cons,4132,51.669893514036794,-3.6454199475217304,-4.528104944982397,0.8826849974606668
player_points_assists,clf,under,top10%,best,4150,52.72289156626506,-1.1568851384771877,-2.0748400951893498,0.9179549567121621
player_points_assists,clf,under,top5%,cons,2066,50.91965150048403,-5.015539292098246,-4.528104944982397,-0.48743434711584843
player_points_assists,clf,under,top5%,best,2075,52.096385542168676,-2.2395212047071342,-2.0748400951893498,-0.16468110951778447
player_points_assists,mlp,mkt,top100%,cons,41311,50.74677446684902,-5.219767673732796,-4.528104944982397,-0.6916627287503987
player_points_assists,mlp,mkt,top100%,best,41496,51.87487950645845,-2.830841522272414,-2.0748400951893498,-0.7560014270830644
player_points_assists,mlp,mkt,top25%,cons,10328,51.762199845081334,-3.3541383275128815,-4.446744765310118,1.0926064377972367
player_points_assists,mlp,mkt,top25%,best,10374,52.862926547137064,-1.0056795597260275,-1.844462112859193,0.8387825531331654
player_points_assists,mlp,mkt,top10%,cons,4132,51.573088092933205,-3.5765409498454757,-4.294258116637171,0.7177171667916955
player_points_assists,mlp,mkt,top10%,best,4150,52.626506024096386,-1.37226512345923,-1.5436600432338485,0.17139491977461851
player_points_assists,mlp,mkt,top5%,cons,2066,52.37173281703775,-2.026487712361575,-2.6623090839109023,0.6358213715493273
player_points_assists,mlp,mkt,top5%,best,2075,53.59036144578313,0.4624181253364287,0.26187880067940217,0.2005393246570265
player_points_assists,mlp,abs,top100%,cons,41311,51.138921836798914,-5.04297000996927,-4.528104944982397,-0.5148650649868731
player_points_assists,mlp,abs,top100%,best,41496,52.190572585309425,-2.6984618863596124,-2.0748400951893498,-0.6236217911702626
player_points_assists,mlp,abs,top25%,cons,10328,52.41092176607282,-3.1875341034138693,-5.02571633026454,1.838182226850671
player_points_assists,mlp,abs,top25%,best,10374,53.412377096587626,-0.8630209158030875,-2.225786842820914,1.3627659270178267
player_points_assists,mlp,abs,top10%,cons,4132,52.39593417231365,-3.2709805570751973,-6.522445177293355,3.251464620218158
player_points_assists,mlp,abs,top10%,best,4150,53.445783132530124,-0.9002695399594595,-3.6510914951921944,2.750821955232735
player_points_assists,mlp,abs,top5%,cons,2066,53.29138431752178,-1.5566741970132418,-2.7895758828258237,1.2329016858125819
player_points_assists,mlp,abs,top5%,best,2075,54.45783132530121,1.0300634510545845,0.2232745526784874,0.8067888983760971
player_points_assists,mlp,under,top100%,cons,41311,51.13408051124397,-4.528104944982397,-4.528104944982397,0.0
player_points_assists,mlp,under,top100%,best,41496,52.320705610179296,-2.0748400951893498,-2.0748400951893498,0.0
player_points_assists,mlp,under,top25%,cons,10328,52.16886134779241,-2.5889879506655573,-4.528104944982397,1.9391169943168398
player_points_assists,mlp,under,top25%,best,10374,53.412377096587626,-0.02516501552456028,-2.0748400951893498,2.0496750796647896
player_points_assists,mlp,under,top10%,cons,4132,51.76669893514037,-3.16100604074853,-4.528104944982397,1.3670989042338673
player_points_assists,mlp,under,top10%,best,4150,53.108433734939766,-0.46797297661563003,-2.0748400951893498,1.6068671185737198
player_points_assists,mlp,under,top5%,cons,2066,52.37173281703775,-1.961015772150193,-4.528104944982397,2.567089172832204
player_points_assists,mlp,under,top5%,best,2075,53.78313253012048,0.8875509227614806,-2.0748400951893498,2.9623910179508304
player_points_assists,stack,mkt,top100%,cons,33635,51.223427976809866,-4.32268777537952,-4.944957071735013,0.6222692963554932
player_points_assists,stack,mkt,top100%,best,33807,52.17558493803058,-2.3090203599582555,-2.460689355604403,0.15166899564614766
player_points_assists,stack,mkt,top25%,cons,8409,52.431918182899274,-2.2288837647208393,-2.1726246126229136,-0.056259152097925647
player_points_assists,stack,mkt,top25%,best,8453,53.200047320477935,-0.27385225496841553,0.10639344758850915,-0.3802457025569247
player_points_assists,stack,mkt,top10%,cons,3364,52.73483947681332,-1.7637153053113597,-1.561734388614523,-0.2019809166968367
player_points_assists,stack,mkt,top10%,best,3382,53.60733293908929,0.4713449585303831,0.8502027080441142,-0.37885774951373113
player_points_assists,stack,mkt,top5%,cons,1682,52.25921521997622,-2.2213825147585693,-1.8311473192131051,-0.39023519554546415
player_points_assists,stack,mkt,top5%,best,1693,52.628470171293564,-0.9340054384717136,-0.5281880982022137,-0.4058173402694999
player_points_assists,stack,abs,top100%,cons,33635,52.082651999405385,-4.178371392938062,-4.944957071735013,0.7665856787969512
player_points_assists,stack,abs,top100%,best,33807,52.855917413553414,-2.222560620771261,-2.460689355604403,0.238128734833142
player_points_assists,stack,abs,top25%,cons,8584,53.44827586206896,-3.048673166588768,-3.7611836781039596,0.7125105115151915
player_points_assists,stack,abs,top25%,best,8617,53.91667633747244,-1.447930125165348,-1.744022677334027,0.296092552168679
player_points_assists,stack,abs,top10%,cons,4064,53.34645669291339,-2.977247826579049,-2.718338992182664,-0.2589088343963848
player_points_assists,stack,abs,top10%,best,4083,53.97991672789616,-0.9761152505699455,-0.7395907152583721,-0.23652453531157347
player_points_assists,stack,abs,top5%,cons,2193,55.357957136342904,-0.2531764173529434,-0.18107176261898378,-0.0721046547339596
player_points_assists,stack,abs,top5%,best,2202,55.676657584014535,1.3521785415593977,1.3871418033048957,-0.03496326174549802
player_points_assists,stack,under,top100%,cons,33635,50.91422625241564,-4.944957071735013,-4.944957071735013,0.0
player_points_assists,stack,under,top100%,best,33807,52.178542905315474,-2.460689355604403,-2.460689355604403,0.0
player_points_assists,stack,under,top25%,cons,8409,52.74111071471042,-1.6461738041371818,-4.944957071735013,3.2987832675978312
player_points_assists,stack,under,top25%,best,8452,53.53762423095125,0.35800350626328514,-2.460689355604403,2.8186928618676883
player_points_assists,stack,under,top10%,cons,3364,52.88347205707491,-1.5174788541374253,-4.944957071735013,3.4274782175975878
player_points_assists,stack,under,top10%,best,3383,53.82796334614248,0.8871478580561679,-2.460689355604403,3.347837213660571
player_points_assists,stack,under,top5%,cons,1682,52.3781212841855,-2.0315403462023287,-4.944957071735013,2.9134167255326844
player_points_assists,stack,under,top5%,best,1691,52.80898876404494,-0.5980178634490155,-2.460689355604403,1.8626714921553877
player_points_rebounds,qreg,mkt,top100%,cons,43574,51.12452379859549,-4.360147163955167,-3.659254704827466,-0.7008924591277013
player_points_rebounds,qreg,mkt,top100%,best,43763,52.3067431391815,-1.7946780546490084,-0.7941438805655735,-1.0005341740834348
player_points_rebounds,qreg,mkt,top25%,cons,10894,52.27648246741325,-2.518457717056863,-2.646095789483387,0.12763807242652403
player_points_rebounds,qreg,mkt,top25%,best,10941,53.148706699570425,-0.3152028100711316,0.35331812977910687,-0.6685209398502385
player_points_rebounds,qreg,mkt,top10%,cons,4358,52.799449288664526,-1.6515719556874122,-0.1987845184278904,-1.4527874372595218
player_points_rebounds,qreg,mkt,top10%,best,4377,53.80397532556545,0.8548411817509263,2.9820314547447464,-2.12719027299382
player_points_rebounds,qreg,mkt,top5%,cons,2179,54.153281321707205,0.6233864281362435,-0.17526424932282908,0.7986506774590725
player_points_rebounds,qreg,mkt,top5%,best,2189,55.047967108268615,2.93626015782084,3.1906162456270217,-0.2543560878061819
player_points_rebounds,qreg,abs,top100%,cons,43574,51.19107724790012,-4.745805474722233,-3.659254704827466,-1.086550769894767
player_points_rebounds,qreg,abs,top100%,best,43763,52.29531796266252,-2.215654657203199,-0.7941438805655735,-1.4215107766376258
player_points_rebounds,qreg,abs,top25%,cons,10894,52.63447769414357,-2.6809439344845583,-2.582471632664195,-0.09847230182036304
player_points_rebounds,qreg,abs,top25%,best,10941,53.45032446759894,-0.41785742135863346,0.35804103708890445,-0.7758984584475379
player_points_rebounds,qreg,abs,top10%,cons,4358,53.30426801284993,-1.6681233859488918,-0.6068217338581269,-1.0613016520907648
player_points_rebounds,qreg,abs,top10%,best,4377,54.10098240804204,0.6507940398031701,2.7567246392188838,-2.105930599415714
player_points_rebounds,qreg,abs,top5%,cons,2179,55.484167049105096,2.2287628912170745,-0.20301920276762642,2.431782093984701
player_points_rebounds,qreg,abs,top5%,best,2189,56.23572407492006,4.48579701074676,2.7059529512753056,1.7798440594714542
player_points_rebounds,qreg,under,top100%,cons,43574,51.50548492220132,-3.659254704827466,-3.659254704827466,0.0
player_points_rebounds,qreg,under,top100%,best,43763,53.0128190480543,-0.7941438805655735,-0.7941438805655735,0.0
player_points_rebounds,qreg,under,top25%,cons,10894,53.249495134936666,-0.53964008951441,-3.659254704827466,3.119614615313056
player_points_rebounds,qreg,under,top25%,best,10941,54.25463851567498,1.8137935898702984,-0.7941438805655735,2.6079374704358718
player_points_rebounds,qreg,under,top10%,cons,4358,53.51078476365305,-0.3370718898002901,-3.659254704827466,3.3221828150271757
player_points_rebounds,qreg,under,top10%,best,4377,54.4893762851268,2.075604194643728,-0.7941438805655735,2.8697480752093014
player_points_rebounds,qreg,under,top5%,cons,2179,54.74988526847178,1.803868218483647,-3.659254704827466,5.463122923311113
player_points_rebounds,qreg,under,top5%,best,2189,56.007309273640935,4.832411079223759,-0.7941438805655735,5.626554959789332
player_points_rebounds,resid,mkt,top100%,cons,43574,50.890439252765404,-4.882542011949793,-3.659254704827466,-1.2232873071223271
player_points_rebounds,resid,mkt,top100%,best,43763,52.14222059730823,-2.245763499435569,-0.7941438805655735,-1.4516196188699957
player_points_rebounds,resid,mkt,top25%,cons,10894,51.46869836607306,-4.08265468219409,-2.6606755331500596,-1.4219791490440308
player_points_rebounds,resid,mkt,top25%,best,10941,52.58203089297139,-1.4778569361135212,0.4638728281771959,-1.941729764290717
player_points_rebounds,resid,mkt,top10%,cons,4358,51.88159706287288,-3.490918811826106,-2.7445392824193107,-0.7463795294067954
player_points_rebounds,resid,mkt,top10%,best,4377,52.890107379483666,-0.9774520131913609,0.6456876934078531,-1.623139706599214
player_points_rebounds,resid,mkt,top5%,cons,2179,52.134006424965584,-3.04270330072817,-2.914424465576844,-0.12827883515132577
player_points_rebounds,resid,mkt,top5%,best,2189,53.174965737779814,-0.35961364272959756,0.8948960495953584,-1.254509692324956
player_points_rebounds,resid,abs,top100%,cons,43574,50.947812915959055,-5.139237209759895,-3.659254704827466,-1.4799825049324293
player_points_rebounds,resid,abs,top100%,best,43763,52.149075703219616,-2.505124776767556,-0.7941438805655735,-1.7109808962019826
player_points_rebounds,resid,abs,top25%,cons,10895,52.023864157870584,-3.5159926821519174,-2.854493769443927,-0.6614989127079904
player_points_rebounds,resid,abs,top25%,best,10947,53.0647666027222,-0.9242660249870552,0.3891703809593719,-1.3134364059464272
player_points_rebounds,resid,abs,top10%,cons,4359,51.7779307180546,-4.070415825547361,-2.5190203144452417,-1.5513955111021192
player_points_rebounds,resid,abs,top10%,best,4377,52.68448709161526,-1.615615876428553,0.7251357198823716,-2.3407515963109247
player_points_rebounds,resid,abs,top5%,cons,2179,52.179899036255165,-3.5136194008104624,-2.7586727363355337,-0.7549466644749288
player_points_rebounds,resid,abs,top5%,best,2189,53.08359981726816,-0.9495388105504858,1.228249290861894,-2.17778810141238
player_points_rebounds,resid,under,top100%,cons,43574,51.50548492220132,-3.659254704827466,-3.659254704827466,0.0
player_points_rebounds,resid,under,top100%,best,43763,53.0128190480543,-0.7941438805655735,-0.7941438805655735,0.0
player_points_rebounds,resid,under,top25%,cons,10894,52.71709197723518,-1.5953441913223756,-3.659254704827466,2.0639105135050904
player_points_rebounds,resid,under,top25%,best,10941,53.73366237089846,0.7077984024952976,-0.7941438805655735,1.501942283060871
player_points_rebounds,resid,under,top10%,cons,4358,53.76319412574575,0.018266895157637644,-3.659254704827466,3.6775215999851034
player_points_rebounds,resid,under,top10%,best,4377,54.76353666895134,2.3406323053152125,-0.7941438805655735,3.134776185880786
player_points_rebounds,resid,under,top5%,cons,2179,52.8682882055989,-1.7296714375685422,-3.659254704827466,1.9295832672589237
player_points_rebounds,resid,under,top5%,best,2189,53.72316126084971,0.34526971553002606,-0.7941438805655735,1.1394135960955996
player_points_rebounds,ridge,mkt,top100%,cons,43574,51.33565887914811,-4.139868372505581,-3.659254704827466,-0.480613667678115
player_points_rebounds,ridge,mkt,top100%,best,43763,52.267897539016985,-1.953703936892454,-0.7941438805655735,-1.1595600563268804
player_points_rebounds,ridge,mkt,top25%,cons,10900,53.14678899082569,-1.0553142051084325,-1.3648573707003113,0.3095431655918788
player_points_rebounds,ridge,mkt,top25%,best,10941,53.75194223562746,0.7551669998193351,1.753485117803249,-0.9983181179839138
player_points_rebounds,ridge,mkt,top10%,cons,4358,54.38274437815511,1.0111218283295687,0.6383948667490357,0.372726961580533
player_points_rebounds,ridge,mkt,top10%,best,4377,54.99200365547179,2.9312418317152042,3.7097653733668112,-0.778523541651607
player_points_rebounds,ridge,mkt,top5%,cons,2179,56.310234052317576,4.477945649881,3.4749956730583933,1.0029499768226064
player_points_rebounds,ridge,mkt,top5%,best,2193,56.58914728682171,5.886685641671879,6.2377152788655374,-0.3510296371936583
player_points_rebounds,ridge,abs,top100%,cons,43574,51.7648138798366,-3.995619798454022,-3.659254704827466,-0.3363650936265561
player_points_rebounds,ridge,abs,top100%,best,43763,52.585517446244545,-1.8436856413444354,-0.7941438805655735,-1.0495417607788617
player_points_rebounds,ridge,abs,top25%,cons,10894,53.625849091242884,-1.3158885222827708,-1.9089069172988928,0.5930183950161221
player_points_rebounds,ridge,abs,top25%,best,10942,54.012063608115525,0.27013281171314457,0.9956916111562788,-0.7255587994431343
player_points_rebounds,ridge,abs,top10%,cons,4361,54.50584728273332,0.06238585408470331,-0.8598869559251505,0.9222728100098538
player_points_rebounds,ridge,abs,top10%,best,4377,54.83207676490747,1.643105410592644,2.008842613045037,-0.36573720245239305
player_points_rebounds,ridge,abs,top5%,cons,2183,56.39028859367843,3.2234667639529215,2.008463765195461,1.2150029987574604
player_points_rebounds,ridge,abs,top5%,best,2190,56.71232876712329,4.900908720547751,4.871564923900448,0.02934379664730269
player_points_rebounds,ridge,under,top100%,cons,43574,51.50548492220132,-3.659254704827466,-3.659254704827466,0.0
player_points_rebounds,ridge,under,top100%,best,43763,53.0128190480543,-0.7941438805655735,-0.7941438805655735,0.0
player_points_rebounds,ridge,under,top25%,cons,10894,53.67174591518267,-0.006692554396140328,-3.659254704827466,3.6525621504313257
player_points_rebounds,ridge,under,top25%,best,10941,54.39173750114249,2.0202632621986187,-0.7941438805655735,2.814407142764192
player_points_rebounds,ridge,under,top10%,cons,4358,55.50711335474988,3.2153634316005415,-3.659254704827466,6.8746181364280075
player_points_rebounds,ridge,under,top10%,best,4377,56.042951793465846,5.014361993673323,-0.7941438805655735,5.808505874238897
player_points_rebounds,ridge,under,top5%,cons,2179,56.585589720055076,5.134215263009564,-3.659254704827466,8.79346996783703
player_points_rebounds,ridge,under,top5%,best,2189,56.96665143901325,6.743189111154556,-0.7941438805655735,7.537332991720129
player_points_rebounds,clf,mkt,top100%,cons,43574,51.26222059026024,-4.1307210353197,-3.659254704827466,-0.4714663304922344
player_points_rebounds,clf,mkt,top100%,best,43763,52.48726092818134,-1.5182591616702883,-0.7941438805655735,-0.7241152811047148
player_points_rebounds,clf,mkt,top25%,cons,10894,51.82669359280337,-3.383586736957108,-3.502409245216324,0.11882250825921581
player_points_rebounds,clf,mkt,top25%,best,10941,52.91106845809341,-0.7888416541841935,-0.34921012383668365,-0.43963153034750985
player_points_rebounds,clf,mkt,top10%,cons,4358,52.3405231757687,-2.6354545926544413,-3.0788036129134353,0.44334902025899403
player_points_rebounds,clf,mkt,top10%,best,4377,53.23280785926434,-0.22212238597194436,0.1420038760130553,-0.36412626198499964
player_points_rebounds,clf,mkt,top5%,cons,2179,52.27168425883433,-2.9082772489970514,-2.834966402635929,-0.07331084636112228
player_points_rebounds,clf,mkt,top5%,best,2189,52.94655093650068,-0.7441251176631086,0.04988928917283171,-0.7940144068359404
player_points_rebounds,clf,abs,top100%,cons,43574,51.24156607151053,-4.6297710231419975,-3.659254704827466,-0.9705163183145316
player_points_rebounds,clf,abs,top100%,best,43763,52.409569727852286,-2.017145630777409,-0.7941438805655735,-1.2230017502118358
player_points_rebounds,clf,abs,top25%,cons,10894,52.14797136038186,-3.5470068268717285,-2.9404225120943623,-0.6065843147773662
player_points_rebounds,clf,abs,top25%,best,10941,53.11214697011242,-1.011747536390336,0.29166689325257156,-1.3034144296429075
player_points_rebounds,clf,abs,top10%,cons,4358,52.8682882055989,-2.4348034394777605,-2.671101324161076,0.23629788468331547
player_points_rebounds,clf,abs,top10%,best,4377,53.598355037697054,-0.10682393187988505,0.45242073439505914,-0.5592446662749442
player_points_rebounds,clf,abs,top5%,cons,2179,52.8682882055989,-2.6113569490293562,-3.747304851388428,1.1359479023590717
player_points_rebounds,clf,abs,top5%,best,2189,53.449063499314754,-0.4467028632671553,-0.8665946097393568,0.41989174647220145
player_points_rebounds,clf,under,top100%,cons,43574,51.50548492220132,-3.659254704827466,-3.659254704827466,0.0
player_points_rebounds,clf,under,top100%,best,43763,53.0128190480543,-0.7941438805655735,-0.7941438805655735,0.0
player_points_rebounds,clf,under,top25%,cons,10894,52.71709197723518,-1.6556527913546855,-3.659254704827466,2.0036019134727807
player_points_rebounds,clf,under,top25%,best,10941,53.87990128873046,0.9616002708757919,-0.7941438805655735,1.7557441514413654
player_points_rebounds,clf,under,top10%,cons,4358,52.98301973382286,-1.375031093765476,-3.659254704827466,2.2842236110619902
player_points_rebounds,clf,under,top10%,best,4377,54.19236920265021,1.5437374274044895,-0.7941438805655735,2.337881307970063
player_points_rebounds,clf,under,top5%,cons,2179,52.914180816888475,-1.6218639776869725,-3.659254704827466,2.0373907271404934
player_points_rebounds,clf,under,top5%,best,2189,54.0886249428963,1.302139026054567,-0.7941438805655735,2.0962829066201407
player_points_rebounds,mlp,mkt,top100%,cons,43574,50.65176481387984,-5.183734755422598,-3.659254704827466,-1.5244800505951317
player_points_rebounds,mlp,mkt,top100%,best,43763,51.9091469963211,-2.5443741968681963,-0.7941438805655735,-1.750230316302623
player_points_rebounds,mlp,mkt,top25%,cons,10894,50.91793647879567,-4.8714158238238845,-3.4241737762634656,-1.4472420475604189
player_points_rebounds,mlp,mkt,top25%,best,10941,51.95137555982085,-2.562107409869564,-0.6521837158489027,-1.9099236940206614
player_points_rebounds,mlp,mkt,top10%,cons,4358,51.97338228545204,-2.961205013742574,-1.721719937239179,-1.239485076503395
player_points_rebounds,mlp,mkt,top10%,best,4377,53.02718757139593,-0.6603669896909083,0.8417605209873505,-1.502127510678259
player_points_rebounds,mlp,mkt,top5%,cons,2179,52.363469481413496,-2.2123440628261837,-1.146327382438278,-1.0660166803879056
player_points_rebounds,mlp,mkt,top5%,best,2189,53.58611238008223,0.38146159593347767,1.9469568151053145,-1.5654952191718368
player_points_rebounds,mlp,abs,top100%,cons,43574,50.7252031027677,-5.5081750235091596,-3.659254704827466,-1.8489203186816936
player_points_rebounds,mlp,abs,top100%,best,43763,51.87258643146036,-2.9488812920173526,-0.7941438805655735,-2.154737411451779
player_points_rebounds,mlp,abs,top25%,cons,10894,51.41362217734533,-4.807266628543061,-3.3025239659423713,-1.5047426626006901
player_points_rebounds,mlp,abs,top25%,best,10941,52.344392651494374,-2.5036713571655675,-0.49028899113751234,-2.013382366028055
player_points_rebounds,mlp,abs,top10%,cons,4358,52.66177145479578,-2.593389220498143,-1.974724407533048,-0.6186648129650951
player_points_rebounds,mlp,abs,top10%,best,4377,53.55266164039296,-0.4228655649751241,0.5893852467239515,-1.0122508116990756
player_points_rebounds,mlp,abs,top5%,cons,2179,52.63882514915099,-2.630885219617741,-1.4328855010772747,-1.1979997185404663
player_points_rebounds,mlp,abs,top5%,best,2189,53.768844221105525,0.01797365129347967,1.4705221747742117,-1.452548523480732
player_points_rebounds,mlp,under,top100%,cons,43574,51.50548492220132,-3.659254704827466,-3.659254704827466,0.0
player_points_rebounds,mlp,under,top100%,best,43763,53.0128190480543,-0.7941438805655735,-0.7941438805655735,0.0
player_points_rebounds,mlp,under,top25%,cons,10894,51.927666605470904,-2.9974370270185084,-3.659254704827466,0.6618176778089575
player_points_rebounds,mlp,under,top25%,best,10941,52.96590805228041,-0.7647766261549234,-0.7941438805655735,0.029367254410650134
player_points_rebounds,mlp,under,top10%,cons,4358,52.38641578705828,-2.2784478076831522,-3.659254704827466,1.3808068971443137
player_points_rebounds,mlp,under,top10%,best,4377,53.392734749828655,-0.0035086913497747014,-0.7941438805655735,0.7906351892157988
player_points_rebounds,mlp,under,top5%,cons,2179,53.05185865075723,-1.0473469574006122,-3.659254704827466,2.6119077474268537
player_points_rebounds,mlp,under,top5%,best,2189,54.36272270443124,1.7316917024719602,-0.7941438805655735,2.5258355830375336
player_points_rebounds,stack,mkt,top100%,cons,35776,50.654069767441854,-4.481846892169955,-4.144416533223951,-0.3374303589460039
player_points_rebounds,stack,mkt,top100%,best,35947,51.901410409769944,-2.0954912656019515,-1.2909556117001955,-0.8045356539017561
player_points_rebounds,stack,mkt,top25%,cons,8950,51.79888268156425,-1.9881522349139165,-1.608918011521494,-0.3792342233924224
player_points_rebounds,stack,mkt,top25%,best,8996,52.779012894619825,0.1675204933352235,1.1734110493297416,-1.0058905559945182
player_points_rebounds,stack,mkt,top10%,cons,3579,53.05951383067896,-0.1508861755185635,1.1366343758032287,-1.2875205513217922
player_points_rebounds,stack,mkt,top10%,best,3595,53.7134909596662,1.639363609865743,3.3072722107379264,-1.6679086008721835
player_points_rebounds,stack,mkt,top5%,cons,1789,52.37562884292901,-2.0275537497241647,-0.93487697050117,-1.0926767792229946
player_points_rebounds,stack,mkt,top5%,best,1798,53.00333704115684,-0.2465249036124869,1.1243321938032038,-1.3708570974156906
player_points_rebounds,stack,abs,top100%,cons,35776,51.64915026833632,-4.129286768158134,-4.144416533223951,0.01512976506581687
player_points_rebounds,stack,abs,top100%,best,35947,52.638606837844605,-1.8079595303546736,-1.2909556117001955,-0.5170039186544781
player_points_rebounds,stack,abs,top25%,cons,9416,52.15590484282073,-4.218841471354032,-3.483015462161123,-0.7358260091929085
player_points_rebounds,stack,abs,top25%,best,9452,52.70842149809564,-2.3584666693054213,-0.5713999927220483,-1.787066676583373
player_points_rebounds,stack,abs,top10%,cons,3733,54.00482185909456,-1.0053114504013245,-0.5299797908824857,-0.4753316595188388
player_points_rebounds,stack,abs,top10%,best,3744,54.380341880341874,0.5598784352724369,1.1846568276230087,-0.6247783923505719
player_points_rebounds,stack,abs,top5%,cons,1929,53.862104717470196,-1.481687293391329,-0.9157346467887757,-0.5659526466025533
player_points_rebounds,stack,abs,top5%,best,1933,54.16451112260735,-0.02883621527626918,0.6743002727250023,-0.7031364880012715
player_points_rebounds,stack,under,top100%,cons,35776,51.22987477638641,-4.144416533223951,-4.144416533223951,0.0
player_points_rebounds,stack,under,top100%,best,35947,52.74988177038418,-1.2909556117001955,-1.2909556117001955,0.0
player_points_rebounds,stack,under,top25%,cons,8947,52.66569799932939,-0.6921590300556054,-4.144416533223951,3.4522575031683456
player_points_rebounds,stack,under,top25%,best,8996,53.723877278790575,1.574418709351254,-1.2909556117001955,2.8653743210514495
player_points_rebounds,stack,under,top10%,cons,3578,53.91280044717719,1.1474098054439146,-4.144416533223951,5.291826338667866
player_points_rebounds,stack,under,top10%,best,3595,54.60361613351877,2.9575405366231733,-1.2909556117001955,4.248496148323369
player_points_rebounds,stack,under,top5%,cons,1789,52.990497484628285,-1.1012265907445389,-4.144416533223951,3.0431899424794118
player_points_rebounds,stack,under,top5%,best,1798,53.44827586206896,0.3609775170866189,-1.2909556117001955,1.6519331287868144
player_points_rebounds_assists,qreg,mkt,top100%,cons,45373,51.00830890617768,-4.809272109567587,-3.8007659125805713,-1.0085061969870157
player_points_rebounds_assists,qreg,mkt,top100%,best,45524,52.348211932167644,-1.9397202340740174,-0.769166722625308,-1.1705535114487093
player_points_rebounds_assists,qreg,mkt,top25%,cons,11344,52.600493653032444,-2.227984715584135,-1.861684807222888,-0.3662999083612468
player_points_rebounds_assists,qreg,mkt,top25%,best,11381,53.58931552587646,0.29119096251868914,1.0565133204140467,-0.7653223578953575
player_points_rebounds_assists,qreg,mkt,top10%,cons,4538,52.40193918025562,-2.5840526874394287,-0.7228407737913506,-1.861211913648078
player_points_rebounds_assists,qreg,mkt,top10%,best,4553,53.23962222710301,-0.2269557877056106,1.940032788064489,-2.1669885757700995
player_points_rebounds_assists,qreg,mkt,top5%,cons,2269,52.622300572939615,-2.297030009063344,1.16146139869505,-3.458491407758394
player_points_rebounds_assists,qreg,mkt,top5%,best,2277,53.57927097057532,0.343940019293422,3.915318759010191,-3.5713787397167693
player_points_rebounds_assists,qreg,abs,top100%,cons,45373,51.17580940206731,-4.9689088473491205,-3.8007659125805713,-1.1681429347685492
player_points_rebounds_assists,qreg,abs,top100%,best,45524,52.444864247429926,-2.105998686281494,-0.769166722625308,-1.3368319636561858
player_points_rebounds_assists,qreg,abs,top25%,cons,11344,53.217559943582515,-2.003333646126291,-2.0443948256364157,0.04106117951012456
player_points_rebounds_assists,qreg,abs,top25%,best,11381,54.09893682453212,0.45417177898164646,0.8740895390039212,-0.4199177600222747
player_points_rebounds_assists,qreg,abs,top10%,cons,4538,53.349493168796826,-2.010399883357687,-0.8556431665878667,-1.1547567167698203
player_points_rebounds_assists,qreg,abs,top10%,best,4553,54.030309685921374,0.2546767677392589,1.7815113617461145,-1.5268345940068555
player_points_rebounds_assists,qreg,abs,top5%,cons,2269,54.07668576465403,-0.6871226234234289,0.5264918359695104,-1.2136144593929394
player_points_rebounds_assists,qreg,abs,top5%,best,2277,54.9407114624506,1.856273101200176,3.0725706079103574,-1.2162975067101813
player_points_rebounds_assists,qreg,under,top100%,cons,45373,51.5769290106451,-3.8007659125805713,-3.8007659125805713,0.0
player_points_rebounds_assists,qreg,under,top100%,best,45524,53.10166066250769,-0.769166722625308,-0.769166722625308,0.0
player_points_rebounds_assists,qreg,under,top25%,cons,11344,53.56135401974612,-0.47794151079167096,-3.8007659125805713,3.3228244017889
player_points_rebounds_assists,qreg,under,top25%,best,11381,54.643704419646774,2.1645729471181023,-0.769166722625308,2.93373966974341
player_points_rebounds_assists,qreg,under,top10%,cons,4538,54.29704715733803,0.8725964797126297,-3.8007659125805713,4.673362392293201
player_points_rebounds_assists,qreg,under,top10%,best,4553,55.282231495717106,3.492340969824671,-0.769166722625308,4.261507692449979
player_points_rebounds_assists,qreg,under,top5%,cons,2269,54.51740855002204,1.2815650206087128,-3.8007659125805713,5.082330933189284
player_points_rebounds_assists,qreg,under,top5%,best,2277,55.55555555555556,4.015414757743236,-0.769166722625308,4.784581480368544
player_points_rebounds_assists,resid,mkt,top100%,cons,45373,51.15156590924118,-4.645609344638547,-3.8007659125805713,-0.8448434320579761
player_points_rebounds_assists,resid,mkt,top100%,best,45524,52.534926632106135,-1.7817784906973393,-0.769166722625308,-1.0126117680720312
player_points_rebounds_assists,resid,mkt,top25%,cons,11344,51.35754583921015,-4.43757268139102,-2.94656864405519,-1.4910040373358302
player_points_rebounds_assists,resid,mkt,top25%,best,11381,52.68429839205694,-1.480128327066267,0.4801704912694307,-1.9602988183356977
player_points_rebounds_assists,resid,mkt,top10%,cons,4538,51.93918025561921,-3.52602083812258,-0.8054149734022966,-2.7206058647202838
player_points_rebounds_assists,resid,mkt,top10%,best,4553,53.21765868658027,-0.46125851226277126,2.3780905569408746,-2.839349069203646
player_points_rebounds_assists,resid,mkt,top5%,cons,2269,52.97487880123403,-1.734094732182832,1.4595711951005717,-3.1936659272834036
player_points_rebounds_assists,resid,mkt,top5%,best,2277,54.106280193236714,1.0701833611054015,4.16157530963447,-3.0913919485290684
player_points_rebounds_assists,resid,abs,top100%,cons,45373,51.23531615718599,-4.862558093182487,-3.8007659125805713,-1.0617921806019162
player_points_rebounds_assists,resid,abs,top100%,best,45524,52.561286354450395,-2.012761165687022,-0.769166722625308,-1.243594443061714
player_points_rebounds_assists,resid,abs,top25%,cons,11350,51.94713656387665,-3.9166018364187907,-2.7706935731324855,-1.1459082632863051
player_points_rebounds_assists,resid,abs,top25%,best,11382,53.250746793182216,-0.8870836951531125,0.6150175672154753,-1.5021012623685879
player_points_rebounds_assists,resid,abs,top10%,cons,4545,52.233223322332236,-3.322637917840704,-1.1859952393669237,-2.1366426784737804
player_points_rebounds_assists,resid,abs,top10%,best,4553,53.48122117285307,-0.2416223058484817,1.8642134701003878,-2.1058357759488695
player_points_rebounds_assists,resid,abs,top5%,cons,2272,53.125,-1.8254152381084334,2.055905292361555,-3.8813205304699885
player_points_rebounds_assists,resid,abs,top5%,best,2277,54.19411506368028,0.9532263261160936,4.400501180019722,-3.4472748539036284
player_points_rebounds_assists,resid,under,top100%,cons,45373,51.5769290106451,-3.8007659125805713,-3.8007659125805713,0.0
player_points_rebounds_assists,resid,under,top100%,best,45524,53.10166066250769,-0.769166722625308,-0.769166722625308,0.0
player_points_rebounds_assists,resid,under,top25%,cons,11344,52.64456981664316,-2.333864652681754,-3.8007659125805713,1.4669012598988171
player_points_rebounds_assists,resid,under,top25%,best,11381,53.67718126702399,0.1339810100488719,-0.769166722625308,0.9031477326741799
player_points_rebounds_assists,resid,under,top10%,cons,4538,53.657999118554436,-0.4387244220975739,-3.8007659125805713,3.3620414904829974
player_points_rebounds_assists,resid,under,top10%,best,4553,54.71117944212607,2.095439278003333,-0.769166722625308,2.8646060006286413
player_points_rebounds_assists,resid,under,top5%,cons,2269,54.86998677831644,1.5611452539359068,-3.8007659125805713,5.361911166516478
player_points_rebounds_assists,resid,under,top5%,best,2277,55.775142731664474,3.9035241699134984,-0.769166722625308,4.672690892538807
player_points_rebounds_assists,ridge,mkt,top100%,cons,45373,51.53725784056598,-4.031068462987418,-3.8007659125805713,-0.23030255040684633
player_points_rebounds_assists,ridge,mkt,top100%,best,45524,52.732624549688076,-1.4867109575104853,-0.769166722625308,-0.7175442348851773
player_points_rebounds_assists,ridge,mkt,top25%,cons,11345,53.195240193918025,-1.4316005147780129,-1.7531657502639655,0.3215652354859526
player_points_rebounds_assists,ridge,mkt,top25%,best,11382,54.182041820418206,0.8929364617565063,1.1542087038211424,-0.26127224206463606
player_points_rebounds_assists,ridge,mkt,top10%,cons,4538,53.459673865138825,-1.1516687548491544,-0.27830735761828235,-0.873361397230872
player_points_rebounds_assists,ridge,mkt,top10%,best,4554,54.28194993412385,0.9975484944143785,2.2844638696719954,-1.286915375257617
player_points_rebounds_assists,ridge,mkt,top5%,cons,2269,53.635962979286035,-0.9709025910899943,-0.1951036762171981,-0.7757989148727962
player_points_rebounds_assists,ridge,mkt,top5%,best,2277,54.413702239789195,1.173367885628132,2.2762172359304045,-1.1028493503022725
player_points_rebounds_assists,ridge,abs,top100%,cons,45373,51.79512044608027,-4.126278695111614,-3.8007659125805713,-0.32551278253104243
player_points_rebounds_assists,ridge,abs,top100%,best,45524,52.93032246727001,-1.5185442302654586,-0.769166722625308,-0.7493775076401505
player_points_rebounds_assists,ridge,abs,top25%,cons,11347,53.309244734291006,-2.458248363672043,-1.687967277176214,-0.7702810864958289
player_points_rebounds_assists,ridge,abs,top25%,best,11402,54.06069110682337,-0.29806816730556146,1.0812770764130581,-1.3793452437186196
player_points_rebounds_assists,ridge,abs,top10%,cons,4541,54.371283858181016,-1.1339627050455645,-0.18552272127105707,-0.9484399837745074
player_points_rebounds_assists,ridge,abs,top10%,best,4554,54.98462889767237,0.8641307140370446,2.229875467511505,-1.3657447534744604
player_points_rebounds_assists,ridge,abs,top5%,cons,2276,55.536028119507904,0.618079938452776,0.9608099299281678,-0.34272999147539185
player_points_rebounds_assists,ridge,abs,top5%,best,2280,56.05263157894736,2.537323105753514,3.108791505035601,-0.5714683992820868
player_points_rebounds_assists,ridge,under,top100%,cons,45373,51.5769290106451,-3.8007659125805713,-3.8007659125805713,0.0
player_points_rebounds_assists,ridge,under,top100%,best,45524,53.10166066250769,-0.769166722625308,-0.769166722625308,0.0
player_points_rebounds_assists,ridge,under,top25%,cons,11344,53.30571227080395,-1.2817817688913036,-3.8007659125805713,2.5189841436892677
player_points_rebounds_assists,ridge,under,top25%,best,11381,54.3801071962042,1.3093243760998101,-0.769166722625308,2.0784910987251184
player_points_rebounds_assists,ridge,under,top10%,cons,4538,54.67166152490084,1.081071185246077,-3.8007659125805713,4.881837097826648
player_points_rebounds_assists,ridge,under,top10%,best,4553,55.52383044146716,3.3181374789907627,-0.769166722625308,4.087304201616071
player_points_rebounds_assists,ridge,under,top5%,cons,2269,55.48699867783164,2.4019786102123435,-3.8007659125805713,6.202744522792915
player_points_rebounds_assists,ridge,under,top5%,best,2277,56.258234519104086,4.592090915785477,-0.769166722625308,5.361257638410785
player_points_rebounds_assists,clf,mkt,top100%,cons,45373,51.22429638771957,-4.445007192716241,-3.8007659125805713,-0.6442412801356694
player_points_rebounds_assists,clf,mkt,top100%,best,45524,52.572269572093845,-1.6059635663512257,-0.769166722625308,-0.8367968437259177
player_points_rebounds_assists,clf,mkt,top25%,cons,11344,52.06276445698167,-3.1598698678827084,-2.182717334442313,-0.9771525334403952
player_points_rebounds_assists,clf,mkt,top25%,best,11381,53.24663913540111,-0.3119921225485866,0.7791853361646778,-1.0911774587132643
player_points_rebounds_assists,clf,mkt,top10%,cons,4538,51.36624063464082,-4.531193898605744,-0.6367356254960956,-3.894458273109648
player_points_rebounds_assists,clf,mkt,top10%,best,4553,52.53678893037558,-1.5966167142044023,2.130559353207379,-3.7271760674117815
player_points_rebounds_assists,clf,mkt,top5%,cons,2269,52.137505509034824,-3.0468667168194843,-0.2102986575749121,-2.836568059244572
player_points_rebounds_assists,clf,mkt,top5%,best,2277,53.40360122968819,0.07548262060447695,2.419154111052167,-2.34367149044769
player_points_rebounds_assists,clf,abs,top100%,cons,45373,51.49979062438014,-4.3615147400818755,-3.8007659125805713,-0.5607488275013042
player_points_rebounds_assists,clf,abs,top100%,best,45524,52.77655742026184,-1.5390070568183931,-0.769166722625308,-0.7698403341930851
player_points_rebounds_assists,clf,abs,top25%,cons,11344,53.005994358251066,-2.25503074349402,-1.9737811262584035,-0.2812496172356167
player_points_rebounds_assists,clf,abs,top25%,best,11381,54.01985765749934,0.40954658744435934,0.7475901001964677,-0.3380435127521083
player_points_rebounds_assists,clf,abs,top10%,cons,4538,52.732481269281614,-2.821321501086703,0.4912159315759046,-3.312537432662608
player_points_rebounds_assists,clf,abs,top10%,best,4553,53.76674719964858,-0.002670523729163056,3.1498813639623426,-3.1525518876915055
player_points_rebounds_assists,clf,abs,top5%,cons,2269,52.930806522697225,-2.4887968128922227,-0.5386979688154332,-1.9500988440767895
player_points_rebounds_assists,clf,abs,top5%,best,2277,53.93061045234958,0.25107107719518557,1.7773945602765457,-1.5263234830813601
player_points_rebounds_assists,clf,under,top100%,cons,45373,51.5769290106451,-3.8007659125805713,-3.8007659125805713,0.0
player_points_rebounds_assists,clf,under,top100%,best,45524,53.10166066250769,-0.769166722625308,-0.769166722625308,0.0
player_points_rebounds_assists,clf,under,top25%,cons,11344,53.55253878702398,-0.5457238350667806,-3.8007659125805713,3.2550420775137905
player_points_rebounds_assists,clf,under,top25%,best,11381,54.74035673490906,2.2734361733528003,-0.769166722625308,3.042602895978108
player_points_rebounds_assists,clf,under,top10%,cons,4538,53.72410753635963,-0.20364264708460558,-3.8007659125805713,3.5971232654959655
player_points_rebounds_assists,clf,under,top10%,best,4553,54.68921590160334,2.282199261608999,-0.769166722625308,3.051365984234307
player_points_rebounds_assists,clf,under,top5%,cons,2269,53.50374614367562,-0.5237027694076732,-3.8007659125805713,3.277063143172898
player_points_rebounds_assists,clf,under,top5%,best,2277,54.36978480456741,1.87263092452306,-0.769166722625308,2.641797647148368
player_points_rebounds_assists,mlp,mkt,top100%,cons,45373,50.882683534260465,-5.011777982059586,-3.8007659125805713,-1.2110120694790147
player_points_rebounds_assists,mlp,mkt,top100%,best,45524,52.34162200158158,-2.1027026889969624,-0.769166722625308,-1.3335359663716544
player_points_rebounds_assists,mlp,mkt,top25%,cons,11344,50.95204513399154,-5.083171765836237,-3.6559089177586297,-1.4272628480776075
player_points_rebounds_assists,mlp,mkt,top25%,best,11381,52.359195149811086,-2.166281396083029,-0.40135002965803945,-1.7649313664249897
player_points_rebounds_assists,mlp,mkt,top10%,cons,4538,50.46275892463641,-6.013110811986709,-4.062493922375224,-1.950616889611485
player_points_rebounds_assists,mlp,mkt,top10%,best,4553,51.70217439051174,-3.3757428350015024,-0.916076958009287,-2.4596658769922155
player_points_rebounds_assists,mlp,mkt,top5%,cons,2269,50.2864698104892,-6.209575935521804,-4.306058549523721,-1.9035173859980832
player_points_rebounds_assists,mlp,mkt,top5%,best,2277,51.5590689503733,-3.5848978375153004,-1.0446914937551681,-2.5402063437601323
player_points_rebounds_assists,mlp,abs,top100%,cons,45373,51.31465849734423,-4.605962421287005,-3.8007659125805713,-0.8051965087064339
player_points_rebounds_assists,mlp,abs,top100%,best,45524,52.69747825322907,-1.7283073673348008,-0.769166722625308,-0.9591406447094928
player_points_rebounds_assists,mlp,abs,top25%,cons,11344,51.61318758815233,-4.632253958534959,-3.355168903243895,-1.2770850552910642
player_points_rebounds_assists,mlp,abs,top25%,best,11381,52.83367015200773,-1.8688970705231278,-0.27308249115346866,-1.5958145793696592
player_points_rebounds_assists,mlp,abs,top10%,cons,4538,51.454385191714415,-4.994832623525042,-4.127091920654276,-0.8677407028707655
player_points_rebounds_assists,mlp,abs,top10%,best,4553,52.58071601142104,-2.427374169822842,-1.1010602885698084,-1.3263138812530335
player_points_rebounds_assists,mlp,abs,top5%,cons,2269,51.16791538122521,-5.4155350204289565,-4.4390359708736415,-0.976499049555315
player_points_rebounds_assists,mlp,abs,top5%,best,2277,52.393500219587175,-2.606110872277891,-1.0389515062565862,-1.5671593660213048
player_points_rebounds_assists,mlp,under,top100%,cons,45373,51.5769290106451,-3.8007659125805713,-3.8007659125805713,0.0
player_points_rebounds_assists,mlp,under,top100%,best,45524,53.10166066250769,-0.769166722625308,-0.769166722625308,0.0
player_points_rebounds_assists,mlp,under,top25%,cons,11344,52.06276445698167,-3.0721572184428174,-3.8007659125805713,0.7286086941377539
player_points_rebounds_assists,mlp,under,top25%,best,11381,53.229065987171595,-0.4658191393238936,-0.769166722625308,0.3033475833014144
player_points_rebounds_assists,mlp,under,top10%,cons,4538,51.1899515204936,-4.769850242185194,-3.8007659125805713,-0.9690843296046223
player_points_rebounds_assists,mlp,under,top10%,best,4553,52.514825389852845,-1.9858796570868171,-0.769166722625308,-1.216712934461509
player_points_rebounds_assists,mlp,under,top5%,cons,2269,51.432349052446014,-4.16565157338458,-3.8007659125805713,-0.36488566080400897
player_points_rebounds_assists,mlp,under,top5%,best,2277,52.70092226613966,-1.4837007905811816,-0.769166722625308,-0.7145340679558736
player_points_rebounds_assists,stack,mkt,top100%,cons,37655,51.363696720223075,-3.8937427278629353,-4.284768056432623,0.3910253285696874
player_points_rebounds_assists,stack,mkt,top100%,best,37797,52.837526787840304,-1.026369490427804,-1.1414377835136458,0.11506829308584177
player_points_rebounds_assists,stack,mkt,top25%,cons,9414,52.48565965583174,-2.758766077925806,-2.996150237221816,0.2373841592960102
player_points_rebounds_assists,stack,mkt,top25%,best,9450,53.67195767195767,-0.1196561162433927,-0.11590487742550158,-0.00375123881789112
player_points_rebounds_assists,stack,mkt,top10%,cons,3769,52.90527991509685,-2.8216988156663545,-1.9977194145143933,-0.8239794011519612
player_points_rebounds_assists,stack,mkt,top10%,best,3782,53.86039132734003,-0.4437481707709609,0.3936512800576762,-0.8373994508286371
player_points_rebounds_assists,stack,mkt,top5%,cons,1883,53.53159851301115,-2.188789293731835,-0.9018380212707844,-1.2869512724610508
player_points_rebounds_assists,stack,mkt,top5%,best,1890,54.179894179894184,-0.29233820223934437,1.0028135713446078,-1.2951517735839522
player_points_rebounds_assists,stack,abs,top100%,cons,37655,52.04620900278848,-4.131108894241773,-4.284768056432623,0.1536591621908494
player_points_rebounds_assists,stack,abs,top100%,best,37797,53.22380083075377,-1.3611273585537342,-1.1414377835136458,-0.21968957504008846
player_points_rebounds_assists,stack,abs,top25%,cons,9646,53.57661206717811,-2.594210071828685,-2.550621499121498,-0.04358857270718719
player_points_rebounds_assists,stack,abs,top25%,best,9673,54.52289879044764,-0.027633817541208607,0.02855723909590812,-0.056191056637116724
player_points_rebounds_assists,stack,abs,top10%,cons,4184,54.732313575525815,-1.6319145293582238,-1.1447155737740131,-0.48719895558421067
player_points_rebounds_assists,stack,abs,top10%,best,4196,55.314585319351764,0.26244037314979546,0.7132750903003209,-0.4508347171505254
player_points_rebounds_assists,stack,abs,top5%,cons,1937,56.272586473928754,0.38310640179501654,1.0620613410784279,-0.6789549392834113
player_points_rebounds_assists,stack,abs,top5%,best,1944,56.68724279835391,2.0694230932267117,2.7476954852602606,-0.6782723920335489
player_points_rebounds_assists,stack,under,top100%,cons,37655,51.32651706280706,-4.284768056432623,-4.284768056432623,0.0
player_points_rebounds_assists,stack,under,top100%,best,37797,52.96716670635235,-1.1414377835136458,-1.1414377835136458,0.0
player_points_rebounds_assists,stack,under,top25%,cons,9414,52.7512215848736,-2.363237813954042,-4.284768056432623,1.9215302424785805
player_points_rebounds_assists,stack,under,top25%,best,9450,53.97883597883598,0.3927985360382725,-1.1414377835136458,1.5342363195519182
player_points_rebounds_assists,stack,under,top10%,cons,3766,53.10674455655868,-2.450133243647903,-4.284768056432623,1.8346348127847198
player_points_rebounds_assists,stack,under,top10%,best,3780,54.1005291005291,0.0064500267543489975,-1.1414377835136458,1.1478878102679948
player_points_rebounds_assists,stack,under,top5%,cons,1883,53.90334572490706,-1.4570904550435881,-4.284768056432623,2.8276776013890346
player_points_rebounds_assists,stack,under,top5%,best,1890,54.4973544973545,0.35341983119015974,-1.1414377835136458,1.4948576147038055
player_rebounds,qreg,mkt,top100%,cons,45589,51.54971594024874,-4.39938748695283,-3.1387007566738743,-1.2606867302789557
player_rebounds,qreg,mkt,top100%,best,45722,52.939503958706965,-1.0791071889219122,0.5116960976381512,-1.5908032865600634
player_rebounds,qreg,mkt,top25%,cons,11398,53.202316195823826,-2.209621979533883,-1.5081687995604747,-0.7014531799734085
player_rebounds,qreg,mkt,top25%,best,11431,54.29971131134634,0.8806103922106673,1.8892389094252857,-1.0086285172146185
player_rebounds,qreg,mkt,top10%,cons,4559,53.257293266067116,-1.8892252777302099,-0.7493991160450287,-1.139826161685181
player_rebounds,qreg,mkt,top10%,best,4573,54.51563525038268,1.4383793137877976,2.823074761246165,-1.3846954474583673
player_rebounds,qreg,mkt,top5%,cons,2281,53.397632617273125,-1.5950528271937257,1.067249683997235,-2.6623025111909606
player_rebounds,qreg,mkt,top5%,best,2287,54.70048097944906,1.711230805517546,4.598750503083009,-2.887519697565463
player_rebounds,qreg,abs,top100%,cons,45589,53.528263396872056,-4.565900612699556,-3.1387007566738743,-1.4271998560256818
player_rebounds,qreg,abs,top100%,best,45722,54.1730457985215,-1.5156151506772615,0.5116960976381512,-2.0273112483154128
player_rebounds,qreg,abs,top25%,cons,11398,56.66783646253729,-2.4411113257156294,-1.72995716819723,-0.7111541575183993
player_rebounds,qreg,abs,top25%,best,11431,56.941649899396374,0.09264204823515064,1.5773600089081776,-1.484717960673027
player_rebounds,qreg,abs,top10%,cons,4559,58.28032463259487,-0.7559994433788543,-0.6412226449347661,-0.11477679844408817
player_rebounds,qreg,abs,top10%,best,4573,58.47364968292149,1.5569357076411743,2.670773595942988,-1.1138378883018136
player_rebounds,qreg,abs,top5%,cons,2280,58.07017543859649,-1.0824577693353619,-0.8479031606724388,-0.2345546086629231
player_rebounds,qreg,abs,top5%,best,2287,58.32968954962834,1.1994212592174562,2.4614011975527332,-1.261979938335277
player_rebounds,qreg,under,top100%,cons,45589,52.28234881221348,-3.1387007566738743,-3.1387007566738743,0.0
player_rebounds,qreg,under,top100%,best,45722,54.17960719128647,0.5116960976381512,0.5116960976381512,0.0
player_rebounds,qreg,under,top25%,cons,11398,54.55343042639059,0.154000861662734,-3.1387007566738743,3.2927016183366082
player_rebounds,qreg,under,top25%,best,11431,55.568191759251164,3.3332791815237073,0.5116960976381512,2.8215830838855562
player_rebounds,qreg,under,top10%,cons,4559,55.4507567449002,1.8056548041820422,-3.1387007566738743,4.944355560855916
player_rebounds,qreg,under,top10%,best,4573,56.41810627596764,5.048905418916523,0.5116960976381512,4.537209321278372
player_rebounds,qreg,under,top5%,cons,2280,55.78947368421052,2.7778416087752897,-3.1387007566738743,5.916542365449164
player_rebounds,qreg,under,top5%,best,2287,56.88675120244863,6.34998270242455,0.5116960976381512,5.838286604786399
player_rebounds,resid,mkt,top100%,cons,45589,51.65281098510606,-4.414688609969464,-3.1387007566738743,-1.27598785329559
player_rebounds,resid,mkt,top100%,best,45722,53.09260312322296,-1.0551600090490907,0.5116960976381512,-1.5668561066872417
player_rebounds,resid,mkt,top25%,cons,11398,52.00035093876119,-3.5426493495530176,-2.4258515880408673,-1.1167977615121503
player_rebounds,resid,mkt,top25%,best,11431,53.27617881200245,-0.06541068363498384,1.297421351514477,-1.362832035149461
player_rebounds,resid,mkt,top10%,cons,4559,52.09475762228559,-3.781759215959673,-3.757930926310177,-0.023828289649495904
player_rebounds,resid,mkt,top10%,best,4573,53.553465996063856,-0.05205275061978779,0.04810733501118172,-0.10016008563096951
player_rebounds,resid,mkt,top5%,cons,2282,51.00788781770377,-5.459433992529626,-1.6044272235566122,-3.855006768973014
player_rebounds,resid,mkt,top5%,best,2287,52.295583734149545,-1.7746091879347188,1.923343115724431,-3.6979523036591497
player_rebounds,resid,abs,top100%,cons,45589,53.22555879707824,-4.647632621751832,-3.1387007566738743,-1.5089318650779577
player_rebounds,resid,abs,top100%,best,45722,53.967455491885744,-1.5385403329006493,0.5116960976381512,-2.0502364305388006
player_rebounds,resid,abs,top25%,cons,11399,55.48732344942538,-2.4340437905748056,-2.7794223813092835,0.34537859073447796
player_rebounds,resid,abs,top25%,best,11431,56.066835797393054,0.47453452091018483,0.7663675862945458,-0.291833065384361
player_rebounds,resid,abs,top10%,cons,4559,53.78372450098706,-4.364777314712614,-3.005831104068543,-1.3589462106440715
player_rebounds,resid,abs,top10%,best,4573,54.53750273343538,-1.2876958261035658,0.4223528196116701,-1.710048645715236
player_rebounds,resid,abs,top5%,cons,2280,53.07017543859649,-5.899860424953594,-1.7074683360886154,-4.192392088864979
player_rebounds,resid,abs,top5%,best,2290,53.88646288209606,-2.5059590381305807,2.3231394009819195,-4.8290984391125
player_rebounds,resid,under,top100%,cons,45589,52.28234881221348,-3.1387007566738743,-3.1387007566738743,0.0
player_rebounds,resid,under,top100%,best,45722,54.17960719128647,0.5116960976381512,0.5116960976381512,0.0
player_rebounds,resid,under,top25%,cons,11398,53.88664678013687,-1.2741292384784042,-3.1387007566738743,1.86457151819547
player_rebounds,resid,under,top25%,best,11431,54.71962208030794,1.6072678436664403,0.5116960976381512,1.095571746028289
player_rebounds,resid,under,top10%,cons,4559,53.915332309717044,-0.5038462806412148,-3.1387007566738743,2.6348544760326593
player_rebounds,resid,under,top10%,best,4573,54.974852394489396,2.6494027930642803,0.5116960976381512,2.1377066954261292
player_rebounds,resid,under,top5%,cons,2280,53.64035087719298,-2.1433060629326,-3.1387007566738743,0.9953946937412743
player_rebounds,resid,under,top5%,best,2287,54.70048097944906,1.0979390686445483,0.5116960976381512,0.5862429710063971
player_rebounds,ridge,mkt,top100%,cons,45589,52.07396521090614,-3.724385401399789,-3.1387007566738743,-0.5856846447259145
player_rebounds,ridge,mkt,top100%,best,45722,53.4053628450199,-0.40322274685344023,0.5116960976381512,-0.9149188444915914
player_rebounds,ridge,mkt,top25%,cons,11398,53.579575364098964,-1.5095180023090948,-1.807087382677878,0.2975693803687831
player_rebounds,ridge,mkt,top25%,best,11433,54.54386425260211,1.240752320542774,1.4211084933811875,-0.18035617283841354
player_rebounds,ridge,mkt,top10%,cons,4559,53.805659135775386,-1.2117074753898727,-0.7284361690145543,-0.48327130637531834
player_rebounds,ridge,mkt,top10%,best,4573,54.60310518259348,1.151729704070451,2.017822816704025,-0.866093112633574
player_rebounds,ridge,mkt,top5%,cons,2280,55.00000000000001,1.4117272590336047,1.0748962352150366,0.3368310238185681
player_rebounds,ridge,mkt,top5%,best,2287,56.055968517708784,4.235712007815316,4.001288425468909,0.23442358234640714
player_rebounds,ridge,abs,top100%,cons,45589,54.326701616618045,-3.773028365654004,-3.1387007566738743,-0.6343276089801297
player_rebounds,ridge,abs,top100%,best,45722,54.761384016447224,-0.9024995011892445,0.5116960976381512,-1.4141955988273955
player_rebounds,ridge,abs,top25%,cons,11403,57.46733315794089,-2.223048126092242,-1.735792071800697,-0.48725605429154495
player_rebounds,ridge,abs,top25%,best,11432,57.688943317004906,0.1399873581860264,1.1592159505237474,-1.019228592337721
player_rebounds,ridge,abs,top10%,cons,4561,59.241394431045826,-1.398390880464279,-1.3097056639975975,-0.0886852164666816
player_rebounds,ridge,abs,top10%,best,4586,59.2891408634976,0.42160566696369955,0.9896239624031756,-0.5680182954394761
player_rebounds,ridge,abs,top5%,cons,2280,59.210526315789465,-1.9182547560909338,-4.037925867657913,2.119671111566979
player_rebounds,ridge,abs,top5%,best,2287,59.33537385220813,-0.17421900261735937,-1.6103717193470077,1.4361527167296484
player_rebounds,ridge,under,top100%,cons,45589,52.28234881221348,-3.1387007566738743,-3.1387007566738743,0.0
player_rebounds,ridge,under,top100%,best,45722,54.17960719128647,0.5116960976381512,0.5116960976381512,0.0
player_rebounds,ridge,under,top25%,cons,11399,54.013509957013774,-0.2883550137508877,-3.1387007566738743,2.8503457429229866
player_rebounds,ridge,under,top25%,best,11432,54.99475157452765,2.5265164668114557,0.5116960976381512,2.0148203691733046
player_rebounds,ridge,under,top10%,cons,4559,53.586312787892076,-0.9343057040661986,-3.1387007566738743,2.2043950526076754
player_rebounds,ridge,under,top10%,best,4573,54.493767767329985,1.692376784832035,0.5116960976381512,1.1806806871938837
player_rebounds,ridge,under,top5%,cons,2280,54.69298245614035,1.2646114669348065,-3.1387007566738743,4.403312223608681
player_rebounds,ridge,under,top5%,best,2287,55.79361609094884,4.2297403990675075,0.5116960976381512,3.7180443014293565
player_rebounds,clf,mkt,top100%,cons,45589,51.31062317664349,-4.732524063977903,-3.1387007566738743,-1.5938233073040284
player_rebounds,clf,mkt,top100%,best,45722,52.93075543502034,-1.2211739031391753,0.5116960976381512,-1.7328700007773263
player_rebounds,clf,mkt,top25%,cons,11398,51.71082646078259,-4.394032108426031,-3.3255754939127984,-1.0684566145132326
player_rebounds,clf,mkt,top25%,best,11431,53.22368996588225,-0.8518165891725928,0.46748269856753033,-1.3192992877401233
player_rebounds,clf,mkt,top10%,cons,4559,51.765738100460624,-4.0403313348104515,-4.974339959599988,0.934008624789537
player_rebounds,clf,mkt,top10%,best,4573,53.66280341132735,0.12726068705248672,-1.0963135909491963,1.2235742780016832
player_rebounds,clf,mkt,top5%,cons,2280,51.79824561403509,-3.5242650226542827,-3.9232000081162703,0.3989349854619877
player_rebounds,clf,mkt,top5%,best,2287,53.476169654569304,0.28925848987147335,-0.15833911074265988,0.44759760061413323
player_rebounds,clf,abs,top100%,cons,45589,53.014981684178196,-5.109432020327326,-3.1387007566738743,-1.9707312636534513
player_rebounds,clf,abs,top100%,best,45722,53.87122173133284,-1.9350330914408562,0.5116960976381512,-2.4467291890790075
player_rebounds,clf,abs,top25%,cons,11398,56.04492016143183,-3.028533837945446,-2.904408896130456,-0.12412494181498968
player_rebounds,clf,abs,top25%,best,11431,56.600472399615086,-0.1324523195028618,0.7753805823864643,-0.9078329018893261
player_rebounds,clf,abs,top10%,cons,4559,55.692037727571844,-3.9714996216981704,-3.242111940816924,-0.7293876808812465
player_rebounds,clf,abs,top10%,best,4573,56.22129892849333,-1.178886344024605,0.30294833495062706,-1.481834678975232
player_rebounds,clf,abs,top5%,cons,2280,55.87719298245614,-3.73961539644944,-4.401586996881585,0.6619716004321452
player_rebounds,clf,abs,top5%,best,2287,56.449497157848704,-0.8509775932355379,-0.9899204664476375,0.13894287321209964
player_rebounds,clf,under,top100%,cons,45589,52.28234881221348,-3.1387007566738743,-3.1387007566738743,0.0
player_rebounds,clf,under,top100%,best,45722,54.17960719128647,0.5116960976381512,0.5116960976381512,0.0
player_rebounds,clf,under,top25%,cons,11398,53.54448148798034,-1.8274073476100265,-3.1387007566738743,1.3112934090638477
player_rebounds,clf,under,top25%,best,11431,54.85084419560843,1.5046586411360754,0.5116960976381512,0.9929625434979242
player_rebounds,clf,under,top10%,cons,4559,52.533450318052196,-3.2700933105826877,-3.1387007566738743,-0.13139255390881344
player_rebounds,clf,under,top10%,best,4573,54.100153072381374,0.3583057923048976,0.5116960976381512,-0.15339030533325354
player_rebounds,clf,under,top5%,cons,2280,52.5438596491228,-2.8058782324456333,-3.1387007566738743,0.332822524228241
player_rebounds,clf,under,top5%,best,2287,54.5255793616091,1.3965384325295178,0.5116960976381512,0.8848423348913667
player_rebounds,mlp,mkt,top100%,cons,45589,51.45320143016956,-4.699756642124705,-3.1387007566738743,-1.561055885450831
player_rebounds,mlp,mkt,top100%,best,45722,53.20633393114912,-1.015485944848461,0.5116960976381512,-1.5271820424866123
player_rebounds,mlp,mkt,top25%,cons,11398,51.938936655553604,-4.623830732619016,-2.1133845365764925,-2.5104461960425235
player_rebounds,mlp,mkt,top25%,best,11431,53.72233400402414,-1.0166439137405825,1.448720307208747,-2.465364220949329
player_rebounds,mlp,mkt,top10%,cons,4559,52.292169335380564,-4.117059451390003,-4.523859219635806,0.40679976824580333
player_rebounds,mlp,mkt,top10%,best,4573,54.36256286901377,-0.41401043987211605,-0.7765924020796826,0.36258196220756655
player_rebounds,mlp,mkt,top5%,cons,2280,52.807017543859644,-2.5526396799505804,-4.482189077034331,1.9295493970837505
player_rebounds,mlp,mkt,top5%,best,2287,54.787931788369036,0.30723264971100506,-1.3590665743452106,1.6662992240562158
player_rebounds,mlp,abs,top100%,cons,45589,53.28259009848867,-4.627549122434639,-3.1387007566738743,-1.4888483657607643
player_rebounds,mlp,abs,top100%,best,45722,54.22553694064126,-1.4308314298708438,0.5116960976381512,-1.9425275275089948
player_rebounds,mlp,abs,top25%,cons,11398,55.19389366555536,-4.166708831976204,-2.711107922679689,-1.4556009092965154
player_rebounds,mlp,abs,top25%,best,11431,55.848132271892226,-1.4577575497881299,0.42381598540422805,-1.881573535192358
player_rebounds,mlp,abs,top10%,cons,4559,55.670103092783506,-3.7843525292031934,-3.196911472948948,-0.5874410562542454
player_rebounds,mlp,abs,top10%,best,4573,56.26503389459874,-1.2758322182302269,-0.36483797650615624,-0.9109942417240706
player_rebounds,mlp,abs,top5%,cons,2280,56.666666666666664,-2.266239419318082,-4.514873744102946,2.248634324784864
player_rebounds,mlp,abs,top5%,best,2287,57.105378224748584,-0.16749698520488598,-1.381541612005463,1.2140446268005771
player_rebounds,mlp,under,top100%,cons,45589,52.28234881221348,-3.1387007566738743,-3.1387007566738743,0.0
player_rebounds,mlp,under,top100%,best,45722,54.17960719128647,0.5116960976381512,0.5116960976381512,0.0
player_rebounds,mlp,under,top25%,cons,11398,53.6497631163362,-1.6951370184872103,-3.1387007566738743,1.443563738186664
player_rebounds,mlp,under,top25%,best,11431,55.2095179774298,1.7968259983181214,0.5116960976381512,1.2851299006799701
player_rebounds,mlp,under,top10%,cons,4559,52.752796665935506,-3.454207513750214,-3.1387007566738743,-0.3155067570763399
player_rebounds,mlp,under,top10%,best,4573,54.36256286901377,-0.14573869521680974,0.5116960976381512,-0.6574347928549609
player_rebounds,mlp,under,top5%,cons,2280,53.377192982456144,-1.8673184566330492,-3.1387007566738743,1.271382300040825
player_rebounds,mlp,under,top5%,best,2287,55.13773502404897,1.1408344855931944,0.5116960976381512,0.6291383879550433
player_rebounds,stack,mkt,top100%,cons,37697,52.40204790832161,-4.075823553861331,-3.4908083527683376,-0.5850152010929932
player_rebounds,stack,mkt,top100%,best,37821,53.76642605959652,-0.7639641802250616,0.22281766306581435,-0.9867818432908759
player_rebounds,stack,mkt,top25%,cons,9425,55.437665782493376,-1.8353834291351887,-1.5170001123564945,-0.31838331677869425
player_rebounds,stack,mkt,top25%,best,9458,55.88919433283992,0.578101846173037,1.2315930940051694,-0.6534912478321324
player_rebounds,stack,mkt,top10%,cons,3770,58.647214854111404,1.1695092584473386,1.3528113561220447,-0.18330209767470618
player_rebounds,stack,mkt,top10%,best,3784,58.93234672304439,3.4925487719428965,4.113195471103297,-0.6206466991604005
player_rebounds,stack,mkt,top5%,cons,1885,58.673740053050395,0.47116445925887135,0.5270370437864916,-0.055872584527620284
player_rebounds,stack,mkt,top5%,best,1893,58.9540412044374,2.710690872416065,3.4564625190416467,-0.7457716466255815
player_rebounds,stack,abs,top100%,cons,37697,54.37833249330185,-5.123320799574414,-3.4908083527683376,-1.6325124468060768
player_rebounds,stack,abs,top100%,best,37821,54.66539753047249,-2.2841575030928007,0.22281766306581435,-2.506975166158615
player_rebounds,stack,abs,top25%,cons,9499,58.774607853458264,-3.084619937036926,-2.470690853433341,-0.6139290836035847
player_rebounds,stack,abs,top25%,best,9503,58.802483426286436,-1.0359749309291315,0.7402289996307222,-1.7762039305598538
player_rebounds,stack,abs,top10%,cons,3800,60.5,-2.2651568117894625,-3.0357128601325183,0.7705560483430558
player_rebounds,stack,abs,top10%,best,3802,60.52077853761178,-0.4437888722116229,-0.9279436465629084,0.4841547743512855
player_rebounds,stack,abs,top5%,cons,1885,60.318302387267906,-2.9982409679605095,-3.546444294623418,0.5482033266629083
player_rebounds,stack,abs,top5%,best,2285,60.35010940919037,-1.3625563417013156,-1.4509237569061881,0.08836741520487257
player_rebounds,stack,under,top100%,cons,37697,52.14738573361275,-3.4908083527683376,-3.4908083527683376,0.0
player_rebounds,stack,under,top100%,best,37821,54.16567515401497,0.22281766306581435,0.22281766306581435,0.0
player_rebounds,stack,under,top25%,cons,9425,55.42705570291777,-1.575280625877077,-3.4908083527683376,1.9155277268912605
player_rebounds,stack,under,top25%,best,9456,55.901015228426395,0.8662378563594496,0.22281766306581435,0.6434201932936352
player_rebounds,stack,under,top10%,cons,3771,58.47255369928401,1.1205669108198353,-3.4908083527683376,4.611375263588172
player_rebounds,stack,under,top10%,best,3783,58.78932064499075,3.5238127685746536,0.22281766306581435,3.3009951055088393
player_rebounds,stack,under,top5%,cons,1886,58.16542948038176,0.034921944204595406,-3.4908083527683376,3.525730296972933
player_rebounds,stack,under,top5%,best,1892,58.45665961945031,2.3471167677300677,0.22281766306581435,2.1242991046642534
player_rebounds_assists,qreg,mkt,top100%,cons,40800,50.865196078431374,-4.955759837931278,-3.286107999729175,-1.6696518382021028
player_rebounds_assists,qreg,mkt,top100%,best,40952,51.85827310021489,-2.7325162002178205,-0.9423727284979369,-1.7901434717198836
player_rebounds_assists,qreg,mkt,top25%,cons,10200,51.19607843137255,-4.39992739873774,-3.9375468796374746,-0.462380519100265
player_rebounds_assists,qreg,mkt,top25%,best,10238,52.0023442078531,-2.2380580029279886,-1.73215496165139,-0.5059030412765986
player_rebounds_assists,qreg,mkt,top10%,cons,4080,50.931372549019606,-4.454979455354167,-4.129797889321458,-0.3251815660327084
player_rebounds_assists,qreg,mkt,top10%,best,4096,51.66015625,-2.4809506692690775,-2.2319935058476403,-0.24895716342143714
player_rebounds_assists,qreg,mkt,top5%,cons,2040,50.245098039215684,-5.811591680143394,-4.552826361328948,-1.2587653188144463
player_rebounds_assists,qreg,mkt,top5%,best,2048,50.78125,-4.141950909979641,-2.837199333589524,-1.3047515763901174
player_rebounds_assists,qreg,abs,top100%,cons,40800,52.02696078431372,-4.9460325092077255,-3.286107999729175,-1.6599245094785506
player_rebounds_assists,qreg,abs,top100%,best,40952,52.717815979683536,-2.835903547429135,-0.9423727284979369,-1.8935308189311981
player_rebounds_assists,qreg,abs,top25%,cons,10200,53.764705882352935,-3.7084793097832622,-2.78889036061717,-0.919588949166092
player_rebounds_assists,qreg,abs,top25%,best,10238,54.13166634108224,-1.9475717089515712,-0.7334131751122897,-1.2141585338392815
player_rebounds_assists,qreg,abs,top10%,cons,4080,53.8235294117647,-4.0087434824775245,-2.9251482732155742,-1.0835952092619503
player_rebounds_assists,qreg,abs,top10%,best,4096,54.1748046875,-2.1858497144421563,-1.0412260395241901,-1.1446236749179661
player_rebounds_assists,qreg,abs,top5%,cons,2040,53.529411764705884,-4.517460348559361,-4.222864596282735,-0.29459575227662604
player_rebounds_assists,qreg,abs,top5%,best,2048,53.80859375,-2.754320588428527,-2.554332558065653,-0.19998803036287427
player_rebounds_assists,qreg,under,top100%,cons,40800,51.80882352941176,-3.286107999729175,-3.286107999729175,0.0
player_rebounds_assists,qreg,under,top100%,best,40952,53.04502832584489,-0.9423727284979369,-0.9423727284979369,0.0
player_rebounds_assists,qreg,under,top25%,cons,10200,52.18627450980392,-2.6643869222379197,-3.286107999729175,0.6217210774912552
player_rebounds_assists,qreg,under,top25%,best,10238,53.13537800351631,-0.4925581248716163,-0.9423727284979369,0.44981460362632053
player_rebounds_assists,qreg,under,top10%,cons,4080,51.66666666666667,-3.4271549944784123,-3.286107999729175,-0.14104699474923743
player_rebounds_assists,qreg,under,top10%,best,4096,52.587890625,-1.1768157477490604,-0.9423727284979369,-0.23444301925112354
player_rebounds_assists,qreg,under,top5%,cons,2040,50.931372549019606,-4.693765184458564,-3.286107999729175,-1.407657184729389
player_rebounds_assists,qreg,under,top5%,best,2048,51.7578125,-2.6070632447954267,-0.9423727284979369,-1.6646905162974899
player_rebounds_assists,resid,mkt,top100%,cons,40800,51.117647058823536,-4.475881780187288,-3.286107999729175,-1.1897737804581134
player_rebounds_assists,resid,mkt,top100%,best,40952,52.175717913655006,-2.290750390548542,-0.9423727284979369,-1.3483776620506052
player_rebounds_assists,resid,mkt,top25%,cons,10200,51.725490196078425,-3.469788976744109,-4.005132899564855,0.5353439228207462
player_rebounds_assists,resid,mkt,top25%,best,10238,52.84235202187927,-0.9382915941619574,-1.4088609985225624,0.470569404360605
player_rebounds_assists,resid,mkt,top10%,cons,4080,52.5,-2.2425296405951185,-5.374736534614189,3.1322068940190704
player_rebounds_assists,resid,mkt,top10%,best,4096,53.5888671875,0.33947718038689345,-2.813689422328025,3.1531666027149186
player_rebounds_assists,resid,mkt,top5%,cons,2040,52.30392156862745,-2.057002496485617,-4.3411321733512125,2.2841296768655956
player_rebounds_assists,resid,mkt,top5%,best,2048,53.41796875,0.5115013977047056,-2.18911791453138,2.7006193122360855
player_rebounds_assists,resid,abs,top100%,cons,40800,51.9264705882353,-4.635082117482728,-3.286107999729175,-1.3489741177535532
player_rebounds_assists,resid,abs,top100%,best,40952,52.77397929283063,-2.4660630177464142,-0.9423727284979369,-1.5236902892484774
player_rebounds_assists,resid,abs,top25%,cons,10201,52.92618370747966,-3.597850514888623,-4.479075511195312,0.8812249963066887
player_rebounds_assists,resid,abs,top25%,best,10238,53.72142996679039,-1.3587980420357968,-2.0888924319242492,0.7300943898884524
player_rebounds_assists,resid,abs,top10%,cons,4080,53.50490196078431,-2.339007103560018,-3.913528165396522,1.5745210618365042
player_rebounds_assists,resid,abs,top10%,best,4097,54.356846473029044,0.12184750140513448,-1.733585776775268,1.8554332781804026
player_rebounds_assists,resid,abs,top5%,cons,2058,54.22740524781341,-0.7467338248754266,-4.518007316904467,3.7712734920290405
player_rebounds_assists,resid,abs,top5%,best,2059,54.83244293346284,1.4280706311152247,-2.5407589367722467,3.9688295678874717
player_rebounds_assists,resid,under,top100%,cons,40800,51.80882352941176,-3.286107999729175,-3.286107999729175,0.0
player_rebounds_assists,resid,under,top100%,best,40952,53.04502832584489,-0.9423727284979369,-0.9423727284979369,0.0
player_rebounds_assists,resid,under,top25%,cons,10200,51.78431372549019,-3.157450337035983,-3.286107999729175,0.1286576626931919
player_rebounds_assists,resid,under,top25%,best,10238,52.734909161945694,-1.1075541281006165,-0.9423727284979369,-0.16518139960267963
player_rebounds_assists,resid,under,top10%,cons,4080,53.11274509803921,-1.0694325028681289,-3.286107999729175,2.216675496861046
player_rebounds_assists,resid,under,top10%,best,4096,53.857421875,0.6891348166391253,-0.9423727284979369,1.6315075451370622
player_rebounds_assists,resid,under,top5%,cons,2040,52.254901960784316,-2.5384581089019775,-3.286107999729175,0.7476498908271973
player_rebounds_assists,resid,under,top5%,best,2048,53.02734375,-0.6174801965244114,-0.9423727284979369,0.3248925319735254
player_rebounds_assists,ridge,mkt,top100%,cons,40800,51.0906862745098,-4.450220007814613,-3.286107999729175,-1.164112008085438
player_rebounds_assists,ridge,mkt,top100%,best,40952,52.06583317054112,-2.406162618833912,-0.9423727284979369,-1.463789890335975
player_rebounds_assists,ridge,mkt,top25%,cons,10200,51.970588235294116,-2.7791741864354003,-2.469239714098912,-0.3099344723364883
player_rebounds_assists,ridge,mkt,top25%,best,10238,52.734909161945694,-1.0983602833901562,-0.22123151399307267,-0.8771287693970835
player_rebounds_assists,ridge,mkt,top10%,cons,4080,53.01470588235294,-1.3074778108035816,-2.7937529864264468,1.4862751756228652
player_rebounds_assists,ridge,mkt,top10%,best,4096,53.90625,0.5175990198040381,-0.29527679726015776,0.8128758170641959
player_rebounds_assists,ridge,mkt,top5%,cons,2040,54.2156862745098,1.113233607189328,-0.7318305384879019,1.84506414567723
player_rebounds_assists,ridge,mkt,top5%,best,2048,54.8828125,2.4321381701156497,1.1298816709313542,1.3022564991842955
player_rebounds_assists,ridge,abs,top100%,cons,40800,52.583333333333336,-4.736025729600121,-3.286107999729175,-1.4499177298709465
player_rebounds_assists,ridge,abs,top100%,best,40952,53.04991209220551,-2.9214365422015405,-0.9423727284979369,-1.9790638137036036
player_rebounds_assists,ridge,abs,top25%,cons,10205,55.14943655071044,-2.7997672937478226,-3.057931920350153,0.2581646266023303
player_rebounds_assists,ridge,abs,top25%,best,10239,55.39603476902041,-1.4635672826810744,-1.0543579537836598,-0.40920932889741457
player_rebounds_assists,ridge,abs,top10%,cons,4097,56.553575787161336,-0.8751179434655497,-3.632704016345869,2.7575860728803194
player_rebounds_assists,ridge,abs,top10%,best,4102,56.70404680643588,0.19615879877202977,-1.7739945740190615,1.9701533727910912
player_rebounds_assists,ridge,abs,top5%,cons,2040,57.35294117647059,-0.04319612886391434,-1.828504689768249,1.7853085609043347
player_rebounds_assists,ridge,abs,top5%,best,2048,57.568359375,0.8808086335193366,-0.26652381638996303,1.1473324499092996
player_rebounds_assists,ridge,under,top100%,cons,40800,51.80882352941176,-3.286107999729175,-3.286107999729175,0.0
player_rebounds_assists,ridge,under,top100%,best,40952,53.04502832584489,-0.9423727284979369,-0.9423727284979369,0.0
player_rebounds_assists,ridge,under,top25%,cons,10200,52.27450980392157,-2.0686518561606313,-3.286107999729175,1.2174561435685436
player_rebounds_assists,ridge,under,top25%,best,10238,52.97909747997656,-0.4784630562416579,-0.9423727284979369,0.46390967225627894
player_rebounds_assists,ridge,under,top10%,cons,4080,52.720588235294116,-1.7718669217006833,-3.286107999729175,1.5142410780284916
player_rebounds_assists,ridge,under,top10%,best,4096,53.564453125,-0.09941718890331686,-0.9423727284979369,0.84295553959462
player_rebounds_assists,ridge,under,top5%,cons,2040,53.970588235294116,0.7124182874081181,-3.286107999729175,3.998526287137293
player_rebounds_assists,ridge,under,top5%,best,2048,54.6875,2.1107228356413543,-0.9423727284979369,3.053095564139291
player_rebounds_assists,clf,mkt,top100%,cons,40800,50.65196078431372,-5.265379931120311,-3.286107999729175,-1.979271931391136
player_rebounds_assists,clf,mkt,top100%,best,40952,51.79478413752686,-2.9747390143338954,-0.9423727284979369,-2.0323662858359586
player_rebounds_assists,clf,mkt,top25%,cons,10200,50.96078431372549,-4.630129929851083,-4.750287881084517,0.1201579512334332
player_rebounds_assists,clf,mkt,top25%,best,10238,52.197694862277785,-1.9322101376815382,-2.260520759097392,0.328310621415854
player_rebounds_assists,clf,mkt,top10%,cons,4080,51.617647058823536,-3.0198417896149206,-3.833013746668311,0.8131719570533904
player_rebounds_assists,clf,mkt,top10%,best,4096,52.8076171875,-0.20013675966765732,-1.3815788115607575,1.1814420518931001
player_rebounds_assists,clf,mkt,top5%,cons,2040,49.90196078431373,-5.759349991293514,-4.677104914889616,-1.0822450764038978
player_rebounds_assists,clf,mkt,top5%,best,2048,50.78125,-3.3973715268075466,-2.3721855191979557,-1.0251860076095909
player_rebounds_assists,clf,abs,top100%,cons,40800,51.35294117647059,-5.955860215367055,-3.286107999729175,-2.6697522156378803
player_rebounds_assists,clf,abs,top100%,best,40952,52.244090642703654,-3.684092413624601,-0.9423727284979369,-2.741719685126664
player_rebounds_assists,clf,abs,top25%,cons,10200,53.11764705882352,-4.341118512200374,-3.248122803136414,-1.0929957090639602
player_rebounds_assists,clf,abs,top25%,best,10238,53.8093377612815,-2.1134825161738098,-1.0027882025376456,-1.1106943136361642
player_rebounds_assists,clf,abs,top10%,cons,4080,53.3578431372549,-3.9070940046918157,-5.131330983895881,1.2242369792040657
player_rebounds_assists,clf,abs,top10%,best,4096,53.8818359375,-1.9173853477695957,-3.2767220836831257,1.35933673591353
player_rebounds_assists,clf,abs,top5%,cons,2040,53.529411764705884,-3.1981349225137747,-5.255817204129462,2.0576822816156874
player_rebounds_assists,clf,abs,top5%,best,2048,53.955078125,-1.2164046172983944,-3.3575926441699266,2.141188026871532
player_rebounds_assists,clf,under,top100%,cons,40800,51.80882352941176,-3.286107999729175,-3.286107999729175,0.0
player_rebounds_assists,clf,under,top100%,best,40952,53.04502832584489,-0.9423727284979369,-0.9423727284979369,0.0
player_rebounds_assists,clf,under,top25%,cons,10200,51.67647058823529,-3.530935806386611,-3.286107999729175,-0.2448278066574363
player_rebounds_assists,clf,under,top25%,best,10238,52.95956241453409,-0.9807473294179312,-0.9423727284979369,-0.03837460091999434
player_rebounds_assists,clf,under,top10%,cons,4080,51.76470588235295,-3.2117077766680246,-3.286107999729175,0.07440022306115024
player_rebounds_assists,clf,under,top10%,best,4096,53.02734375,-0.44812089763581753,-0.9423727284979369,0.4942518308621193
player_rebounds_assists,clf,under,top5%,cons,2040,50.98039215686274,-4.250095697010265,-3.286107999729175,-0.9639876972810897
player_rebounds_assists,clf,under,top5%,best,2048,52.05078125,-1.727915887022391,-0.9423727284979369,-0.7855431585244541
player_rebounds_assists,mlp,mkt,top100%,cons,40800,50.67892156862746,-5.267924622577779,-3.286107999729175,-1.9818166228486045
player_rebounds_assists,mlp,mkt,top100%,best,40952,51.78745848798594,-3.026819718165844,-0.9423727284979369,-2.084446989667907
player_rebounds_assists,mlp,mkt,top25%,cons,10200,51.049019607843135,-4.557564123004091,-3.883978772397135,-0.6735853506069556
player_rebounds_assists,mlp,mkt,top25%,best,10238,52.30513772221137,-2.364877698290602,-1.6195728644236709,-0.7453048338669312
player_rebounds_assists,mlp,mkt,top10%,cons,4080,51.44607843137254,-3.59012177177504,-3.367840758725708,-0.222281013049332
player_rebounds_assists,mlp,mkt,top10%,best,4096,53.02734375,-1.1227923358092085,-0.9090444451430812,-0.2137478906661272
player_rebounds_assists,mlp,mkt,top5%,cons,2040,50.245098039215684,-5.504034792675692,-6.057201325893402,0.55316653321771
player_rebounds_assists,mlp,mkt,top5%,best,2048,52.099609375,-2.85560559714213,-3.225178545108065,0.3695729479659349
player_rebounds_assists,mlp,abs,top100%,cons,40800,51.58088235294118,-5.457701371873126,-3.286107999729175,-2.1715933721439513
player_rebounds_assists,mlp,abs,top100%,best,40952,52.4272318812268,-3.294447563336822,-0.9423727284979369,-2.352074834838885
player_rebounds_assists,mlp,abs,top25%,cons,10200,53.42156862745098,-3.910697449656094,-3.8675217242801887,-0.043175725375905305
player_rebounds_assists,mlp,abs,top25%,best,10238,54.180504004688416,-1.9671739079240105,-1.5368844969567435,-0.430289410967267
player_rebounds_assists,mlp,abs,top10%,cons,4080,53.75,-4.066887787159752,-4.315730052835801,0.24884226567604895
player_rebounds_assists,mlp,abs,top10%,best,4096,54.5654296875,-2.1470840962138027,-2.327817858895287,0.18073376268148422
player_rebounds_assists,mlp,abs,top5%,cons,2040,55.196078431372555,-1.778262164078507,-3.178959512243084,1.4006973481645768
player_rebounds_assists,mlp,abs,top5%,best,2048,55.810546875,-0.349122763145715,-1.318572083255276,0.9694493201095611
player_rebounds_assists,mlp,under,top100%,cons,40800,51.80882352941176,-3.286107999729175,-3.286107999729175,0.0
player_rebounds_assists,mlp,under,top100%,best,40952,53.04502832584489,-0.9423727284979369,-0.9423727284979369,0.0
player_rebounds_assists,mlp,under,top25%,cons,10200,51.78431372549019,-3.316536764303843,-3.286107999729175,-0.030428764574668143
player_rebounds_assists,mlp,under,top25%,best,10238,52.93025981637038,-1.2244512464739798,-0.9423727284979369,-0.282078517976043
player_rebounds_assists,mlp,under,top10%,cons,4080,52.20588235294118,-2.2073779152888875,-3.286107999729175,1.0787300844402874
player_rebounds_assists,mlp,under,top10%,best,4096,53.4912109375,-0.09284242987632751,-0.9423727284979369,0.8495302986216093
player_rebounds_assists,mlp,under,top5%,cons,2040,50.49019607843137,-5.048683268182417,-3.286107999729175,-1.7625752684532423
player_rebounds_assists,mlp,under,top5%,best,2048,52.1484375,-2.626989607233554,-0.9423727284979369,-1.6846168787356173
player_rebounds_assists,stack,mkt,top100%,cons,33090,51.680265941372014,-4.210191372118892,-3.1543244999245457,-1.0558668721943465
player_rebounds_assists,stack,mkt,top100%,best,33238,52.71676996209158,-2.1300952391788286,-0.7678718908045853,-1.3622233483742434
player_rebounds_assists,stack,mkt,top25%,cons,8505,53.56848912404468,-2.280858929615593,-2.065785930550568,-0.21507299906502464
player_rebounds_assists,stack,mkt,top25%,best,8542,54.12081479747132,-0.7284109275923265,-0.21892709269844043,-0.509483834893886
player_rebounds_assists,stack,mkt,top10%,cons,3312,54.921497584541065,-2.0366972411312343,-0.6423857117044753,-1.394311529426759
player_rebounds_assists,stack,mkt,top10%,best,3324,55.23465703971119,-0.700083414426636,1.0006266559791335,-1.7007100704057696
player_rebounds_assists,stack,mkt,top5%,cons,1655,56.43504531722054,-0.32584012455090294,-0.1705872472319358,-0.15525287731896714
player_rebounds_assists,stack,mkt,top5%,best,1662,56.61853188929001,0.8471223851833962,1.06314409223848,-0.21602170705508383
player_rebounds_assists,stack,abs,top100%,cons,33090,52.8014505893019,-5.714422070969264,-3.1543244999245457,-2.5600975710447185
player_rebounds_assists,stack,abs,top100%,best,33238,53.189120885733196,-3.847953486911685,-0.7678718908045853,-3.0800815961071
player_rebounds_assists,stack,abs,top25%,cons,8373,56.19252358772244,-3.8305406827845765,-3.801590142306441,-0.02895054047813561
player_rebounds_assists,stack,abs,top25%,best,8377,56.225379013966815,-2.723258385812523,-2.1793788524207374,-0.5438795333917859
player_rebounds_assists,stack,abs,top10%,cons,3617,57.976223389549354,-2.0870802314827905,-2.300000919107907,0.2129206876251164
player_rebounds_assists,stack,abs,top10%,best,3619,58.027079303675045,-1.1456183749491682,-1.1237354659349033,-0.02188290901426493
player_rebounds_assists,stack,abs,top5%,cons,1693,55.99527466036621,-5.547501839481721,-2.533073011264249,-3.014428828217472
player_rebounds_assists,stack,abs,top5%,best,1694,56.02125147579693,-4.709803065837063,-1.5143664204103184,-3.1954366454267444
player_rebounds_assists,stack,under,top100%,cons,33090,51.85856754306437,-3.1543244999245457,-3.1543244999245457,0.0
player_rebounds_assists,stack,under,top100%,best,33238,53.18611228112401,-0.7678718908045853,-0.7678718908045853,0.0
player_rebounds_assists,stack,under,top25%,cons,8279,53.38809034907598,-2.012586129980252,-3.1543244999245457,1.1417383699442936
player_rebounds_assists,stack,under,top25%,best,8325,54.01801801801802,-0.4593376311453971,-0.7678718908045853,0.3085342596591882
player_rebounds_assists,stack,under,top10%,cons,3313,55.20676124358588,-0.9274360171409306,-3.1543244999245457,2.226888482783615
player_rebounds_assists,stack,under,top10%,best,3326,55.53217077570656,0.39498122141293857,-0.7678718908045853,1.1628531122175239
player_rebounds_assists,stack,under,top5%,cons,1659,57.022302591922845,1.1285266652029633,-3.1543244999245457,4.282851165127509
player_rebounds_assists,stack,under,top5%,best,1664,57.331730769230774,2.5308989704801483,-0.7678718908045853,3.2987708612847335
player_steals,qreg,mkt,top100%,cons,29127,52.90280495759948,-2.8726171349531247,-2.033821346790328,-0.8387957881627965
player_steals,qreg,mkt,top100%,best,29301,53.482816286133584,-1.3681781893683587,-0.4032238010399854,-0.9649543883283733
player_steals,qreg,mkt,top25%,cons,7282,55.67151881351277,0.25629011100217947,-0.289978726621972,0.5462688376241515
player_steals,qreg,mkt,top25%,best,7326,56.197106197106194,1.998202118299517,1.7035775942259592,0.2946245240735579
player_steals,qreg,mkt,top10%,cons,2913,54.58290422245108,0.3486137679872994,0.9730881651037958,-0.6244743971164963
player_steals,qreg,mkt,top10%,best,2931,55.066530194472875,2.3812761407628966,3.28252296812174,-0.9012468273588432
player_steals,qreg,mkt,top5%,cons,1457,54.975978037062454,2.7690653532600273,3.226646823922329,-0.4575814706623018
player_steals,qreg,mkt,top5%,best,1466,55.38881309686221,4.513078692177308,5.09747678228485,-0.5843980901075421
player_steals,qreg,abs,top100%,cons,29127,58.57451848800083,-4.607761776745657,-2.033821346790328,-2.573940429955329
player_steals,qreg,abs,top100%,best,29301,58.840995187877546,-3.30266927778548,-0.4032238010399854,-2.8994454767454942
player_steals,qreg,abs,top25%,cons,7282,66.42405932436144,-0.5312713660633325,-0.7445108265183974,0.21323946045506492
player_steals,qreg,abs,top25%,best,7326,66.40731640731642,0.9503748893347264,1.1285581193008027,-0.17818322996607638
player_steals,qreg,abs,top10%,cons,2913,68.00549261929282,0.6617988052132446,0.3202336946795824,0.34156511053366223
player_steals,qreg,abs,top10%,best,2931,67.96315250767655,2.1686376137604935,1.7630317356756464,0.40560587808484705
player_steals,qreg,abs,top5%,cons,1457,69.2518874399451,2.1849616635884828,1.0282154597070992,1.1567462038813836
player_steals,qreg,abs,top5%,best,1466,69.09959072305594,3.60640930609033,3.0634201890287103,0.5429891170616199
player_steals,qreg,under,top100%,cons,29127,52.408418306039074,-2.033821346790328,-2.033821346790328,0.0
player_steals,qreg,under,top100%,best,29301,53.185898092215275,-0.4032238010399854,-0.4032238010399854,0.0
player_steals,qreg,under,top25%,cons,7282,56.70145564405383,1.6259571658618763,-2.033821346790328,3.6597785126522044
player_steals,qreg,under,top25%,best,7326,57.35735735735735,3.525707741562148,-0.4032238010399854,3.9289315426021334
player_steals,qreg,under,top10%,cons,2913,56.436663233779605,2.7932402402561554,-2.033821346790328,4.827061587046483
player_steals,qreg,under,top10%,best,2931,56.943022859092466,4.821341422506259,-0.4032238010399854,5.224565223546244
player_steals,qreg,under,top5%,cons,1457,56.829100892244334,5.0283648007195865,-2.033821346790328,7.062186147509914
player_steals,qreg,under,top5%,best,1466,57.36698499317872,7.154936070006346,-0.4032238010399854,7.558159871046331
player_steals,resid,mkt,top100%,cons,29127,51.50890925945,-5.191710203426622,-2.033821346790328,-3.1578888566362937
player_steals,resid,mkt,top100%,best,29301,52.15862939831405,-3.588904790848027,-0.4032238010399854,-3.1856809898080414
player_steals,resid,mkt,top25%,cons,7282,51.33205163416644,-4.926573293806923,-1.6412139315423124,-3.285359362264611
player_steals,resid,mkt,top25%,best,7326,52.1021021021021,-2.854475968853229,0.32339207044950835,-3.177868039302737
player_steals,resid,mkt,top10%,cons,2913,49.570889117748024,-5.277111621971929,-1.3784762841501965,-3.898635337821732
player_steals,resid,mkt,top10%,best,2931,50.76765609007165,-2.6653836018312753,0.5768647945525093,-3.2422483963837845
player_steals,resid,mkt,top5%,cons,1458,45.541838134430726,-7.692469842476446,3.0164351270359075,-10.708904969512353
player_steals,resid,mkt,top5%,best,1466,46.72578444747613,-5.105077659286874,4.517369470362123,-9.622447129648997
player_steals,resid,abs,top100%,cons,29127,55.01081470800288,-4.255285828924,-2.033821346790328,-2.221464482133672
player_steals,resid,abs,top100%,best,29301,55.49298658748848,-2.754167830438355,-0.4032238010399854,-2.350944029398369
player_steals,resid,abs,top25%,cons,7322,59.75143403441683,-4.217292651293937,-1.1375244801502284,-3.079768171143708
player_steals,resid,abs,top25%,best,7345,59.986385296119806,-2.6445593486601515,0.908361286269799,-3.5529206349299507
player_steals,resid,abs,top10%,cons,2953,59.63427023366068,-3.537202612085339,0.3548019302928807,-3.8920045423782197
player_steals,resid,abs,top10%,best,2958,59.83772819472617,-1.709471375979307,2.6652596382130795,-4.3747310141923865
player_steals,resid,abs,top5%,cons,1459,61.00068540095956,-4.655696955178191,-1.3074013286457231,-3.3482956265324675
player_steals,resid,abs,top5%,best,1489,61.383478844862324,-2.3509381920639663,0.3047258362344161,-2.6556640282983826
player_steals,resid,under,top100%,cons,29127,52.408418306039074,-2.033821346790328,-2.033821346790328,0.0
player_steals,resid,under,top100%,best,29301,53.185898092215275,-0.4032238010399854,-0.4032238010399854,0.0
player_steals,resid,under,top25%,cons,7282,56.371875858280696,1.0251369524774758,-2.033821346790328,3.058958299267804
player_steals,resid,under,top25%,best,7327,56.708066057049265,2.5971494561184048,-0.4032238010399854,3.0003732571583903
player_steals,resid,under,top10%,cons,2913,57.020254033642296,2.518646413421369,-2.033821346790328,4.552467760211697
player_steals,resid,under,top10%,best,2931,57.18184919822586,4.017512162201074,-0.4032238010399854,4.420735963241059
player_steals,resid,under,top5%,cons,1465,55.49488054607509,2.8683094441280432,-2.033821346790328,4.902130790918371
player_steals,resid,under,top5%,best,1466,55.59345156889495,4.559392932329789,-0.4032238010399854,4.962616733369774
player_steals,ridge,mkt,top100%,cons,29127,51.92433137638617,-2.207484419896657,-2.033821346790328,-0.1736630731063289
player_steals,ridge,mkt,top100%,best,29301,52.57499744036039,-0.6518970633980308,-0.4032238010399854,-0.24867326235804538
player_steals,ridge,mkt,top25%,cons,7282,54.325734688272455,0.6060554525479613,0.820231948439743,-0.21417649589178167
player_steals,ridge,mkt,top25%,best,7326,55.268905268905264,2.3507371548905973,2.736227719991415,-0.3854905651008176
player_steals,ridge,mkt,top10%,cons,2913,56.36800549261929,4.369872569055685,5.27490161760869,-0.905029048553005
player_steals,ridge,mkt,top10%,best,2931,57.420675537359266,6.136730415997591,6.7885939678776515,-0.6518635518800604
player_steals,ridge,mkt,top5%,cons,1457,55.73095401509952,5.189096199459791,6.128215184339368,-0.9391189848795767
player_steals,ridge,mkt,top5%,best,1466,56.95770804911323,6.908333244622973,7.704853913956416,-0.796520669333443
player_steals,ridge,abs,top100%,cons,29127,59.00367356748034,-4.776976296162308,-2.033821346790328,-2.7431549493719802
player_steals,ridge,abs,top100%,best,29301,59.25395037712023,-3.4719317656141726,-0.4032238010399854,-3.068707964574187
player_steals,ridge,abs,top25%,cons,7380,65.32520325203251,-1.2003678228796981,-0.826426473090319,-0.3739413497893791
player_steals,ridge,abs,top25%,best,7400,65.41891891891892,0.09749604721327086,0.8263618140607267,-0.7288657668474559
player_steals,ridge,abs,top10%,cons,2979,68.64719704598858,1.4878105500993732,2.154669632804438,-0.6668590827050647
player_steals,ridge,abs,top10%,best,2985,68.71021775544388,3.2201872039679906,4.214342574977396,-0.9941553710094051
player_steals,ridge,abs,top5%,cons,1633,70.66748315982854,2.6481376567357024,3.624248373238353,-0.9761107165026504
player_steals,ridge,abs,top5%,best,1635,70.70336391437309,3.9989275378189317,5.465000062178399,-1.4660725243594674
player_steals,ridge,under,top100%,cons,29127,52.408418306039074,-2.033821346790328,-2.033821346790328,0.0
player_steals,ridge,under,top100%,best,29301,53.185898092215275,-0.4032238010399854,-0.4032238010399854,0.0
player_steals,ridge,under,top25%,cons,7282,55.67151881351277,1.9247323331908843,-2.033821346790328,3.9585536799812124
player_steals,ridge,under,top25%,best,7326,56.4018564018564,3.9496672892225524,-0.4032238010399854,4.3528910902625375
player_steals,ridge,under,top10%,cons,2913,56.95159629248197,4.040595145312282,-2.033821346790328,6.0744164921026105
player_steals,ridge,under,top10%,best,2931,57.65950187649267,6.2546314700233046,-0.4032238010399854,6.65785527106329
player_steals,ridge,under,top5%,cons,1457,56.55456417295813,4.823392633714329,-2.033821346790328,6.857213980504657
player_steals,ridge,under,top5%,best,1466,57.16234652114598,6.84878430132326,-0.4032238010399854,7.252008102363245
player_steals,clf,mkt,top100%,cons,29127,51.71147045696433,-4.65447613404455,-2.033821346790328,-2.6206547872542223
player_steals,clf,mkt,top100%,best,29301,52.424831916999416,-3.0022982130977938,-0.4032238010399854,-2.599074412057808
player_steals,clf,mkt,top25%,cons,7282,52.65037077725899,-2.328291452706957,-0.7664056244671787,-1.5618858282397783
player_steals,clf,mkt,top25%,best,7326,53.11220311220312,-1.0010070694036377,0.8429249192794228,-1.8439319886830605
player_steals,clf,mkt,top10%,cons,2913,51.28733264675592,-3.3662622424281836,-0.6676498246774042,-2.6986124177507795
player_steals,clf,mkt,top10%,best,2931,51.79119754350051,-1.8632195541696799,0.5539908583194312,-2.417210412489111
player_steals,clf,mkt,top5%,cons,1457,52.43651338366506,0.5590411351818538,-0.04994695777343247,0.6089880929552863
player_steals,clf,mkt,top5%,best,1466,53.069577080491136,2.325408845773986,1.6979216797452668,0.6274871660287191
player_steals,clf,abs,top100%,cons,29127,57.46901500326158,-4.851201394479553,-2.033821346790328,-2.8173800476892246
player_steals,clf,abs,top100%,best,29301,57.776185113136066,-3.52083712868111,-0.4032238010399854,-3.1176133276411244
player_steals,clf,abs,top25%,cons,7282,64.43284811864872,-2.2419854184160912,-1.5896903047585218,-0.6522951136575694
player_steals,clf,abs,top25%,best,7326,64.37346437346437,-0.9311320935967123,0.2698018337383057,-1.2009339273350181
player_steals,clf,abs,top10%,cons,2913,66.08307586680398,-1.593535706794757,0.5660181392560986,-2.159553846050856
player_steals,clf,abs,top10%,best,2931,66.1207778915046,-0.024951622779765502,2.393490944409769,-2.4184425671895347
player_steals,clf,abs,top5%,cons,1457,65.13383665065203,-3.5308560281071504,-0.543267324352068,-2.9875887037550823
player_steals,clf,abs,top5%,best,1466,65.00682128240109,-2.3148489193571544,0.9103523839219368,-3.2252013032790914
player_steals,clf,under,top100%,cons,29127,52.408418306039074,-2.033821346790328,-2.033821346790328,0.0
player_steals,clf,under,top100%,best,29301,53.185898092215275,-0.4032238010399854,-0.4032238010399854,0.0
player_steals,clf,under,top25%,cons,7282,53.98242241142543,-0.26780051767285856,-2.033821346790328,1.7660208291174695
player_steals,clf,under,top25%,best,7326,54.463554463554466,1.3082731853831897,-0.4032238010399854,1.711496986423175
player_steals,clf,under,top10%,cons,2913,53.381393752145556,0.6476814788598356,-2.033821346790328,2.681502825650164
player_steals,clf,under,top10%,best,2931,53.9065165472535,2.4457653607577035,-0.4032238010399854,2.848989161797689
player_steals,clf,under,top5%,cons,1457,52.711050102951276,0.42110622624624405,-2.033821346790328,2.454927573036572
player_steals,clf,under,top5%,best,1466,53.13778990450204,1.9330233945365167,-0.4032238010399854,2.3362471955765023
player_steals,mlp,mkt,top100%,cons,29127,51.9174648951145,-4.007008148810479,-2.033821346790328,-1.9731868020201513
player_steals,mlp,mkt,top100%,best,29301,52.59547455718236,-2.4044597443043303,-0.4032238010399854,-2.0012359432643447
player_steals,mlp,mkt,top25%,cons,7282,53.625377643504535,-1.3653267284436266,-0.19784415203671768,-1.167482576406909
player_steals,mlp,mkt,top25%,best,7326,54.43625443625444,0.10585975132774791,1.2354522902816494,-1.1295925389539014
player_steals,mlp,mkt,top10%,cons,2913,54.03364229316856,0.9320996448505059,2.746807788190177,-1.8147081433396712
player_steals,mlp,mkt,top10%,best,2931,55.3394745820539,2.35994363636419,4.140996335106716,-1.781052698742526
player_steals,mlp,mkt,top5%,cons,1457,52.29924502402197,-0.45952495026441165,2.0850647862185006,-2.544589736482912
player_steals,mlp,mkt,top5%,best,1466,53.88813096862211,0.35070006063495135,3.61256128606497,-3.2618612254300183
player_steals,mlp,abs,top100%,cons,29127,57.774573419850995,-4.42479042632493,-2.033821346790328,-2.3909690795346017
player_steals,mlp,abs,top100%,best,29301,58.07310330705436,-3.102959979048752,-0.4032238010399854,-2.6997361780087665
player_steals,mlp,abs,top25%,cons,7282,64.19939577039275,-2.296621542126227,-2.22540260245269,-0.07121893967353721
player_steals,mlp,abs,top25%,best,7326,64.42806442806443,-0.975556818474976,-0.734622116268511,-0.24093470220646496
player_steals,mlp,abs,top10%,cons,2913,67.55921730175078,0.9231889571187588,0.03497844866940216,0.8882105084493567
player_steals,mlp,abs,top10%,best,2931,67.86079836233367,2.2436461730118866,1.738636207352804,0.5050099656590825
player_steals,mlp,abs,top5%,cons,1457,68.97735072065889,1.5218569386389946,0.9799851238850297,0.541871814753965
player_steals,mlp,abs,top5%,best,1466,69.30422919508868,2.638302444598522,2.2576360390261123,0.3806664055724096
player_steals,mlp,under,top100%,cons,29127,52.408418306039074,-2.033821346790328,-2.033821346790328,0.0
player_steals,mlp,under,top100%,best,29301,53.185898092215275,-0.4032238010399854,-0.4032238010399854,0.0
player_steals,mlp,under,top25%,cons,7282,55.424333974182915,1.6529243567329748,-2.033821346790328,3.686745703523303
player_steals,mlp,under,top25%,best,7326,56.25170625170626,3.234383443519453,-0.4032238010399854,3.6376072445594385
player_steals,mlp,under,top10%,cons,2913,55.956059045657405,3.1358375853785034,-2.033821346790328,5.169658932168831
player_steals,mlp,under,top10%,best,2931,56.97714090754009,4.262269267202928,-0.4032238010399854,4.665493068242913
player_steals,mlp,under,top5%,cons,1457,55.11324639670556,3.6275281837400546,-2.033821346790328,5.661349530530383
player_steals,mlp,under,top5%,best,1466,56.61664392905866,4.521219914151409,-0.4032238010399854,4.924443715191394
player_steals,stack,mkt,top100%,cons,21364,53.051862947013674,-3.1243649873365693,-2.8017101836235776,-0.3226548037129917
player_steals,stack,mkt,top100%,best,21533,53.62931314726234,-1.804854096667896,-1.3197003602040427,-0.4851537364638534
player_steals,stack,mkt,top25%,cons,5341,57.44242651188915,1.9142581804529422,3.2447613796654813,-1.3305031992125391
player_steals,stack,mkt,top25%,best,5384,57.76374442793462,3.6572777432283003,4.996192411008951,-1.3389146677806507
player_steals,stack,mkt,top10%,cons,2137,60.224613944782405,2.9920426941274982,4.632820327760574,-1.6407776336330757
player_steals,stack,mkt,top10%,best,2155,60.37122969837587,4.770850272300349,6.102242602549683,-1.3313923302493347
player_steals,stack,mkt,top5%,cons,1069,59.96258185219831,1.3981429854768588,5.2547687342280645,-3.8566257487512057
player_steals,stack,mkt,top5%,best,1077,60.07428040854224,3.2760919191932505,6.902035763668815,-3.6259438444755645
player_steals,stack,abs,top100%,cons,21364,59.09473881295637,-5.354298370269729,-2.8017101836235776,-2.552588186646151
player_steals,stack,abs,top100%,best,21533,59.420424464775,-4.1970224800795455,-1.3197003602040427,-2.877322119875503
player_steals,stack,abs,top25%,cons,5423,67.02931956481652,-2.6996974353308434,-2.4300367349015817,-0.2696607004292617
player_steals,stack,abs,top25%,best,5423,67.02931956481652,-1.5080869340729541,-0.687957060594258,-0.8201298734786961
player_steals,stack,abs,top10%,cons,2220,68.01801801801803,-2.855384355192786,0.10177225679964633,-2.9571566119924326
player_steals,stack,abs,top10%,best,2220,68.01801801801803,-1.8186246650712983,1.696963052491884,-3.5155877175631822
player_steals,stack,abs,top5%,cons,1076,71.6542750929368,0.522707696297798,3.9700942965688317,-3.4473866002710336
player_steals,stack,abs,top5%,best,1077,71.68059424326833,1.5552316203422865,4.484596591141895,-2.929364970799609
player_steals,stack,under,top100%,cons,21364,52.28421643886912,-2.8017101836235776,-2.8017101836235776,0.0
player_steals,stack,under,top100%,best,21533,53.1324014303627,-1.3197003602040427,-1.3197003602040427,0.0
player_steals,stack,under,top25%,cons,5342,57.71246724073381,3.203703260564572,-2.8017101836235776,6.00541344418815
player_steals,stack,under,top25%,best,5384,57.96805349182764,4.93833179769686,-1.3197003602040427,6.258032157900903
player_steals,stack,under,top10%,cons,2139,61.05656848994857,5.228728415420981,-2.8017101836235776,8.030438599044558
player_steals,stack,under,top10%,best,2165,61.15473441108546,7.113856938914945,-1.3197003602040427,8.433557299118988
player_steals,stack,under,top5%,cons,1069,61.08512628624882,4.238868495702074,-2.8017101836235776,7.040578679325652
player_steals,stack,under,top5%,best,1078,61.13172541743971,6.312817921222694,-1.3197003602040427,7.632518281426736
player_threes,qreg,mkt,top100%,cons,41167,50.659508829888026,-5.030736665032813,-3.4265449266760126,-1.6041917383568003
player_threes,qreg,mkt,top100%,best,41243,51.80757946803094,-2.0369023581068877,-0.5931157060279141,-1.4437866520789737
player_threes,qreg,mkt,top25%,cons,10292,52.477652545666544,-4.397500163610927,-2.516605745851878,-1.8808944177590496
player_threes,qreg,mkt,top25%,best,10311,53.641741829114544,-1.535277917653094,-0.03191916536329882,-1.503358752289795
player_threes,qreg,mkt,top10%,cons,4117,54.57857663347097,-1.5705751017630027,-1.8680752785946517,0.297500176831649
player_threes,qreg,mkt,top10%,best,4125,55.95151515151515,1.812489604949951,1.053312925858931,0.7591766790910199
player_threes,qreg,mkt,top5%,cons,2059,54.589606605148134,-0.33579899767986365,0.47430779645603915,-0.8101067941359028
player_threes,qreg,mkt,top5%,best,2063,55.55016965584101,2.303652536851714,3.1597273417947593,-0.8560748049430456
player_threes,qreg,abs,top100%,cons,41167,57.269171909539196,-5.008777235810293,-3.4265449266760126,-1.5822323091342807
player_threes,qreg,abs,top100%,best,41243,57.457023009965326,-2.508066529674783,-0.5931157060279141,-1.914950823646869
player_threes,qreg,abs,top25%,cons,10292,63.41818888457054,-3.803695583686354,-4.2486556716990105,0.4449600880126563
player_threes,qreg,abs,top25%,best,10311,63.51469304626127,-1.9529364167077388,-2.3853304348911304,0.4323940181833916
player_threes,qreg,abs,top10%,cons,4117,65.314549429196,-3.405964753857683,-3.3386870527371695,-0.06727770112051346
player_threes,qreg,abs,top10%,best,4125,65.43030303030302,-1.6729089708039255,-2.0377131837787053,0.3648042129747797
player_threes,qreg,abs,top5%,cons,2059,67.65420106847985,-2.4235396665412865,-3.879698987954331,1.4561593214130446
player_threes,qreg,abs,top5%,best,2063,67.9108095007271,-0.6180127326920953,-2.5531628267082036,1.9351500940161084
player_threes,qreg,under,top100%,cons,41167,53.26110719751257,-3.4265449266760126,-3.4265449266760126,0.0
player_threes,qreg,under,top100%,best,41243,54.57168489198166,-0.5931157060279141,-0.5931157060279141,0.0
player_threes,qreg,under,top25%,cons,10292,53.8087835211815,-1.7892334510322863,-3.4265449266760126,1.6373114756437264
player_threes,qreg,under,top25%,best,10311,55.038308602463395,1.2678355218459836,-0.5931157060279141,1.8609512278738976
player_threes,qreg,under,top10%,cons,4117,54.91863007043965,-0.939457000156094,-3.4265449266760126,2.4870879265199184
player_threes,qreg,under,top10%,best,4125,56.193939393939395,2.332060383305405,-0.5931157060279141,2.925176089333319
player_threes,qreg,under,top5%,cons,2059,55.94949004371054,0.7095143191729893,-3.4265449266760126,4.136059245849002
player_threes,qreg,under,top5%,best,2063,57.44062045564712,4.336811204125334,-0.5931157060279141,4.929926910153249
player_threes,resid,mkt,top100%,cons,41167,51.75018825758496,-6.125244434184427,-3.4265449266760126,-2.698699507508415
player_threes,resid,mkt,top100%,best,41243,52.63681109521616,-3.192070981011753,-0.5931157060279141,-2.598955274983839
player_threes,resid,mkt,top25%,cons,10292,52.23474543334628,-7.348950625948529,-3.56085771167042,-3.788092914278109
player_threes,resid,mkt,top25%,best,10311,52.94345844244012,-4.493780989799984,-0.4059401357131142,-4.0878408540868705
player_threes,resid,mkt,top10%,cons,4117,52.31965023075055,-6.0133846517845,-3.6363789518104763,-2.377005699974024
player_threes,resid,mkt,top10%,best,4126,53.441589917595735,-2.5192268080810756,-0.6599312954254076,-1.859295512655668
player_threes,resid,mkt,top5%,cons,2059,50.89849441476445,-7.456210888144228,-3.7648622013516304,-3.6913486867925975
player_threes,resid,mkt,top5%,best,2063,51.672321861366946,-4.328107128892197,-0.5238283449044461,-3.8042787839877503
player_threes,resid,abs,top100%,cons,41167,55.72910340806957,-5.5860064038207105,-3.4265449266760126,-2.159461477144698
player_threes,resid,abs,top100%,best,41243,56.18650437650026,-2.8983306327494063,-0.5931157060279141,-2.3052149267214923
player_threes,resid,abs,top25%,cons,10292,57.17061795569375,-5.7002878297964426,-2.869786545084091,-2.8305012847123514
player_threes,resid,abs,top25%,best,10957,57.76216117550425,-3.05512803438818,-0.0898628945527769,-2.9652651398354033
player_threes,resid,abs,top10%,cons,4121,59.42732346517835,-3.437827846084628,-5.454831978442223,2.0170041323575947
player_threes,resid,abs,top10%,best,4125,59.53939393939394,-1.1029244596307928,-2.714501883766868,1.6115774241360752
player_threes,resid,abs,top5%,cons,2059,58.81495871782418,-4.71092445749632,-2.8447941300242547,-1.8661303274720655
player_threes,resid,abs,top5%,best,2093,58.910654562828476,-2.476370004279387,-0.4145615475632275,-2.061808456716159
player_threes,resid,under,top100%,cons,41167,53.26110719751257,-3.4265449266760126,-3.4265449266760126,0.0
player_threes,resid,under,top100%,best,41243,54.57168489198166,-0.5931157060279141,-0.5931157060279141,0.0
player_threes,resid,under,top25%,cons,10293,54.61964441853687,-3.564406206827174,-3.4265449266760126,-0.1378612801511614
player_threes,resid,under,top25%,best,10311,55.484434099505386,-0.5892189128728856,-0.5931157060279141,0.003896793155028444
player_threes,resid,under,top10%,cons,4117,55.64731600680107,-3.2160307731563558,-3.4265449266760126,0.21051415351965685
player_threes,resid,under,top10%,best,4125,56.242424242424235,-0.41119694276289503,-0.5931157060279141,0.18191876326501905
player_threes,resid,under,top5%,cons,2061,55.895196506550214,-2.0558593864292845,-3.4265449266760126,1.3706855402467282
player_threes,resid,under,top5%,best,2063,56.61657779932138,0.7851305252940576,-0.5931157060279141,1.3782462313219717
player_threes,ridge,mkt,top100%,cons,41167,51.38581873830981,-4.80683505163022,-3.4265449266760126,-1.380290124954207
player_threes,ridge,mkt,top100%,best,41243,52.510729093421915,-1.973319457729593,-0.5931157060279141,-1.380203751701679
player_threes,ridge,mkt,top25%,cons,10293,53.78412513358594,-3.2075826100006886,-2.718878014724896,-0.48870459527579246
player_threes,ridge,mkt,top25%,best,10313,54.27130805779113,-0.5667691629332667,0.0563065122358207,-0.6230756751690875
player_threes,ridge,mkt,top10%,cons,4117,53.242652416808355,-3.293167716645488,-2.2574220579284936,-1.0357456587169942
player_threes,ridge,mkt,top10%,best,4125,53.696969696969695,-0.6774313724402226,0.29737916715217355,-0.974810539592396
player_threes,ridge,mkt,top5%,cons,2062,52.23084384093113,-4.383042474953904,-0.9235815384455032,-3.459460936508401
player_threes,ridge,mkt,top5%,best,2063,52.69025690741639,-2.0233472631327807,1.1618706536304586,-3.1852179167632393
player_threes,ridge,abs,top100%,cons,41167,57.609250127529336,-5.010323689011543,-3.4265449266760126,-1.58377876233553
player_threes,ridge,abs,top100%,best,41243,57.714036321315135,-2.5683643251785386,-0.5931157060279141,-1.9752486191506247
player_threes,ridge,abs,top25%,cons,10345,63.48960850652489,-3.6915396825883517,-3.8544032146182827,0.16286353202993098
player_threes,ridge,abs,top25%,best,10344,63.48607888631091,-1.928805843952176,-2.0733640024298765,0.14455815847770048
player_threes,ridge,abs,top10%,cons,4284,67.6937441643324,-1.234899061957216,-5.291409335550474,4.0565102735932586
player_threes,ridge,abs,top10%,best,4279,67.6559943912129,0.2871506457630789,-3.587296416364448,3.874447062127527
player_threes,ridge,abs,top5%,cons,2207,69.95922066153149,-0.2340192377810355,-1.2628987411270867,1.0288795033460512
player_threes,ridge,abs,top5%,best,2205,69.93197278911565,1.3582665579659599,0.2661457083392846,1.0921208496266752
player_threes,ridge,under,top100%,cons,41167,53.26110719751257,-3.4265449266760126,-3.4265449266760126,0.0
player_threes,ridge,under,top100%,best,41243,54.57168489198166,-0.5931157060279141,-0.5931157060279141,0.0
player_threes,ridge,under,top25%,cons,10294,55.45949096561104,-2.111033957190298,-3.4265449266760126,1.3155109694857146
player_threes,ridge,under,top25%,best,10312,55.94453064391001,0.7726813375348727,-0.5931157060279141,1.3657970435627869
player_threes,ridge,under,top10%,cons,4117,56.69176584891912,0.6418004498077534,-3.4265449266760126,4.068345376483766
player_threes,ridge,under,top10%,best,4125,57.11515151515152,3.306658267974853,-0.5931157060279141,3.899773974002767
player_threes,ridge,under,top5%,cons,2059,56.532297231665865,1.016612913262329,-3.4265449266760126,4.443157839938341
player_threes,ridge,under,top5%,best,2063,56.858943286476006,3.574111123022615,-0.5931157060279141,4.167226829050529
player_threes,clf,mkt,top100%,cons,41167,51.40282264920933,-5.8453141332648535,-3.4265449266760126,-2.418769206588841
player_threes,clf,mkt,top100%,best,41243,52.678030211187355,-2.9638361506534587,-0.5931157060279141,-2.3707204446255448
player_threes,clf,mkt,top25%,cons,10292,51.78779634667703,-5.585779246772443,-4.369444208667753,-1.21633503810469
player_threes,clf,mkt,top25%,best,10311,52.991950344292505,-2.484747722070047,-1.5150057114519837,-0.9697420106180632
player_threes,clf,mkt,top10%,cons,4117,52.95117804226378,-2.5412444759115944,-4.150996800038835,1.609752324127241
player_threes,clf,mkt,top10%,best,4125,54.03636363636364,0.5450940016544227,-1.1527853445573286,1.6978793462117512
player_threes,clf,mkt,top5%,cons,2059,52.549781447304525,-1.8583741855019213,-0.5443634773817614,-1.31401070812016
player_threes,clf,mkt,top5%,best,2063,53.8536112457586,1.4000405978647992,2.6201967931868553,-1.220156195322056
player_threes,clf,abs,top100%,cons,41167,56.60601938445843,-5.110799989142712,-3.4265449266760126,-1.6842550624666992
player_threes,clf,abs,top100%,best,41243,56.96239361831099,-2.443134078281631,-0.5931157060279141,-1.8500183722537171
player_threes,clf,abs,top25%,cons,10292,62.26195102992615,-3.8633229340554394,-3.7598018673112135,-0.1035210667442259
player_threes,clf,abs,top25%,best,10311,62.39937930365629,-1.7263069773446393,-1.4613202015674491,-0.2649867757771902
player_threes,clf,abs,top10%,cons,4117,65.16881224192373,-2.445425218767931,-3.8559358097379404,1.4105105909700093
player_threes,clf,abs,top10%,best,4125,65.35757575757576,-0.3049579360268333,-1.7416228612264,1.4366649251995667
player_threes,clf,abs,top5%,cons,2059,67.50849927149102,-1.5757948232542376,-3.3565235346367546,1.780728711382517
player_threes,clf,abs,top5%,best,2063,67.76539020843431,0.44905889745019795,-1.7920388565211405,2.2410977539713386
player_threes,clf,under,top100%,cons,41167,53.26110719751257,-3.4265449266760126,-3.4265449266760126,0.0
player_threes,clf,under,top100%,best,41243,54.57168489198166,-0.5931157060279141,-0.5931157060279141,0.0
player_threes,clf,under,top25%,cons,10292,53.818499805674314,-3.0681220847162067,-3.4265449266760126,0.3584228419598059
player_threes,clf,under,top25%,best,10311,55.077102123945295,-0.18151531787376934,-0.5931157060279141,0.41160038815414474
player_threes,clf,under,top10%,cons,4117,54.04420694680593,-1.8114684680320698,-3.4265449266760126,1.6150764586439428
player_threes,clf,under,top10%,best,4125,55.32121212121213,1.5581813378767533,-0.5931157060279141,2.1512970439046675
player_threes,clf,under,top5%,cons,2059,54.00679941719281,-0.12984899944214637,-3.4265449266760126,3.2966959272338663
player_threes,clf,under,top5%,best,2063,55.55016965584101,3.236104629597962,-0.5931157060279141,3.829220335625876
player_threes,mlp,mkt,top100%,cons,41167,51.18663006777273,-5.556698170883231,-3.4265449266760126,-2.1301532442072184
player_threes,mlp,mkt,top100%,best,41243,52.46708532357006,-2.561346427217862,-0.5931157060279141,-1.968230721189948
player_threes,mlp,mkt,top25%,cons,10292,51.47687524290711,-4.850842279309296,-3.530596544712006,-1.32024573459729
player_threes,mlp,mkt,top25%,best,10311,53.03074386577441,-1.6992185432826983,-0.5426736081933295,-1.1565449350893688
player_threes,mlp,mkt,top10%,cons,4117,52.19820257469031,-2.1313526863781953,-3.0994271432887244,0.9680744569105291
player_threes,mlp,mkt,top10%,best,4125,53.842424242424244,0.9153005975665467,0.04591693011197177,0.869383667454575
player_threes,mlp,mkt,top5%,cons,2059,50.995628946090335,-2.958141188415409,-1.1356315547948672,-1.8225096336205417
player_threes,mlp,mkt,top5%,best,2063,52.641783809985455,0.049245767782916734,1.1650907028316586,-1.1158449350487418
player_threes,mlp,abs,top100%,cons,41167,56.688609808827465,-4.795901607175019,-3.4265449266760126,-1.3693566804990067
player_threes,mlp,abs,top100%,best,41243,57.035133234730736,-2.171462840611704,-0.5931157060279141,-1.5783471345837898
player_threes,mlp,abs,top25%,cons,10292,60.8433734939759,-5.6694949850052,-3.531405437423522,-2.138089547581678
player_threes,mlp,abs,top25%,best,10311,60.95432062845505,-3.62545393126259,-1.346646461878978,-2.278807469383612
player_threes,mlp,abs,top10%,cons,4117,63.128491620111724,-5.076918299116497,-4.415879994884174,-0.6610383042323233
player_threes,mlp,abs,top10%,best,4125,63.2969696969697,-3.084234096064712,-2.819934940338135,-0.26429915572657725
player_threes,mlp,abs,top5%,cons,2059,64.7887323943662,-5.082636206053946,-2.507625678721535,-2.5750105273324113
player_threes,mlp,abs,top5%,best,2063,65.05089675230246,-3.0692193095567326,-1.4835707377416674,-1.5856485718150652
player_threes,mlp,under,top100%,cons,41167,53.26110719751257,-3.4265449266760126,-3.4265449266760126,0.0
player_threes,mlp,under,top100%,best,41243,54.57168489198166,-0.5931157060279141,-0.5931157060279141,0.0
player_threes,mlp,under,top25%,cons,10292,54.02254178002332,-2.2238350440405985,-3.4265449266760126,1.2027098826354141
player_threes,mlp,under,top25%,best,10311,54.89283289690622,0.6091217552583139,-0.5931157060279141,1.202237461286228
player_threes,mlp,under,top10%,cons,4117,53.58270585377702,-2.3145437993440403,-3.4265449266760126,1.1120011273319723
player_threes,mlp,under,top10%,best,4125,54.64242424242425,0.9643575234846635,-0.5931157060279141,1.5574732295125777
player_threes,mlp,under,top5%,cons,2059,53.666828557552215,-1.006023544544963,-3.4265449266760126,2.4205213821310494
player_threes,mlp,under,top5%,best,2063,54.82307319437712,2.1538941246528274,-0.5931157060279141,2.7470098306807413
player_threes,stack,mkt,top100%,cons,34002,54.89677077818952,-3.735642700389963,-3.2068231906423037,-0.5288195097476591
player_threes,stack,mkt,top100%,best,34093,55.49232980377204,-0.9381136673101635,-0.3110953971485273,-0.6270182701616362
player_threes,stack,mkt,top25%,cons,8501,57.04034819433008,-3.1544898050194026,-2.489607152679698,-0.6648826523397044
player_threes,stack,mkt,top25%,best,8524,57.25011731581417,-0.6159433522508604,0.3067742486002299,-0.9227176008510902
player_threes,stack,mkt,top10%,cons,3402,57.8777189888301,-4.054285462360954,-4.810600975273218,0.7563155129122636
player_threes,stack,mkt,top10%,best,3410,58.152492668621704,-1.8616911393106856,-2.6066843260767874,0.7449931867661017
player_threes,stack,mkt,top5%,cons,1701,59.55320399764844,-2.017953457515566,-4.070072206309933,2.052118748794367
player_threes,stack,mkt,top5%,best,1705,59.70674486803519,0.02100882292492998,-1.8457816982548958,1.8667905211798257
player_threes,stack,abs,top100%,cons,34002,57.796600199988234,-5.455427869306818,-3.2068231906423037,-2.248604678664514
player_threes,stack,abs,top100%,best,34093,57.92978030680786,-2.936388284830756,-0.3110953971485273,-2.6252928876822286
player_threes,stack,abs,top25%,cons,9257,64.35130171761911,-4.870433138760504,-4.568085142998738,-0.30234799576176563
player_threes,stack,abs,top25%,best,9257,64.35130171761911,-3.139917375563133,-2.392055744407269,-0.7478616311558639
player_threes,stack,abs,top10%,cons,3668,68.92039258451473,-2.9673026133259612,-5.228431381472064,2.261128768146103
player_threes,stack,abs,top10%,best,3668,68.92039258451473,-1.5938111941453024,-4.030288845268175,2.436477651122873
player_threes,stack,abs,top5%,cons,1708,71.8384074941452,-2.8842514725423807,-2.3417883231991627,-0.5424631493432179
player_threes,stack,abs,top5%,best,1708,71.8384074941452,-1.6218781959815103,-1.6508084060995025,0.02893021011799224
player_threes,stack,under,top100%,cons,34002,53.43803305687901,-3.2068231906423037,-3.2068231906423037,0.0
player_threes,stack,under,top100%,best,34093,54.817704514123136,-0.3110953971485273,-0.3110953971485273,0.0
player_threes,stack,under,top25%,cons,8501,56.09928243736031,-1.6722000580565424,-3.2068231906423037,1.5346231325857613
player_threes,stack,under,top25%,best,8525,56.31671554252199,1.2283955739040877,-0.3110953971485273,1.539490971052615
player_threes,stack,under,top10%,cons,3401,55.748309320788,-3.507932222299595,-3.2068231906423037,-0.3011090316572913
player_threes,stack,under,top10%,best,3411,56.17121078862504,-0.6330924102617687,-0.3110953971485273,-0.32199701311324136
player_threes,stack,under,top5%,cons,1701,56.55496766607878,-3.7240833622227694,-3.2068231906423037,-0.5172601715804657
player_threes,stack,under,top5%,best,1705,56.774193548387096,-1.4077621051642901,-0.3110953971485273,-1.0966667080157628
