market,model,cut,venue,n,win,roi,blind_all,blind_cell,delta_all,delta_cell,per
player_assists,ridge,top25%,cons,10757,52.82141861113694,-1.6908622911741735,-5.595384946503403,-4.9894777037657265,3.904522655329229,3.2986154125915528,-1.3/-1.3/-2.2
player_assists,ridge,top25%,best,10806,54.18286137331112,0.7042704611691241,-2.9771994606388485,-2.313590599406123,3.6814699218079725,3.017861060575247,+1.7/+0.7/+0.2
player_assists,ridge,top25%,second,9600,53.17708333333333,-0.8002709858119487,-4.14552751864182,-3.832956066970098,3.345256532829871,3.0326850811581494,-0.9/-0.8/-0.8
player_assists,ridge,top25%,main,10658,53.75304935259899,0.501633985647902,-3.409927893123853,-2.778118546859637,3.9115618787717548,3.279752532507539,+1.6/+0.6/-0.1
player_assists,ridge,top10%,cons,4300,54.06976744186046,0.08865703538406727,-5.595384946503403,-4.8115657867065735,5.684041981887471,4.900222822090641,+1.0/-1.9/+1.2
player_assists,ridge,top10%,best,4325,55.23699421965318,2.278943232718231,-2.9771994606388485,-2.1604907339424146,5.256142693357079,4.439433966660646,+3.9/+0.1/+2.9
player_assists,ridge,top10%,second,3857,54.187192118226605,0.531472738215056,-4.14552751864182,-3.7048904735528136,4.677000256856876,4.23636321176787,+0.9/-1.6/+2.2
player_assists,ridge,top10%,main,4263,54.89092188599578,2.132910978002725,-3.409927893123853,-2.6143061771525056,5.542838871126578,4.74721715515523,+3.9/-0.3/+2.9
player_assists,ridge,top5%,cons,2150,56.46511627906977,1.7913281751233479,-5.595384946503403,-4.5811497686228,7.386713121626751,6.372477943746148,+4.2/-1.1/+2.0
player_assists,ridge,top5%,best,2162,57.30804810360777,3.998141769564449,-2.9771994606388485,-1.8970190415372792,6.9753412302032975,5.895160811101729,+7.1/+1.0/+3.7
player_assists,ridge,top5%,second,1950,56.35897435897436,1.8370378200824444,-4.14552751864182,-3.496202322861976,5.982565338724264,5.333240142944421,+4.2/-1.3/+2.3
player_assists,ridge,top5%,main,2132,57.035647279549714,3.678251492596925,-3.409927893123853,-2.337859337892915,7.088179385720778,6.01611083048984,+6.7/+0.3/+3.8
player_assists,qreg,top25%,cons,10768,53.05534918276374,-2.4990262195224395,-5.595384946503403,-4.613849876903935,3.0963587269809634,2.114823657381496,-3.3/-2.7/-1.7
player_assists,qreg,top25%,best,10804,54.26693817104776,0.3261329586176641,-2.9771994606388485,-1.544875269733899,3.3033324192565128,1.8710082283515632,+0.1/-0.2/+1.1
player_assists,qreg,top25%,second,9969,53.45571270939914,-1.8113986002979172,-4.14552751864182,-3.130202999141387,2.3341289183439025,1.31880439884347,-1.7/-2.2/-1.5
player_assists,qreg,top25%,main,10637,53.87797311271976,-0.20661632784038064,-3.409927893123853,-2.0298767141391165,3.2033115652834723,1.823260386298736,-0.3/-0.6/+0.3
player_assists,qreg,top10%,cons,4309,52.79647249941982,-2.6724591972269627,-5.595384946503403,-4.3031870133540036,2.92292574927644,1.6307278161270409,-1.8/-3.1/-3.5
player_assists,qreg,top10%,best,4321,53.92270307799121,0.1490560788518989,-2.9771994606388485,-1.1006243637053148,3.1262555394907476,1.2496804425572137,+0.9/-0.2/-0.5
player_assists,qreg,top10%,second,4113,53.48893751519572,-1.305429862416808,-4.14552751864182,-2.7382230080880974,2.8400976562250118,1.4327931456712895,-0.3/-2.2/-1.7
player_assists,qreg,top10%,main,4276,53.67165575304023,-0.18223112882912104,-3.409927893123853,-1.5925108295641848,3.227696764294732,1.4102797007350638,+0.6/-0.8/-0.5
player_assists,qreg,top5%,cons,2160,51.71296296296296,-3.9485800597402783,-5.595384946503403,-4.16041084871745,1.6468048867631246,0.21183078897717156,-3.0/-2.9/-9.8
player_assists,qreg,top5%,best,2160,52.68518518518519,-1.1914027951381825,-2.9771994606388485,-0.8857385134122622,1.785796665500666,-0.3056642817259203,+0.3/-0.6/-7.7
player_assists,qreg,top5%,second,2084,52.30326295585412,-2.7715764382064,-4.14552751864182,-2.5248389992368168,1.3739510804354196,-0.24673743896958333,-1.7/-1.9/-8.5
player_assists,qreg,top5%,main,2146,52.51630941286114,-1.451351574838217,-3.409927893123853,-1.3811633334979094,1.9585763182856357,-0.07018824134030766,-0.3/-0.7/-7.3
player_assists,stack,top25%,cons,8869,53.940692299019055,-3.1425349633606867,-5.595384946503403,-4.9916068328199295,2.452849983142716,1.8490718694592427,+7.2/-4.3/-3.2
player_assists,stack,top25%,best,8906,54.78329216258702,-0.9263183303343,-2.9771994606388485,-2.2323512697267587,2.0508811303045484,1.3060329393924586,+8.9/-2.4/-0.7
player_assists,stack,top25%,second,7938,53.96825396825397,-2.5039323558432534,-4.14552751864182,-3.818962449298211,1.6415951627985663,1.3150300934549577,+4.5/-4.0/-1.9
player_assists,stack,top25%,main,8771,54.4179683046403,-1.3095481775462348,-3.409927893123853,-2.6998472515986123,2.100379715577618,1.3902990740523775,+8.9/-2.7/-1.2
player_assists,stack,top10%,cons,3547,55.511700028192834,-1.029998045556472,-5.595384946503403,-4.873974647127787,4.5653869009469314,3.8439766015713155,+11.0/-3.0/-0.6
player_assists,stack,top10%,best,3566,56.05720695457095,0.8161188375394932,-2.9771994606388485,-2.1256585473976433,3.7933182981783418,2.9417773849371365,+12.5/-0.8/+1.0
player_assists,stack,top10%,second,3227,55.00464828013635,-1.0613469062370156,-4.14552751864182,-3.763889009013759,3.084180612404804,2.7025421027767433,+9.6/-2.9/-0.4
player_assists,stack,top10%,main,3514,55.890722822993745,0.699127113948034,-3.409927893123853,-2.593269902797035,4.109055007071887,3.292397016745069,+12.3/-1.3/+1.3
player_assists,stack,top5%,cons,1771,55.50536420101637,-2.042213306125445,-5.595384946503403,-4.809020290458409,3.553171640377958,2.766806984332964,-3.8/-1.1
player_assists,stack,top5%,best,1782,56.060606060606055,-0.3128044265421686,-2.9771994606388485,-2.0895896648610193,2.66439503409668,1.7767852383188507,-1.6/-0.0
player_assists,stack,top5%,second,1608,55.03731343283582,-1.9118991657276059,-4.14552751864182,-3.72194892299392,2.233628352914214,1.8100497572663143,-3.1/-1.1
player_assists,stack,top5%,main,1756,55.865603644646924,-0.4590728288359414,-3.409927893123853,-2.5577165525502434,2.9508550642879112,2.098643723714302,-1.8/+0.0
player_assists,clf,top25%,cons,10784,52.45734421364985,-3.1354025559007943,-5.595384946503403,-5.013329184043387,2.4599823906026086,1.877926628142593,-5.3/-2.7/-1.5
player_assists,clf,top25%,best,10804,54.00777489818586,-0.34369048102172994,-2.9771994606388485,-2.188274984875494,2.6335089796171185,1.8445845038537638,-2.4/-0.4/+1.8
player_assists,clf,top25%,second,9574,52.997702109880926,-2.2161089218507013,-4.14552751864182,-3.6421951880920584,1.9294185967911184,1.4260862662413571,-4.4/-2.2/-0.2
player_assists,clf,top25%,main,10671,53.565738918564335,-0.8034469350500771,-3.409927893123853,-2.6595773803015583,2.6064809580737758,1.8561304452514813,-2.7/-0.8/+1.0
player_assists,clf,top10%,cons,4321,51.793566304096274,-3.779018827401717,-5.595384946503403,-4.912128738573629,1.8163661191016858,1.1331099111719118,-5.7/-0.8/-4.4
player_assists,clf,top10%,best,4321,53.34413330247628,-0.9943194699436392,-2.9771994606388485,-2.035812361724727,1.9828799906952095,1.041492891781088,-2.7/+1.1/-0.5
player_assists,clf,top10%,second,3886,52.573340195573856,-2.6501856970529367,-4.14552751864182,-3.4989567386713576,1.495341821588883,0.8487710416184209,-4.4/-0.2/-3.0
player_assists,clf,top10%,main,4287,53.06741310940052,-1.1858537921767593,-3.409927893123853,-2.5064892984208096,2.2240741009470932,1.3206355062440502,-2.8/+0.8/-0.7
player_assists,clf,top5%,cons,2161,51.92040721888015,-2.859707708327873,-5.595384946503403,-4.843381681167123,2.73567723817553,1.9836739728392496,-5.8/+2.2/+0.8
player_assists,clf,top5%,best,2160,53.333333333333336,-0.1100933606977816,-2.9771994606388485,-1.9342578501668766,2.867106099941067,1.824164489469095,-2.7/+4.3/+3.4
player_assists,clf,top5%,second,1960,52.85714285714286,-1.5365624488616476,-4.14552751864182,-3.4026314010288097,2.6089650697801723,1.866068952167162,-4.0/+1.9
player_assists,clf,top5%,main,2147,53.283651606893336,0.015034256949777875,-3.409927893123853,-2.4082447108776672,3.4249621500736307,2.423278967827445,-3.0/+4.4
player_assists,resid,top25%,cons,10771,54.00612756475722,-3.136640612809685,-5.595384946503403,-5.234028698432905,2.458744333693718,2.0973880856232197,-3.1/-2.5/-3.7
player_assists,resid,top25%,best,10806,55.04349435498796,-0.7044887026437847,-2.9771994606388485,-2.511164029342003,2.272710757995064,1.8066753266982183,-0.8/+0.1/-1.4
player_assists,resid,top25%,second,9123,54.35711936862874,-1.9460494837373623,-4.14552751864182,-3.8283085035429645,2.199478034904457,1.8822590198056022,-2.0/-1.7/-2.2
player_assists,resid,top25%,main,10662,54.7364471956481,-0.9595222677528868,-3.409927893123853,-2.979621387494051,2.450405625370966,2.020099119741164,-0.9/-0.3/-1.6
player_assists,resid,top10%,cons,4316,53.89249304911955,-3.120728517926546,-5.595384946503403,-5.220828267696994,2.474656428576857,2.1000997497704486,-3.6/-1.2/-4.4
player_assists,resid,top10%,best,4323,54.84617164006477,-0.9459460633732559,-2.9771994606388485,-2.5742934845266303,2.0312533972655924,1.6283474211533744,-1.1/+0.1/-1.8
player_assists,resid,top10%,second,3641,54.29826970612469,-2.323271075109635,-4.14552751864182,-3.7789946259475355,1.8222564435321846,1.4557235508379005,-2.6/-0.4/-4.1
player_assists,resid,top10%,main,4285,54.53908984830805,-1.3401041898872081,-3.409927893123853,-3.0383720402891434,2.0698237032366444,1.6982678504019353,-1.4/-0.2/-2.5
player_assists,resid,top5%,cons,2159,52.848540991199634,-4.06713624307545,-5.595384946503403,-5.165979913627414,1.5282487034279528,1.0988436705519637,-4.6/-2.8/-3.8
player_assists,resid,top5%,best,2162,53.93154486586494,-1.4054236094450974,-2.9771994606388485,-2.4638108891300305,1.5717758511937512,1.0583872796849332,-1.9/-1.0/-0.0
player_assists,resid,top5%,second,1851,53.37655321447866,-2.6741342052519483,-4.14552751864182,-3.6756100370424534,1.4713933133898713,1.001475831790505,-2.5/-3.0/-2.6
player_assists,resid,top5%,main,2149,53.65286179618427,-1.7389202073542336,-3.409927893123853,-2.9407256270250834,1.6710076857696192,1.2018054196708499,-2.3/-0.4/-1.4
player_assists,mlp,top25%,cons,10783,51.27515533710471,-5.2512910153133285,-5.595384946503403,-5.082269744852074,0.34409393119007436,-0.16902127046125415,-5.8/-5.4/-4.5
player_assists,mlp,top25%,best,10802,52.71246065543418,-2.3968828649261313,-2.9771994606388485,-2.2007605081329533,0.5803165957127172,-0.19612235679317802,-2.1/-3.1/-1.7
player_assists,mlp,top25%,second,9596,52.08420175072948,-3.9228280853261146,-4.14552751864182,-3.605457558307593,0.22269943331570508,-0.31737052701852164,-3.3/-4.9/-3.1
player_assists,mlp,top25%,main,10663,52.518053080746505,-2.606554411705938,-3.409927893123853,-2.660893722069236,0.803373481417915,0.05433931036329831,-2.3/-3.2/-2.0
player_assists,mlp,top10%,cons,4315,50.70683661645423,-5.556072277100034,-5.595384946503403,-4.938416173494714,0.03931266940336897,-0.6176561036053201,-7.6/-3.0/-9.7
player_assists,mlp,top10%,best,4320,52.15277777777778,-2.906056438331251,-2.9771994606388485,-1.9700774651460156,0.07114302230759773,-0.9359789731852353,-3.6/-0.9/-7.4
player_assists,mlp,top10%,second,3924,51.40163098878695,-4.684725300495292,-4.14552751864182,-3.459025792635865,-0.5391977818534723,-1.225699507859427,-4.5/-3.6/-8.0
player_assists,mlp,top10%,main,4269,51.97938627313188,-3.0806847661908154,-3.409927893123853,-2.4393847995631464,0.32924312693303737,-0.6412999666276691,-3.8/-1.2/-7.2
player_assists,mlp,top5%,cons,2159,50.39370078740157,-5.783700164460981,-5.595384946503403,-4.781232029501567,-0.18831521795757844,-1.0024681349594147,-11.9/-2.3/-8.4
player_assists,mlp,top5%,best,2161,52.05923183711245,-2.8956849781355887,-2.9771994606388485,-1.7368088316142505,0.08151448250325988,-1.1588761465213382,-6.7/-0.3/-6.3
player_assists,mlp,top5%,second,1992,51.15461847389559,-4.669645979222524,-4.14552751864182,-3.3034229732174225,-0.5241184605807039,-1.366223006005101,-8.0/-2.4/-7.2
player_assists,mlp,top5%,main,2134,51.73383317713215,-3.3534017811339933,-3.409927893123853,-2.210054344987194,0.05652611198985946,-1.1433474361467995,-7.2/-0.7/-6.8
player_blocks,ridge,top25%,cons,9374,62.01194794111372,-0.07773772826295482,-3.4767320578033853,-3.4767320578033853,3.3989943295404306,3.3989943295404306,-2.9/+1.2/+0.8
player_blocks,ridge,top25%,best,9386,62.529298955891754,0.8951245519161327,-2.4692439777995236,-2.4692439777995236,3.3643685297156565,3.3643685297156565,-1.5/+2.2/+1.3
player_blocks,ridge,top25%,second,5493,56.63571818678318,-1.052500555777016,-3.5380490082412863,-3.5380490082412863,2.48554845246427,2.48554845246427,-2.4/-0.3/+1.6
player_blocks,ridge,top25%,main,9326,62.40617628136393,0.7982293960747995,-2.525752871359945,-2.525752871359945,3.3239822674347446,3.3239822674347446,-1.5/+2.0/+1.2
player_blocks,ridge,top10%,cons,3751,60.75713143161824,0.7380561331563618,-3.4767320578033853,-3.4767320578033853,4.214788190959747,4.214788190959747,-0.5/+1.4/+1.4
player_blocks,ridge,top10%,best,3755,61.46471371504661,1.3939456361905236,-2.4692439777995236,-2.4692439777995236,3.8631896139900475,3.8631896139900475,+0.9/+1.9/+1.0
player_blocks,ridge,top10%,second,2483,56.18203785743052,0.24788198190689856,-3.5380490082412863,-3.5380490082412868,3.785930990148185,3.7859309901481852,+0.5/-2.0/+7.7
player_blocks,ridge,top10%,main,3742,61.46445750935329,1.4675697402352639,-2.525752871359945,-2.525752871359945,3.9933226115952087,3.9933226115952087,+0.9/+2.0/+1.2
player_blocks,ridge,top5%,cons,1882,61.795961742826776,2.302316493106319,-3.4767320578033853,-3.4767320578033853,5.779048550909705,5.779048550909705,-1.4/+4.6/+5.6
player_blocks,ridge,top5%,best,1883,62.71906532129581,2.802370763242846,-2.4692439777995236,-2.469243977799523,5.27161474104237,5.271614741042369,-0.8/+4.8/+6.6
player_blocks,ridge,top5%,second,1301,56.95618754803997,0.6421173012870537,-3.5380490082412863,-3.5380490082412868,4.18016630952834,4.180166309528341,-0.4/+0.9
player_blocks,ridge,top5%,main,1882,62.75239107332625,2.84558060192023,-2.525752871359945,-2.525752871359945,5.371333473280175,5.371333473280175,-0.8/+4.9/+6.7
player_blocks,qreg,top25%,cons,9350,65.04812834224599,0.20518245416529038,-3.4767320578033853,-3.4767320578033853,3.681914511968676,3.681914511968676,+0.4/-0.2/+0.8
player_blocks,qreg,top25%,best,9373,65.27259148618371,1.2889859733085018,-2.4692439777995236,-2.4692439777995236,3.7582299511080253,3.7582299511080253,+1.9/+0.7/+1.6
player_blocks,qreg,top25%,second,5868,61.28152692569871,0.2133133465039462,-3.5380490082412863,-3.5380490082412863,3.7513623547452326,3.7513623547452326,+1.2/-0.2/-1.6
player_blocks,qreg,top25%,main,9333,65.20947176684882,1.2493623704193975,-2.525752871359945,-2.525752871359945,3.7751152417793423,3.7751152417793423,+1.9/+0.6/+1.6
player_blocks,qreg,top10%,cons,3737,64.38319507626439,0.8081712855481196,-3.4767320578033853,-3.4767320578033853,4.284903343351505,4.284903343351505,+1.6/+0.9/-1.2
player_blocks,qreg,top10%,best,3750,64.61333333333333,1.9023789978027343,-2.4692439777995236,-2.4692439777995236,4.371622975602258,4.371622975602258,+3.2/+1.7/-0.6
player_blocks,qreg,top10%,second,2704,61.16863905325444,1.559263335529869,-3.5380490082412863,-3.5380490082412863,5.097312343771155,5.097312343771155,+2.3/+1.8/-1.5
player_blocks,qreg,top10%,main,3733,64.58612376105009,1.9711142661837833,-2.525752871359945,-2.5257528713599444,4.496867137543728,4.4968671375437275,+3.3/+1.8/-0.5
player_blocks,qreg,top5%,cons,1872,63.942307692307686,-0.08408705520833659,-3.4767320578033853,-3.4767320578033853,3.3926450025950485,3.3926450025950485,+2.0/-0.4
player_blocks,qreg,top5%,best,1875,64.10666666666667,1.0485723431905112,-2.4692439777995236,-2.4692439777995236,3.517816320990035,3.517816320990035,+3.7/+0.3
player_blocks,qreg,top5%,second,1430,60.13986013986013,0.8551311909735619,-3.5380490082412863,-3.5380490082412863,4.393180199214848,4.393180199214848,+2.9/-0.4
player_blocks,qreg,top5%,main,1865,64.07506702412869,1.180200794107473,-2.525752871359945,-2.525752871359945,3.705953665467418,3.705953665467418,+3.9/+0.3
player_blocks,stack,top25%,cons,7438,69.36004302231783,-0.8524601242817292,-3.4767320578033853,-3.4767320578033853,2.624271933521656,2.624271933521656,+4.7/-0.3/-2.7
player_blocks,stack,top25%,best,7445,69.50973807924782,-0.00927914862187618,-2.4692439777995236,-2.4692439777995236,2.4599648291776472,2.4599648291776472,+6.1/+0.7/-2.1
player_blocks,stack,top25%,second,3063,61.99804113614103,-0.9836073837130823,-3.5380490082412863,-3.5380490082412863,2.554441624528204,2.554441624528204,+4.7/-0.8/-4.5
player_blocks,stack,top25%,main,7379,69.41319962054479,-0.08614585722408769,-2.525752871359945,-2.525752871359945,2.439607014135857,2.439607014135857,+6.1/+0.6/-2.1
player_blocks,stack,top10%,cons,2974,70.37659717552118,-0.369501979702178,-3.4767320578033853,-3.4767320578033853,3.107230078101207,3.107230078101207,-1.2/+0.2
player_blocks,stack,top10%,best,2978,70.55070517125588,0.35718458062294267,-2.4692439777995236,-2.4692439777995236,2.8264285584224664,2.8264285584224664,-0.4/+0.6
player_blocks,stack,top10%,second,1207,61.88898094449047,0.6799125730645685,-3.5380490082412863,-3.538049008241286,4.217961581305855,4.217961581305854,+0.1/-0.7
player_blocks,stack,top10%,main,2943,70.57424396873938,0.540654638208097,-2.525752871359945,-2.525752871359945,3.066407509568042,3.066407509568042,-0.1/+0.6
player_blocks,stack,top5%,cons,1508,70.026525198939,0.11081072632766845,-3.4767320578033853,-3.4767320578033853,3.587542784131054,3.587542784131054,+0.1/-1.5
player_blocks,stack,top5%,best,1509,70.311464546057,0.9632716438010326,-2.4692439777995236,-2.4692439777995236,3.4325156216005563,3.4325156216005563,+1.0/-1.0
player_blocks,stack,top5%,second,654,60.85626911314985,0.5789581241957639,-3.5380490082412863,-3.5380490082412863,4.11700713243705,4.11700713243705,-0.6
player_blocks,stack,top5%,main,1490,70.26845637583892,1.1062451817045276,-2.525752871359945,-2.525752871359945,3.631998053064472,3.631998053064472,+1.2/-0.9
player_blocks,clf,top25%,cons,9353,62.45055062546776,-0.26067123302964235,-3.4767320578033853,-3.4767320578033853,3.216060824773743,3.216060824773743,-0.8/+1.1/-1.8
player_blocks,clf,top25%,best,9373,62.81873466339486,1.0362520157356063,-2.4692439777995236,-2.4692439777995236,3.50549599353513,3.50549599353513,+0.9/+2.2/-0.8
player_blocks,clf,top25%,second,5882,59.50357021421285,-0.34926621454259,-3.5380490082412863,-3.5380490082412863,3.1887827936986963,3.1887827936986963,-0.1/+0.5/-4.8
player_blocks,clf,top25%,main,9346,62.7969184677937,1.0085635692385007,-2.525752871359945,-2.525752871359945,3.5343164405984453,3.5343164405984453,+0.9/+2.2/-0.9
player_blocks,clf,top10%,cons,3740,57.75401069518716,-1.0616091196549766,-3.4767320578033853,-3.4767320578033853,2.415122938148409,2.415122938148409,-2.0/+1.6/-4.9
player_blocks,clf,top10%,best,3750,58.18666666666667,0.36849135398864746,-2.4692439777995236,-2.4692439777995236,2.837735331788171,2.837735331788171,-0.2/+3.0/-4.5
player_blocks,clf,top10%,second,2737,56.083302886371946,-0.9310968740168478,-3.5380490082412863,-3.5380490082412863,2.6069521342244384,2.6069521342244384,-0.6/-0.5
player_blocks,clf,top10%,main,3745,58.184245660881174,0.3587850231990636,-2.525752871359945,-2.525752871359945,2.8845378945590086,2.8845378945590086,-0.1/+3.0/-4.7
player_blocks,clf,top5%,cons,1871,55.58524853019775,-0.41607510654891894,-3.4767320578033853,-3.4767320578033853,3.0606569512544666,3.0606569512544666,+1.2/-0.9
player_blocks,clf,top5%,best,1875,55.946666666666665,1.2655572573343912,-2.4692439777995236,-2.4692439777995236,3.734801235133915,3.734801235133915,+3.1/+0.8
player_blocks,clf,top5%,second,1514,55.21796565389696,1.1585946520851973,-3.5380490082412863,-3.5380490082412863,4.696643660326483,4.696643660326483,+2.9/-2.4
player_blocks,clf,top5%,main,1873,56.00640683395623,1.3253111732368856,-2.525752871359945,-2.525752871359945,3.8510640445968303,3.8510640445968303,+3.3/+0.7
player_blocks,resid,top25%,cons,9380,68.86993603411514,-1.9112667752735653,-3.4767320578033853,-3.4767320578033853,1.56546528252982,1.56546528252982,-3.3/-0.7/-2.0
player_blocks,resid,top25%,best,9383,68.92251945006927,-0.9373795448761815,-2.4692439777995236,-2.4692439777995236,1.5318644329233422,1.5318644329233422,-1.9/+0.2/-1.7
player_blocks,resid,top25%,second,6069,67.37518536826495,-2.6874351096832885,-3.5380490082412863,-3.5380490082412863,0.8506138985579978,0.8506138985579978,-3.0/-1.9/-4.6
player_blocks,resid,top25%,main,9340,68.86509635974303,-1.0111959243484432,-2.525752871359945,-2.525752871359945,1.5145569470115017,1.5145569470115017,-1.9/+0.0/-1.7
player_blocks,resid,top10%,cons,3754,64.78423015450187,-1.9906667552860609,-3.4767320578033853,-3.4767320578033853,1.4860653025173245,1.4860653025173245,-2.2/-0.9/-6.3
player_blocks,resid,top10%,best,3755,64.84687083888149,-0.547394187409138,-2.4692439777995236,-2.4692439777995236,1.9218497903903855,1.9218497903903855,-0.7/+0.6/-5.7
player_blocks,resid,top10%,second,3180,64.81132075471699,-2.271611971675225,-3.5380490082412863,-3.5380490082412863,1.266437036566061,1.266437036566061,-1.7/-2.3
player_blocks,resid,top10%,main,3749,64.8706321685783,-0.5293302708989813,-2.525752871359945,-2.5257528713599453,1.9964226004609635,1.996422600460964,-0.7/+0.6/-5.8
player_blocks,resid,top5%,cons,1874,61.15261472785486,-1.8949475652252978,-3.4767320578033853,-3.4767320578033853,1.5817844925780875,1.5817844925780875,-0.7/-5.6
player_blocks,resid,top5%,best,1875,61.28,-0.18738779067993164,-2.4692439777995236,-2.4692439777995236,2.281856187119592,2.281856187119592,+0.9/-3.4
player_blocks,resid,top5%,second,1711,61.19228521332553,-1.8927622579956944,-3.5380490082412863,-3.5380490082412863,1.645286750245592,1.645286750245592,-0.3/-8.3
player_blocks,resid,top5%,main,1873,61.29204484783769,-0.1882406459794093,-2.525752871359945,-2.525752871359945,2.3375122253805354,2.3375122253805354,+0.9/-3.4
player_blocks,mlp,top25%,cons,9342,62.51338043245558,-0.7264613990379436,-3.4767320578033853,-3.4767320578033853,2.7502706587654417,2.7502706587654417,-2.3/-0.3/+0.5
player_blocks,mlp,top25%,best,9373,63.11746505921263,0.34414741815656347,-2.4692439777995236,-2.4692439777995236,2.8133913959560872,2.8133913959560872,-0.6/+0.7/+1.1
player_blocks,mlp,top25%,second,5852,57.570061517429934,-1.0204882183387844,-3.5380490082412863,-3.5380490082412863,2.517560789902502,2.517560789902502,-1.5/-2.5/+4.4
player_blocks,mlp,top25%,main,9342,63.070006422607584,0.29923027599427,-2.525752871359945,-2.525752871359945,2.8249831473542146,2.8249831473542146,-0.6/+0.6/+1.0
player_blocks,mlp,top10%,cons,3727,57.606654145425274,1.2217105826328485,-3.4767320578033853,-3.4767320578033853,4.698442640436234,4.698442640436234,+1.3/+0.9/+1.5
player_blocks,mlp,top10%,best,3750,58.879999999999995,2.8134405326843264,-2.4692439777995236,-2.4692439777995236,5.2826845104838505,5.2826845104838505,+3.3/+2.1/+2.8
player_blocks,mlp,top10%,second,2812,55.68990042674253,2.1552261638098726,-3.5380490082412863,-3.5380490082412863,5.693275172051159,5.693275172051159,+2.5/+0.3/+4.5
player_blocks,mlp,top10%,main,3744,58.86752136752137,2.774067226256061,-2.525752871359945,-2.525752871359945,5.299820097616006,5.299820097616006,+3.4/+2.1/+2.6
player_blocks,mlp,top5%,cons,1862,54.24274973147154,-0.0541194169016837,-3.4767320578033853,-3.4767320578033853,3.4226126409017015,3.4226126409017015,+0.4/-1.5/+0.6
player_blocks,mlp,top5%,best,1875,56.10666666666667,1.6974112383524576,-2.4692439777995236,-2.4692439777995236,4.166655216151981,4.166655216151981,+2.7/-0.9/+2.6
player_blocks,mlp,top5%,second,1533,53.750815394651006,2.031496872873922,-3.5380490082412863,-3.5380490082412863,5.569545881115209,5.569545881115209,+1.8/+0.8
player_blocks,mlp,top5%,main,1873,56.113187399893214,1.6745430100619698,-2.525752871359945,-2.525752871359945,4.200295881421915,4.200295881421915,+2.8/-0.9/+2.2
player_points,ridge,top25%,cons,11622,53.95801066942006,0.43337395588762073,-3.76823983572563,-3.147273575615203,4.2016137916132505,3.5806475315028234,+2.4/-0.9/+0.1
player_points,ridge,top25%,best,11652,54.86611740473738,3.1198051912531675,-0.24736763734111786,0.47729746353533037,3.3671728285942852,2.6425077277178373,+5.1/+1.9/+2.5
player_points,ridge,top25%,second,11312,54.51732673267327,1.714349857398442,-1.9553028310723448,-1.2235888318669748,3.6696526884707867,2.9379386892654167,+3.7/+0.2/+1.4
player_points,ridge,top25%,main,11518,54.78381663483244,2.826158643120754,-0.7092409977003901,-0.011105588277511624,3.535399640821144,2.8372642313982657,+5.0/+1.7/+1.9
player_points,ridge,top10%,cons,4653,55.1472168493445,2.578416343097043,-3.76823983572563,-2.949434061006628,6.346656178822673,5.5278504041036705,+3.8/+1.7/+1.1
player_points,ridge,top10%,best,4661,55.67474790817422,4.742640199335929,-0.24736763734111786,0.7165670797226008,4.990007836677047,4.026073119613328,+6.1/+3.7/+3.1
player_points,ridge,top10%,second,4540,55.61674008810573,3.726328742661665,-1.9553028310723448,-0.9994710013195033,5.68163157373401,4.7257997439811685,+4.8/+3.0/+2.1
player_points,ridge,top10%,main,4609,55.695378607073124,4.613020593883625,-0.7092409977003901,0.21272353932296434,5.322261591584015,4.40029705456066,+5.9/+3.8/+2.7
player_points,ridge,top5%,cons,2327,55.865921787709496,3.952580052586036,-3.76823983572563,-2.8869692526073787,7.7208198883116665,6.839549305193415,+6.0/+1.0/+1.3
player_points,ridge,top5%,best,2331,56.37065637065637,6.045045759584811,-0.24736763734111786,0.797762541030956,6.292413396925929,5.247283218553855,+8.5/+2.5/+2.9
player_points,ridge,top5%,second,2274,56.24450307827617,5.000409030452987,-1.9553028310723448,-0.9217669193242689,6.955711861525332,5.922175949777256,+6.9/+2.4
player_points,ridge,top5%,main,2308,56.499133448873486,6.131442554901955,-0.7092409977003901,0.284491688419836,6.8406835526023455,5.8469508664821195,+8.3/+3.2/+2.5
player_points,qreg,top25%,cons,11630,53.241616509028376,-0.5895825787443388,-3.76823983572563,-2.8511662303772725,3.178657256981291,2.2615836516329337,-1.2/-1.0/+0.6
player_points,qreg,top25%,best,11650,54.309012875536474,2.215860882542164,-0.24736763734111786,0.8277827038603902,2.4632285198832817,1.3880781786817737,+1.6/+2.0/+3.1
player_points,qreg,top25%,second,11329,53.82646305940507,0.6757487749020097,-1.9553028310723448,-0.8524139000219744,2.6310516059743545,1.528162674923984,+0.4/+0.1/+1.6
player_points,qreg,top25%,main,11530,54.17172593235039,1.861279060400163,-0.7092409977003901,0.3365759818995852,2.570520058100553,1.5247030785005777,+1.4/+1.9/+2.3
player_points,qreg,top10%,cons,4653,53.836234687298514,0.528371241844369,-3.76823983572563,-2.4859116140493094,4.296611077569999,3.0142828558936783,-0.0/-0.4/+4.1
player_points,qreg,top10%,best,4660,54.91416309012875,3.4740856788700745,-0.24736763734111786,1.2872689940832882,3.7214533162111922,2.1868166847867863,+3.0/+2.8/+6.3
player_points,qreg,top10%,second,4564,54.4259421560035,1.783499341069555,-1.9553028310723448,-0.4184965124502996,3.7388021721418996,2.2019958535198545,+1.7/+0.6/+4.4
player_points,qreg,top10%,main,4624,54.80103806228374,3.1625066249015834,-0.7092409977003901,0.7698496111020818,3.8717476226019736,2.392657013799502,+2.7/+2.8/+5.3
player_points,qreg,top5%,cons,2327,54.490760636012034,2.025053077979717,-3.76823983572563,-2.1442851260754288,5.793292913705347,4.169338204055146,+2.7/+0.3/+3.8
player_points,qreg,top5%,best,2331,55.77005577005577,5.276469502107415,-0.24736763734111786,1.6963592720121192,5.523837139448533,3.5801102300952956,+5.9/+4.4/+4.8
player_points,qreg,top5%,second,2292,55.45375218150087,3.8738439948562973,-1.9553028310723448,-0.029150048202196462,5.8291468259286425,3.9029940430584937,+4.7/+2.6/+3.2
player_points,qreg,top5%,main,2317,55.63228312473025,4.920960959556754,-0.7092409977003901,1.1554656153488732,5.630201957257144,3.765495344207881,+5.5/+4.3/+3.8
player_points,stack,top25%,cons,9627,52.65399397527787,-1.6022739720465897,-3.76823983572563,-2.9871390464047898,2.16596586367904,1.3848650743582,-0.5/-1.9/-1.6
player_points,stack,top25%,best,9654,53.853325046612795,1.3169415747375994,-0.24736763734111786,0.6484956043361932,1.5643092120787172,0.6684459704014062,+2.7/+1.0/+1.1
player_points,stack,top25%,second,9317,53.407749275517865,-0.1515065662797152,-1.9553028310723448,-1.0328749419278738,1.8037962647926296,0.8813683756481585,+1.1/-0.6/-0.0
player_points,stack,top25%,main,9527,53.63703159441587,0.7820632608637326,-0.7092409977003901,0.16343125770660952,1.4913042585641225,0.6186320031571231,+1.8/+0.7/+0.4
player_points,stack,top10%,cons,3869,53.70896872576893,0.3608555009920303,-3.76823983572563,-2.7714062604630154,4.12909533671766,3.132261761455046,+1.5/-1.2/+4.5
player_points,stack,top10%,best,3877,54.60407531596595,2.7551824295677596,-0.24736763734111786,0.8882601678970404,3.0025500669088774,1.866922261670719,+4.1/+1.3/+6.1
player_points,stack,top10%,second,3734,54.311730048205675,1.5472319238506413,-1.9553028310723448,-0.7862071067427211,3.502534754922986,2.3334390305933623,+2.7/-0.1/+6.3
player_points,stack,top10%,main,3823,54.51216322260005,2.5050757101559373,-0.7092409977003901,0.40372901633706304,3.2143167078563275,2.1013466938188743,+3.2/+1.5/+5.2
player_points,stack,top5%,cons,1929,54.22498703991706,1.0297964186542325,-3.76823983572563,-2.682125074188233,4.798036254379863,3.7119214928424658,-0.4/+0.3
player_points,stack,top5%,best,1931,54.84205075090627,2.8868423293502388,-0.24736763734111786,0.9955943186637491,3.1342099666913565,1.8912480106864895,+1.8/+2.1
player_points,stack,top5%,second,1857,54.98115239633818,2.5481584384098577,-1.9553028310723448,-0.670247323864076,4.5034612694822025,3.2184057622739335,+0.8/+1.9
player_points,stack,top5%,main,1899,54.976303317535546,3.080848206213237,-0.7092409977003901,0.5110290146383616,3.7900892039136274,2.569819191574876,+0.9/+3.3
player_points,clf,top25%,cons,11626,52.53741613624634,-1.9849468165495587,-3.76823983572563,-3.37937190776577,1.7832930191760712,1.3944250912162113,-1.8/-2.8/-1.0
player_points,clf,top25%,best,11651,53.76362543987641,1.0622839192629536,-0.24736763734111786,0.20274020229955908,1.3096515566040714,0.8595437169633946,+1.5/+0.3/+1.7
player_points,clf,top25%,second,11256,53.21606254442075,-0.508299247542424,-1.9553028310723448,-1.4930717766836588,1.4470035835299209,0.9847725291412348,+0.4/-1.5/-0.2
player_points,clf,top25%,main,11536,53.61477115117892,0.6844909456087052,-0.7092409977003901,-0.27252913288010383,1.3937319433090951,0.957020078488809,+1.3/+0.1/+0.8
player_points,clf,top10%,cons,4650,52.86021505376344,-1.473932199580695,-3.76823983572563,-3.0889422625259813,2.294307636144935,1.6150100629452862,-2.9/+1.2/-2.7
player_points,clf,top10%,best,4660,54.163090128755364,1.9653224510184686,-0.24736763734111786,0.5474865144745982,2.2126900883595866,1.4178359365438704,+0.5/+4.5/+1.1
player_points,clf,top10%,second,4549,53.59419652670917,0.18654247775762312,-1.9553028310723448,-1.157339040443616,2.141845308829968,1.343881518201239,-0.8/+2.5/-2.0
player_points,clf,top10%,main,4636,54.0120793787748,1.6380267887921864,-0.7092409977003901,0.05238430193420374,2.3472677864925764,1.5856424868579826,+0.4/+4.2/-0.1
player_points,clf,top5%,cons,2322,53.574504737295435,-0.09441270487355734,-3.76823983572563,-2.947869169118014,3.6738271308520725,2.8534564642444566,-2.0/+3.7
player_points,clf,top5%,best,2330,55.193133047210296,3.9394123206322798,-0.24736763734111786,0.7138885243795735,4.186779957973398,3.2255237962527064,+2.1/+7.9
player_points,clf,top5%,second,2280,54.473684210526315,1.8072746667945596,-1.9553028310723448,-0.9993870612591115,3.7625774978669044,2.806661728053671,+0.3/+5.3
player_points,clf,top5%,main,2321,55.01938819474365,3.685297970112312,-0.7092409977003901,0.21015357364267997,4.394538967812702,3.475144396469632,+2.0/+7.7
player_points,resid,top25%,cons,11630,53.043852106620804,-1.1242094074767517,-3.76823983572563,-3.7018757177667942,2.644030428248878,2.5776663102900423,-1.3/-1.6/-0.1
player_points,resid,top25%,best,11650,54.248927038626604,1.9232572905495442,-0.24736763734111786,-0.21754762733572358,2.170624927890662,2.140804917885268,+1.8/+1.4/+3.1
player_points,resid,top25%,second,11231,53.83314041492299,0.4131751943171666,-1.9553028310723448,-1.885197609793912,2.3684780253895115,2.2983728041110787,+0.7/-0.3/+1.1
player_points,resid,top25%,main,11543,54.128042969765225,1.5897858507410343,-0.7092409977003901,-0.6604431668350896,2.2990268484414242,2.2502290175761237,+1.7/+1.0/+2.3
player_points,resid,top10%,cons,4650,52.96774193548387,-1.4199440351096533,-3.76823983572563,-3.2668131477462143,2.3482958006159764,1.846869112636561,-2.3/+0.7/-0.0
player_points,resid,top10%,best,4660,54.27038626609442,1.8388127334128122,-0.24736763734111786,0.2519615007021857,2.08618037075393,1.5868512327106266,+0.7/+4.4/+4.4
player_points,resid,top10%,second,4539,53.77836527869575,0.2398178266990445,-1.9553028310723448,-1.4135166444263554,2.1951206577713895,1.6533344711253999,-0.6/+2.3/+0.9
player_points,resid,top10%,main,4626,54.215304798962386,1.6453650030696025,-0.7092409977003901,-0.20499974091217396,2.3546060007699925,1.8503647439817765,+0.7/+4.1/+1.9
player_points,resid,top5%,cons,2328,52.66323024054983,-1.8466399144061243,-3.76823983572563,-3.0802678390783997,1.9215999213195056,1.2336279246722754,-2.4/+0.3
player_points,resid,top5%,best,2330,53.81974248927038,1.3172371295388676,-0.24736763734111786,0.3664965863080589,1.5646047668799854,0.9507405432308087,+0.6/+4.5
player_points,resid,top5%,second,2270,53.3920704845815,-0.20785522881058344,-1.9553028310723448,-1.2613834926858416,1.7474476022617613,1.053528263875258,-0.7/+1.3
player_points,resid,top5%,main,2316,53.799654576856646,1.15550872781322,-0.7092409977003901,-0.06977383073203738,1.8647497255136098,1.2252825585452574,+0.5/+4.4
player_points,mlp,top25%,cons,11630,52.12381771281169,-2.8200316582890492,-3.76823983572563,-3.5580173671403736,0.9482081774365807,0.7379857088513244,-0.9/-4.7/-2.4
player_points,mlp,top25%,best,11651,53.583383400566476,0.5199096866067762,-0.24736763734111786,0.03802881189316972,0.767277323947894,0.48188087471360647,+2.8/-1.7/+0.9
player_points,mlp,top25%,second,11321,52.892853988163594,-1.1777685741771289,-1.9553028310723448,-1.6864928026140893,0.7775342568952159,0.5087242284369604,+1.3/-3.6/-0.8
player_points,mlp,top25%,main,11516,53.37790899617922,0.09787679546696729,-0.7092409977003901,-0.4454706666971966,0.8071177931673573,0.5433474621641639,+2.7/-2.2/+0.1
player_points,mlp,top10%,cons,4647,51.99053152571551,-3.1171366556346967,-3.76823983572563,-3.340414964907187,0.6511031800909333,0.22327830927249037,-3.5/-2.3/-3.8
player_points,mlp,top10%,best,4661,53.57219480798112,0.3749373797515103,-0.24736763734111786,0.29202516110576254,0.6223050170926282,0.08291221864574777,+0.6/+0.3/-0.0
player_points,mlp,top10%,second,4552,52.87785588752196,-1.2743197682662253,-1.9553028310723448,-1.4422821705960704,0.6809830628061195,0.16796240232984516,-1.0/-1.2/-2.2
player_points,mlp,top10%,main,4617,53.34632878492528,-0.1033174622386778,-0.7092409977003901,-0.21073261495384177,0.6059235354617123,0.10741515271516397,+0.5/+0.0/-1.9
player_points,mlp,top5%,cons,2326,52.23559759243336,-2.519169831624445,-3.76823983572563,-3.192789190589038,1.2490700041011848,0.6736193589645931,-3.4/-2.7/+0.4
player_points,mlp,top5%,best,2331,53.96825396825397,1.1339242087061032,-0.24736763734111786,0.46612162228300846,1.381291846047221,0.6678025864230948,+0.6/+0.3/+4.3
player_points,mlp,top5%,second,2276,52.98769771528998,-0.9602350227024098,-1.9553028310723448,-1.2703951227748378,0.995067808369935,0.310160100072428,-1.0/-1.6/+0.5
player_points,mlp,top5%,main,2309,53.572975313988735,0.4474206423026341,-0.7092409977003901,-0.04768383642889316,1.156661640003024,0.4951044787315273,+0.4/-0.0/+1.4
player_points_assists,ridge,top25%,cons,10327,52.948581388593006,-1.4826043030524678,-4.635428673764096,-4.128941133842674,3.1528243707116284,2.646336830790206,+0.2/-4.0/-0.1
player_points_assists,ridge,top25%,best,10374,53.528050896471946,0.2660664894779868,-2.226840079628877,-1.5047400081738225,2.492906569106864,1.7708064976518092,+2.4/-2.4/+1.2
player_points_assists,ridge,top25%,second,9504,53.051346801346796,-1.367527033243115,-3.7663291130536867,-3.1786132115771317,2.3988020798105714,1.8110861783340166,+1.5/-5.2/+0.5
player_points_assists,ridge,top25%,main,10367,53.53525610109,0.16557287431630263,-2.4014906604210773,-1.7111187558044565,2.56706353473738,1.8766916301207592,+2.3/-2.5/+1.1
player_points_assists,ridge,top10%,cons,4131,55.482933914306464,3.060124763649447,-4.635428673764096,-3.8951002815397753,7.695553437413543,6.955225045189222,+3.0/+2.0/+5.9
player_points_assists,ridge,top10%,best,4150,56.04819277108434,4.970911609121116,-2.226840079628877,-1.218992741564917,7.197751688749993,6.189904350686033,+5.3/+3.5/+7.7
player_points_assists,ridge,top10%,second,3883,55.57558588720062,3.097292144612311,-3.7663291130536867,-2.91707514859818,6.863621257665997,6.014367293210491,+4.3/-0.0/+7.1
player_points_assists,ridge,top10%,main,4150,56.024096385542165,4.807517442358546,-2.4014906604210773,-1.431020230030461,7.209008102779624,6.238537672389008,+5.2/+3.3/+7.4
player_points_assists,ridge,top5%,cons,2064,55.474806201550386,2.878441909948985,-4.635428673764096,-3.7732508218894605,7.513870583713081,6.651692731838446,+3.9/+0.6
player_points_assists,ridge,top5%,best,2075,56.192771084337345,5.095519927610834,-2.226840079628877,-1.0973155826208127,7.322360007239711,6.192835510231647,+6.4/+2.3
player_points_assists,ridge,top5%,second,1951,55.92004100461302,3.5665695145458884,-3.7663291130536867,-2.7692795158818946,7.332898627599575,6.335849030427783,+6.2/-1.3
player_points_assists,ridge,top5%,main,2075,56.192771084337345,5.018473108130765,-2.4014906604210773,-1.3075177065437797,7.419963768551842,6.325990814674545,+6.3/+2.3
player_points_assists,qreg,top25%,cons,10329,52.95769193532772,-1.2304191264354636,-4.635428673764096,-4.038766183418951,3.405009547328633,2.8083470569834876,-1.9/-1.2/-0.5
player_points_assists,qreg,top25%,best,10374,53.85579332947754,0.9452905192043318,-2.226840079628877,-1.3607482072966013,3.172130598833209,2.3060387265009332,+0.7/+0.9/+1.3
player_points_assists,qreg,top25%,second,9442,53.08197415801737,-0.9031806171912558,-3.7663291130536867,-3.001968590806246,2.863148495862431,2.09878797361499,-0.4/-1.7/-0.6
player_points_assists,qreg,top25%,main,10365,53.806078147612155,0.7876185823395467,-2.4014906604210773,-1.5675999195298482,3.1891092427606242,2.3552185018693947,+0.7/+0.7/+1.0
player_points_assists,qreg,top10%,cons,4137,52.91273869954073,-1.3538001238910766,-4.635428673764096,-3.60505374784699,3.2816285498730196,2.2512536239559133,-1.2/-3.8/+2.5
player_points_assists,qreg,top10%,best,4150,53.662650602409634,0.6495944620615028,-2.226840079628877,-0.7828444032013588,2.87643454169038,1.4324388652628617,+1.1/-2.0/+3.9
player_points_assists,qreg,top10%,second,3938,53.123412899949216,-0.8499462390200265,-3.7663291130536867,-2.511799170773181,2.91638287403366,1.6618529317531543,-0.1/-3.3/+1.6
player_points_assists,qreg,top10%,main,4147,53.653243308415725,0.5225517446804484,-2.4014906604210773,-1.0025610379489864,2.9240424051015257,1.5251127826294348,+1.1/-2.1/+3.5
player_points_assists,qreg,top5%,cons,2068,53.191489361702125,-0.5765556597386845,-4.635428673764096,-3.236794665011113,4.058873014025412,2.6602390052724285,+0.5/-4.6/+4.4
player_points_assists,qreg,top5%,best,2075,54.024096385542165,1.6353884892291333,-2.226840079628877,-0.3146293011595296,3.8622285688580105,1.9500177903886629,+3.1/-2.9/+5.9
player_points_assists,qreg,top5%,second,2007,53.61235675137021,0.36096934602221387,-3.7663291130536867,-2.0912937014651196,4.1272984590759005,2.4522630474873335,+1.9/-3.7/+3.7
player_points_assists,qreg,top5%,main,2074,54.05014464802315,1.5805516029162945,-2.4014906604210773,-0.541590417189747,3.9820422633373718,2.1221420201060415,+3.1/-3.0/+5.6
player_points_assists,stack,top25%,cons,8411,52.728569730115325,-1.6695607560325245,-4.635428673764096,-4.308733534297789,2.965867917731572,2.639172778265265,-1.8/-2.2/+0.3
player_points_assists,stack,top25%,best,8452,53.53762423095125,0.35800350626328514,-2.226840079628877,-1.7712392632680032,2.584843585892162,2.129242769531288,+0.2/+0.1/+1.5
player_points_assists,stack,top25%,second,7514,52.62177269097684,-1.974018990184387,-3.7663291130536867,-3.3664822381355592,1.7923101228692997,1.3924632479511723,-0.3/-2.9/-0.2
player_points_assists,stack,top25%,main,8447,53.53379898188706,0.2429101838858943,-2.4014906604210773,-1.9677670404947085,2.6444008443069715,2.210677224380603,+0.2/-0.1/+1.4
player_points_assists,stack,top10%,cons,3370,52.93768545994065,-1.4071648481691628,-4.635428673764096,-4.098754748465158,3.2282638255949334,2.691589900295995,+0.7/-3.4/+6.9
player_points_assists,stack,top10%,best,3383,53.82796334614248,0.8871478580561679,-2.226840079628877,-1.4616744384199853,3.113987937685045,2.348822296476153,+2.7/-0.8/+8.3
player_points_assists,stack,top10%,second,3113,52.8750401541921,-1.5460802395934274,-3.7663291130536867,-3.1101052220012138,2.2202488734602595,1.5640249824077863,+2.1/-3.4
player_points_assists,stack,top10%,main,3382,53.814311058545236,0.7784870515413922,-2.4014906604210773,-1.6679170532126533,3.1799777119624695,2.4464041047540457,+2.7/-1.0/+8.1
player_points_assists,stack,top5%,cons,1684,52.31591448931117,-2.1478924360524445,-4.635428673764096,-3.9291099075432228,2.4875362377116517,1.7812174714907782,-0.5/-3.8
player_points_assists,stack,top5%,best,1691,52.80898876404494,-0.5980178634490155,-2.226840079628877,-1.225426758822262,1.6288222161798616,0.6274088953732465,+1.2/-2.3
player_points_assists,stack,top5%,second,1585,52.30283911671925,-2.291953292930916,-3.7663291130536867,-2.8989853679455475,1.4743758201227708,0.6070320750146316,+1.2/-4.8
player_points_assists,stack,top5%,main,1690,52.781065088757394,-0.7204299988831289,-2.4014906604210773,-1.43684536923456,1.6810606615379484,0.7164153703514311,+1.2/-2.6
player_points_assists,clf,top25%,cons,10322,52.42201123813215,-2.2652439890016858,-4.635428673764096,-4.351988027177952,2.3701846847624104,2.086744038176266,-1.1/-4.0/-1.9
player_points_assists,clf,top25%,best,10374,53.43165606323501,0.03264671533076042,-2.226840079628877,-1.8337716502763517,2.2594867949596376,1.866418365607112,+1.0/-1.2/+0.1
player_points_assists,clf,top25%,second,9173,52.90526545295977,-1.3237788842780425,-3.7663291130536867,-3.3882858310956396,2.4425502287756444,2.0645069468175974,+0.5/-3.7/-1.0
player_points_assists,clf,top25%,main,10361,53.36357494450342,-0.16802008139812144,-2.4014906604210773,-2.020413862198551,2.233470579022956,1.8523937808004294,+1.0/-1.3/-0.3
player_points_assists,clf,top10%,cons,4132,51.669893514036794,-3.6454199475217304,-4.635428673764096,-4.1015087916960535,0.9900087262423658,0.45608884417432316,-4.0/-4.1/-2.1
player_points_assists,clf,top10%,best,4150,52.72289156626506,-1.1568851384771877,-2.226840079628877,-1.4943172164408254,1.0699549411516893,0.3374320779636377,-1.6/-0.8/-0.3
player_points_assists,clf,top10%,second,3785,52.33817701453104,-2.2786343554367003,-3.7663291130536867,-3.0860711874027356,1.4876947576169863,0.8074368319660352,-2.0/-4.0/+0.0
player_points_assists,clf,top10%,main,4145,52.66586248492159,-1.3269335887112865,-2.4014906604210773,-1.6858094207204426,1.0745570717097908,0.35887583200915607,-1.7/-1.0/-0.8
player_points_assists,clf,top5%,cons,2064,50.92054263565892,-5.018540171458739,-4.635428673764096,-3.9779692751980718,-0.38311149769464325,-1.0405708962606677,-6.7/-1.2/-2.3
player_points_assists,clf,top5%,best,2075,52.096385542168676,-2.2395212047071342,-2.226840079628877,-1.3231226206906013,-0.01268112507825725,-0.916398584016533,-4.4/+2.3/+1.5
player_points_assists,clf,top5%,second,1926,51.557632398753896,-3.827979606755178,-3.7663291130536867,-2.95977786199763,-0.06165049370149145,-0.8682017447575481,-5.1/-1.5
player_points_assists,clf,top5%,main,2070,52.028985507246375,-2.4476894030824377,-2.4014906604210773,-1.5152542719492748,-0.04619874266136037,-0.9324351311331629,-4.4/+1.8/+0.7
player_points_assists,resid,top25%,cons,10334,53.028836849235525,-1.2182698896735509,-4.635428673764096,-4.534715778507461,3.417158784090545,3.3164458888339103,-0.8/-0.5/-2.9
player_points_assists,resid,top25%,best,10374,53.85579332947754,0.8493539534117045,-2.226840079628877,-2.181102627150769,3.0761940330405815,3.0304565805624737,+1.1/+1.7/-0.6
player_points_assists,resid,top25%,second,9048,53.647214854111404,-0.15041537115154385,-3.7663291130536867,-3.649465124604422,3.6159137419021428,3.499049753452878,+1.5/-0.3/-2.6
player_points_assists,resid,top25%,main,10343,53.794837087885526,0.6424357878865626,-2.4014906604210773,-2.348037756131716,3.04392644830764,2.9904735440182786,+0.9/+1.5/-0.9
player_points_assists,resid,top10%,cons,4137,53.106115542663765,-1.1833154235970782,-4.635428673764096,-4.287797296850929,3.452113250167018,3.104481873253851,-2.1/+2.5/-3.9
player_points_assists,resid,top10%,best,4150,53.68674698795181,0.5747700225876038,-2.226840079628877,-1.8987499624577182,2.8016101022164808,2.4735199850453222,-0.3/+4.4/-2.6
player_points_assists,resid,top10%,second,3726,54.07944176060118,0.6463958765317597,-3.7663291130536867,-3.3259635775479057,4.412724989585446,3.9723594540796654,+0.6/+2.6/-4.4
player_points_assists,resid,top10%,main,4131,53.66739288307916,0.43736292818965644,-2.4014906604210773,-2.0529625328676655,2.838853588610734,2.490325461057322,-0.5/+4.3/-2.7
player_points_assists,resid,top5%,cons,2072,52.22007722007722,-3.0085210231740502,-4.635428673764096,-4.2327823822232,1.626907650590046,1.2242613590491498,-3.3/-0.1
player_points_assists,resid,top5%,best,2075,52.626506024096386,-1.404747658465282,-2.226840079628877,-1.8682305764812424,0.8220924211635949,0.4634829180159603,-1.7/+1.7
player_points_assists,resid,top5%,second,1866,53.21543408360129,-0.9545377468628387,-3.7663291130536867,-3.2485644770916866,2.811791366190848,2.2940267302288477,-1.0/+1.0
player_points_assists,resid,top5%,main,2070,52.65700483091788,-1.4672147191089133,-2.4014906604210773,-2.019770972748473,0.934275941312164,0.5525562536395598,-1.7/+1.5
player_points_assists,mlp,top25%,cons,10325,52.16464891041163,-2.5981621384332025,-4.635428673764096,-4.368967814454234,2.0372665353308936,1.7708056760210318,-0.2/-5.5/-0.2
player_points_assists,mlp,top25%,best,10374,53.412377096587626,-0.02516501552456028,-2.226840079628877,-1.8246768818789285,2.201675064104317,1.7995118663543683,+1.8/-2.5/+2.3
player_points_assists,mlp,top25%,second,9041,52.516314566972675,-2.0159558943449007,-3.7663291130536867,-3.389509312345466,1.750373218708786,1.373553418000565,+2.1/-5.6/+0.8
player_points_assists,mlp,top25%,main,10368,53.26967592592593,-0.3944867623992908,-2.4014906604210773,-2.0175887110320185,2.0070038980217864,1.6231019486327276,+1.6/-2.8/+1.6
player_points_assists,mlp,top10%,cons,4129,51.75587309275854,-3.180879806311606,-4.635428673764096,-4.257285218219239,1.4545488674524902,1.0764054119076327,-4.3/-6.3/+1.8
player_points_assists,mlp,top10%,best,4150,53.108433734939766,-0.46797297661563003,-2.226840079628877,-1.6226662989034528,1.758867103013247,1.1546933222878228,-2.8/-3.7/+5.0
player_points_assists,mlp,top10%,second,3721,52.055898951894655,-2.757722345996499,-3.7663291130536867,-3.2665353039309664,1.0086067670571879,0.5088129579344676,-2.0/-6.0/+1.8
player_points_assists,mlp,top10%,main,4147,52.88160115746323,-1.0216604723308298,-2.4014906604210773,-1.8278123412321865,1.3798301880902475,0.8061518689013567,-2.9/-3.9/+3.8
player_points_assists,mlp,top5%,cons,2064,52.42248062015504,-1.866016756425532,-4.635428673764096,-4.175929463996922,2.769411917338564,2.3099127075713897,+2.2/-4.7/+0.7
player_points_assists,mlp,top5%,best,2075,53.78313253012048,0.8875509227614806,-2.226840079628877,-1.4678201974850382,3.1143910023903576,2.355371120246519,+4.1/-1.9/+3.8
player_points_assists,mlp,top5%,second,1881,52.63157894736842,-1.7373835514480291,-3.7663291130536867,-3.17352616286251,2.0289455616056573,1.4361426114144809,+4.5/-4.2/-0.2
player_points_assists,mlp,top5%,main,2073,53.54558610709117,0.3225873187148393,-2.4014906604210773,-1.6828825908068963,2.7240779791359166,2.0054699095217354,+4.0/-2.1/+2.6
player_points_rebounds,ridge,top25%,cons,10911,53.64311245532032,-0.059575201359167516,-3.6545854052879156,-3.332081307270605,3.595010203928748,3.2725061059114373,+0.9/-1.6/+0.5
player_points_rebounds,ridge,top25%,best,10941,54.39173750114249,2.0202632621986187,-0.7833854154010667,-0.3308263208167778,2.8036486775996856,2.3510895830153964,+3.0/+0.5/+2.5
player_points_rebounds,ridge,top25%,second,10348,54.126401236954,0.9799713557596875,-2.6686339213222134,-2.1983863454154693,3.648605277081901,3.1783577011751567,+2.5/-0.8/+0.6
player_points_rebounds,ridge,top25%,main,10919,54.35479439509112,1.880798488104777,-1.045086255855486,-0.5695437088004187,2.925884743960263,2.4503421969051957,+3.0/+0.4/+2.0
player_points_rebounds,ridge,top10%,cons,4370,55.49199084668193,3.185423293430145,-3.6545854052879156,-3.192105580210907,6.84000869871806,6.377528873641053,+4.3/+0.9/+1.6
player_points_rebounds,ridge,top10%,best,4377,56.042951793465846,5.014361993673323,-0.7833854154010667,-0.1298479738300882,5.79774740907439,5.144209967503412,+6.2/+2.9/+2.8
player_points_rebounds,ridge,top10%,second,4167,55.795536357091436,3.942886879611765,-2.6686339213222134,-1.9891907221232734,6.611520800933978,5.932077601735038,+5.6/+1.2/-0.9
player_points_rebounds,ridge,top10%,main,4374,56.01280292638317,4.926208398851239,-1.045086255855486,-0.3573955594196863,5.971294654706725,5.283603958270925,+6.1/+2.7/+2.6
player_points_rebounds,ridge,top5%,cons,2185,56.52173913043478,5.012756850681261,-3.6545854052879156,-3.109161970814195,8.667342255969176,8.121918821495456,+5.0/+2.7
player_points_rebounds,ridge,top5%,best,2189,56.96665143901325,6.743189111154556,-0.7833854154010667,-0.009447155567538201,7.526574526555622,6.752636266722094,+6.7/+4.7
player_points_rebounds,ridge,top5%,second,2097,57.129232236528374,6.341658817567766,-2.6686339213222134,-1.8736070082327714,9.01029273888998,8.215265825800538,+6.5/+3.6
player_points_rebounds,ridge,top5%,main,2188,56.946983546617915,6.663989165365369,-1.045086255855486,-0.2304040429649366,7.709075421220856,6.894393208330306,+6.6/+4.4
player_points_rebounds,qreg,top25%,cons,10905,53.232462173315,-0.5698303157503809,-3.6545854052879156,-3.1552152715027924,3.0847550895375346,2.5853849557524113,-0.5/-2.8/+2.0
player_points_rebounds,qreg,top25%,best,10941,54.25463851567498,1.8137935898702984,-0.7833854154010667,-0.15855300773552136,2.5971790052713652,1.9723465976058197,+2.2/-0.5/+4.0
player_points_rebounds,qreg,top25%,second,10341,53.689198336717915,0.24870046620765052,-2.6686339213222134,-1.9937556134566643,2.917334387529864,2.242456079664315,+1.7/-2.5/+1.6
player_points_rebounds,qreg,top25%,main,10904,54.200293470286134,1.615333868708579,-1.045086255855486,-0.38189734675817094,2.660420124564065,1.99723121546675,+2.2/-0.8/+3.7
player_points_rebounds,qreg,top10%,cons,4362,53.55341586428244,-0.2560760110193084,-3.6545854052879156,-2.7659049265655717,3.3985093942686073,2.5098289155462634,+0.2/-2.9/+3.1
player_points_rebounds,qreg,top10%,best,4377,54.4893762851268,2.075604194643728,-0.7833854154010667,0.3177326432419703,2.8589896100447945,1.7578715514017578,+2.7/-0.6/+4.7
player_points_rebounds,qreg,top10%,second,4198,54.07336827060505,0.797251856514475,-2.6686339213222134,-1.4951552540270765,3.4658857778366885,2.2924071105415518,+2.0/-2.1/+2.4
player_points_rebounds,qreg,top10%,main,4365,54.47880870561283,1.970785344179553,-1.045086255855486,0.1128265278843715,3.015871600035039,1.8579588162951817,+2.8/-0.6/+4.0
player_points_rebounds,qreg,top5%,cons,2179,54.74988526847178,1.803868218483647,-3.6545854052879156,-2.438674645951618,5.458453623771563,4.242542864435265,+1.5/-1.2
player_points_rebounds,qreg,top5%,best,2189,56.007309273640935,4.832411079223759,-0.7833854154010667,0.6943458042869188,5.615796494624825,4.13806527493684,+4.5/+2.2
player_points_rebounds,qreg,top5%,second,2119,55.30910806984427,2.909060630555308,-2.6686339213222134,-1.1044781850666996,5.577694551877522,4.013538815622008,+3.3/-1.1
player_points_rebounds,qreg,top5%,main,2187,55.921353452217645,4.623382719455923,-1.045086255855486,0.4996897108847059,5.668468975311409,4.123693008571217,+4.5/+1.9
player_points_rebounds,stack,top25%,cons,8967,52.65975242556039,-0.6981814972490481,-3.6545854052879156,-3.330468550378251,2.9564039080388675,2.632287053129203,+0.8/-2.1/+0.3
player_points_rebounds,stack,top25%,best,8996,53.723877278790575,1.574418709351254,-0.7833854154010667,-0.385888029590321,2.3578041247523207,1.9603067389415751,+2.8/+0.2/+2.7
player_points_rebounds,stack,top25%,second,8356,53.09956917185256,-0.0821988710437225,-2.6686339213222134,-2.22774678001307,2.586435050278491,2.1455479089693474,+2.4/-1.3/+0.4
player_points_rebounds,stack,top25%,main,8965,53.69771332961517,1.4255322840914537,-1.045086255855486,-0.6279245270190302,2.4706185399469396,2.053456811110484,+2.8/+0.1/+2.3
player_points_rebounds,stack,top10%,cons,3588,53.90189520624303,1.129015306698173,-3.6545854052879156,-3.038281619591913,4.783600711986089,4.167296926290086,+5.3/-2.2/+3.9
player_points_rebounds,stack,top10%,best,3595,54.60361613351877,2.9575405366231733,-0.7833854154010667,-0.04881399671507706,3.7409259520242397,3.0063545333382504,+7.0/-0.4/+6.0
player_points_rebounds,stack,top10%,second,3363,54.385964912280706,1.81766489308539,-2.6686339213222134,-1.8491237856383156,4.486298814407603,3.6667886787237056,+6.1/-1.0/+3.8
player_points_rebounds,stack,top10%,main,3578,54.63946338736725,2.9504318654437247,-1.045086255855486,-0.2694012030138707,3.995518121299211,3.2198330684575955,+7.1/-0.3/+5.6
player_points_rebounds,stack,top5%,cons,1793,52.92805354155048,-1.210314763436687,-3.6545854052879156,-2.8300140931948956,2.4442706418512286,1.6196993297582085,+0.7/-4.2/+6.6
player_points_rebounds,stack,top5%,best,1798,53.44827586206896,0.3609775170866189,-0.7833854154010667,0.22548784553155476,1.1443629324876856,0.13548967155506414,+1.9/-2.4/+7.8
player_points_rebounds,stack,top5%,second,1710,53.274853801169584,-0.8292883669423777,-2.6686339213222134,-1.5867712288474314,1.8393455543798356,0.7574828619050537,+1.7/-3.4
player_points_rebounds,stack,top5%,main,1790,53.519553072625705,0.41194848508142223,-1.045086255855486,0.014540577085210834,1.4570347409369084,0.3974079079962114,+2.0/-2.2/+7.2
player_points_rebounds,clf,top25%,cons,10888,52.70940484937546,-1.671537668235507,-3.6545854052879156,-3.3688024481850007,1.9830477370524087,1.6972647799494938,-1.0/-2.5/-1.6
player_points_rebounds,clf,top25%,best,10941,53.87990128873046,0.9616002708757919,-0.7833854154010667,-0.4467740595965204,1.7449856862768587,1.4083743304723124,+1.9/+0.2/+0.7
player_points_rebounds,clf,top25%,second,10189,53.40072627343213,-0.27413470130379036,-2.6686339213222134,-2.2943572342837637,2.394499220018423,2.0202225329799735,+1.9/-1.6/-1.7
player_points_rebounds,clf,top25%,main,10918,53.80106246565305,0.7376493224514167,-1.045086255855486,-0.6890980157607026,1.7827355783069028,1.4267473382121194,+1.9/-0.1/+0.1
player_points_rebounds,clf,top10%,cons,4365,53.01260022909508,-1.319604477112236,-3.6545854052879156,-3.1162969068355975,2.3349809281756797,1.7966924297233615,-3.4/-0.1/+6.2
player_points_rebounds,clf,top10%,best,4377,54.19236920265021,1.5437374274044895,-0.7833854154010667,-0.13750051107274444,2.327122842805556,1.681237938477234,-0.7/+2.9/+9.3
player_points_rebounds,clf,top10%,second,4124,53.9282250242483,0.6066172447861339,-2.6686339213222134,-1.96189134059203,3.2752511661083474,2.5685085853781637,-0.5/+0.7/+5.7
player_points_rebounds,clf,top10%,main,4375,54.08,1.2634505326407297,-1.045086255855486,-0.3660656182378624,2.308536788496216,1.629516150878592,-0.7/+2.6/+7.8
player_points_rebounds,clf,top5%,cons,2182,52.97891842346472,-1.5040217573548762,-3.6545854052879156,-2.959461005607229,2.1505636479330397,1.4554392482523528,-3.7/+2.3
player_points_rebounds,clf,top5%,best,2189,54.0886249428963,1.302139026054567,-0.7833854154010667,0.06420870933440177,2.0855244414556338,1.2379303167201654,-0.8/+4.5
player_points_rebounds,clf,top5%,second,2078,54.23484119345524,1.1693834455341416,-2.6686339213222134,-1.7491695241469274,3.838017366856355,2.918552969681069,-0.3/+2.7
player_points_rebounds,clf,top5%,main,2189,54.04294198264048,1.1675107963774616,-1.045086255855486,-0.15533531783824098,2.2125970522329474,1.3228461142157026,-0.8/+4.4
player_points_rebounds,resid,top25%,cons,10896,52.725770925110126,-1.579648259584074,-3.6545854052879156,-3.5886289665444533,2.0749371457038417,2.0089807069603793,-2.1/-1.9/-0.1
player_points_rebounds,resid,top25%,best,10941,53.73366237089846,0.7077984024952976,-0.7833854154010667,-0.8308112860137272,1.4911838178963643,1.5386096885090248,+0.3/+0.5/+1.9
player_points_rebounds,resid,top25%,second,9844,53.36245428687525,-0.41735618156129295,-2.6686339213222134,-2.6880657021111474,2.2512777397609205,2.2707095205498544,-0.5/-0.3/-0.5
player_points_rebounds,resid,top25%,main,10903,53.691644501513345,0.5472192018171806,-1.045086255855486,-1.08425627016451,1.5923054576726667,1.6314754719816906,+0.3/+0.2/+1.6
player_points_rebounds,resid,top10%,cons,4357,53.752582051870554,0.00036412322906991445,-3.6545854052879156,-3.3690287163635855,3.6549495285169855,3.3693928395926553,-1.6/+3.6/+6.0
player_points_rebounds,resid,top10%,best,4377,54.76353666895134,2.3406323053152125,-0.7833854154010667,-0.5875335892461121,3.124017720716279,2.9281658945613245,+0.9/+5.3/+8.5
player_points_rebounds,resid,top10%,second,3924,54.510703363914374,1.664373631020448,-2.6686339213222134,-2.394799224714176,4.333007552342662,4.059172855734624,+0.3/+4.4/+6.5
player_points_rebounds,resid,top10%,main,4370,54.736842105263165,2.2460835776558183,-1.045086255855486,-0.8309108187549304,3.2911698335113044,3.0769943964107487,+1.0/+4.7/+8.8
player_points_rebounds,resid,top5%,cons,2179,52.8682882055989,-1.7296714375685422,-3.6545854052879156,-3.2925891537057796,1.9249139677193734,1.5629177161372374,-2.0/-1.6
player_points_rebounds,resid,top5%,best,2189,53.72316126084971,0.34526971553002606,-0.7833854154010667,-0.5299877544024881,1.1286551309310928,0.8752574699325142,+0.2/-0.9
player_points_rebounds,resid,top5%,second,1949,53.71985633658286,0.15531634599383273,-2.6686339213222134,-2.322660591361875,2.823950267316046,2.4779769373557077,+0.1/-2.1
player_points_rebounds,resid,top5%,main,2186,53.65965233302836,0.21482429041954101,-1.045086255855486,-0.7743480349549688,1.259910546275027,0.9891723253745098,+0.1/-1.7
player_points_rebounds,mlp,top25%,cons,10902,51.935424692716936,-2.985607965389231,-3.6545854052879156,-3.5476002303842105,0.6689774398986845,0.5619922649949793,-0.5/-5.3/-2.9
player_points_rebounds,mlp,top25%,best,10941,52.96590805228041,-0.7647766261549234,-0.7833854154010667,-0.7145260114104534,0.018608789246143287,-0.05025061474447001,+1.1/-2.7/-0.5
player_points_rebounds,mlp,top25%,second,9827,52.33540246260303,-2.2366193202864886,-2.6686339213222134,-2.55984147591361,0.43201460103572487,0.3232221556271213,+0.7/-4.2/-2.7
player_points_rebounds,mlp,top25%,main,10901,52.85753600587102,-1.0443483751942813,-1.045086255855486,-0.9704023619187061,0.0007378806612048372,-0.07394601327557515,+1.1/-3.0/-1.0
player_points_rebounds,mlp,top10%,cons,4353,52.35469790948771,-2.3357763773486337,-3.6545854052879156,-3.453437865377884,1.318809027939282,1.1176614880292504,+1.3/-8.7/-1.1
player_points_rebounds,mlp,top10%,best,4377,53.392734749828655,-0.0035086913497747014,-0.7833854154010667,-0.568799939147371,0.7798767240512919,0.5652912477975963,+2.9/-5.6/+1.3
player_points_rebounds,mlp,top10%,second,3966,52.67271810388301,-1.718897153437889,-2.6686339213222134,-2.402617060429508,0.9497367678843245,0.6837199069916189,+2.2/-7.3/-1.1
player_points_rebounds,mlp,top10%,main,4360,53.30275229357798,-0.23251074990001291,-1.045086255855486,-0.8173946967930762,0.8125755059554731,0.5848839468930633,+2.8/-5.3/+0.7
player_points_rebounds,mlp,top5%,cons,2172,53.08471454880295,-0.9759229410638686,-3.6545854052879156,-3.3510808385653026,2.678662464224047,2.375157897501434,+2.4/-5.8/-1.3
player_points_rebounds,mlp,top5%,best,2189,54.36272270443124,1.7316917024719602,-0.7833854154010667,-0.4036208554063857,2.5150771178730267,2.135312557878346,+4.3/-3.0/+1.9
player_points_rebounds,mlp,top5%,second,2018,53.716551040634286,0.2070753023811091,-2.6686339213222134,-2.250159992552501,2.8757092237033226,2.4572352949336103,+3.2/-2.0/-0.7
player_points_rebounds,mlp,top5%,main,2183,54.283096655978014,1.4999443819585112,-1.045086255855486,-0.648620504736303,2.5450306378139973,2.148564886694814,+4.4/-2.6/+1.2
player_points_rebounds_assists,ridge,top25%,cons,11350,53.3215859030837,-1.2530305879231591,-3.8407856447449524,-3.5668841146831802,2.587755056821793,2.3138535267600213,-0.4/-2.9/-0.0
player_points_rebounds_assists,ridge,top25%,best,11381,54.3801071962042,1.3093243760998101,-0.8572887929753328,-0.3571207167373297,2.166613169075143,1.6664450928371397,+2.1/-0.1/+2.1
player_points_rebounds_assists,ridge,top25%,second,10845,53.988012909174735,0.1686750298109182,-2.6968274950849014,-2.2607225011010725,2.8655025248958195,2.4293975309119906,+1.1/-1.8/+1.6
player_points_rebounds_assists,ridge,top25%,main,11170,54.252461951656215,1.0107960782098044,-1.4728254581340743,-0.9656598676497601,2.483621536343879,1.9764559458595645,+1.7/-0.3/+1.9
player_points_rebounds_assists,ridge,top10%,cons,4539,54.65961665565102,1.058801726954549,-3.8407856447449524,-3.448415889689324,4.899587371699502,4.5072176166438735,+2.5/-2.1/+3.3
player_points_rebounds_assists,ridge,top10%,best,4553,55.52383044146716,3.3181374789907627,-0.8572887929753328,-0.15334957650484507,4.175426271966096,3.471487055495608,+4.9/+0.1/+5.0
player_points_rebounds_assists,ridge,top10%,second,4388,55.28714676390155,2.489692706244581,-2.6968274950849014,-2.0849067250630573,5.186520201329483,4.574599431307638,+4.1/-1.3/+6.0
player_points_rebounds_assists,ridge,top10%,main,4486,55.23851983950067,2.8516698005844643,-1.4728254581340743,-0.7609343444954697,4.324495258718539,3.612604145079934,+4.4/-0.4/+4.7
player_points_rebounds_assists,ridge,top5%,cons,2272,55.50176056338029,2.430972063415487,-3.8407856447449524,-3.402291684697483,6.27175770816044,5.83326374811297,+2.8/-0.9
player_points_rebounds_assists,ridge,top5%,best,2277,56.258234519104086,4.592090915785477,-0.8572887929753328,-0.06090748932212051,5.44937970876081,4.652998405107597,+5.1/+1.2
player_points_rebounds_assists,ridge,top5%,second,2206,55.89301903898459,3.470753153561465,-2.6968274950849014,-2.011886061269836,6.167580648646366,5.482639214831301,+4.3/-1.6
player_points_rebounds_assists,ridge,top5%,main,2240,55.848214285714285,3.958573985312666,-1.4728254581340743,-0.6652863423002137,5.4313994434467405,4.62386032761288,+4.5/-0.3
player_points_rebounds_assists,qreg,top25%,cons,11356,53.54878478337442,-0.5033083819049728,-3.8407856447449524,-3.3840361987929777,3.33747726283998,2.8807278168880046,+0.8/-2.1/-0.1
player_points_rebounds_assists,qreg,top25%,best,11381,54.643704419646774,2.1645729471181023,-0.8572887929753328,-0.07868717075233145,3.021861740093435,2.2432601178704337,+3.5/+0.8/+2.3
player_points_rebounds_assists,qreg,top25%,second,10831,54.26091773612778,0.8813523649674089,-2.6968274950849014,-1.9702680650844429,3.5781798600523103,2.8516204300518515,+2.9/-1.5/+1.3
player_points_rebounds_assists,qreg,top25%,main,11178,54.41939524065128,1.5977310140394403,-1.4728254581340743,-0.6847685488718557,3.0705564721735144,2.282499562911296,+3.3/-0.3/+1.7
player_points_rebounds_assists,qreg,top10%,cons,4547,54.321530679568944,0.9138789653043997,-3.8407856447449524,-2.98377294238408,4.754664610049352,3.8976519076884797,+0.8/-4.2/+12.6
player_points_rebounds_assists,qreg,top10%,best,4553,55.282231495717106,3.492340969824671,-0.8572887929753328,0.55793107530045,4.349629762800004,2.9344098945242205,+3.4/-1.6/+14.9
player_points_rebounds_assists,qreg,top10%,second,4427,55.0259769595663,2.347424131552414,-2.6968274950849014,-1.3926481059137865,5.044251626637315,3.7400722374662005,+2.6/-3.3/+14.6
player_points_rebounds_assists,qreg,top10%,main,4496,55.093416370106766,3.019056347235242,-1.4728254581340743,-0.05009237275322094,4.491881805369316,3.069148719988463,+3.2/-2.5/+14.4
player_points_rebounds_assists,qreg,top5%,cons,2271,54.513430206957295,1.2730974712229048,-3.8407856447449524,-2.654720273733514,5.113883115967857,3.9278177449564184,+1.9/-0.3
player_points_rebounds_assists,qreg,top5%,best,2277,55.55555555555556,4.015414757743236,-0.8572887929753328,1.0565766898228883,4.872703550718569,2.9588380679203476,+4.9/+1.8
player_points_rebounds_assists,qreg,top5%,second,2239,55.337204108977225,2.898200461245797,-2.6968274950849014,-0.9345033018727604,5.595027956330698,3.8327037631185576,+4.0/-0.1
player_points_rebounds_assists,qreg,top5%,main,2258,55.40301151461471,3.625484421994435,-1.4728254581340743,0.4431767116322834,5.098309880128509,3.1823077103621515,+4.5/+1.1
player_points_rebounds_assists,stack,top25%,cons,9424,52.7376910016978,-2.387655407493912,-3.8407856447449524,-3.5935051293545266,1.4531302372510404,1.2058497218606146,-4.2/-3.0/-0.7
player_points_rebounds_assists,stack,top25%,best,9450,53.97883597883598,0.3927985360382725,-0.8572887929753328,-0.4533740565768335,1.2500873290136054,0.846172592615106,-1.1/+0.0/+1.6
player_points_rebounds_assists,stack,top25%,second,8759,53.373672793697914,-1.2406677303690932,-2.6968274950849014,-2.2888106770587173,1.4561597647158082,1.0481429466896242,-2.7/-1.9/+0.7
player_points_rebounds_assists,stack,top25%,main,9202,53.57530971527928,-0.4928932737148578,-1.4728254581340743,-1.052122242658955,0.9799321844192165,0.5592289689440971,-2.1/-1.0/+1.0
player_points_rebounds_assists,stack,top10%,cons,3767,53.092646668436416,-2.476029146689143,-3.8407856447449524,-3.3508506552055324,1.3647564980558093,0.8748215085163893,-7.0/-2.5/+2.3
player_points_rebounds_assists,stack,top10%,best,3780,54.1005291005291,0.0064500267543489975,-0.8572887929753328,-0.07809277957347864,0.8637388197296818,0.08454280632782764,-4.0/+0.3/+3.3
player_points_rebounds_assists,stack,top10%,second,3530,53.65439093484419,-1.3822157254637808,-2.6968274950849014,-1.91822529196825,1.3146117696211206,0.5360095665044693,-5.8/-1.8/+5.4
player_points_rebounds_assists,stack,top10%,main,3646,53.922106417992325,-0.4053078767564096,-1.4728254581340743,-0.6469669183659303,1.0675175813776647,0.24165904160952073,-4.8/-0.4/+4.2
player_points_rebounds_assists,stack,top5%,cons,1884,53.87473460721869,-1.5093956087298708,-3.8407856447449524,-3.204562731855079,2.3313900360150814,1.6951671231252081,-1.0/-3.7/+8.5
player_points_rebounds_assists,stack,top5%,best,1890,54.4973544973545,0.35341983119015974,-0.8572887929753328,0.1334481880889047,1.2107086241654925,0.21997164310125503,+1.0/-1.6/+9.2
player_points_rebounds_assists,stack,top5%,second,1732,54.27251732101617,-0.6005546787869848,-2.6968274950849014,-1.6602522958310777,2.0962728162979167,1.059697617044093,-0.9/-3.4
player_points_rebounds_assists,stack,top5%,main,1801,54.303164908384225,0.08284456527345647,-1.4728254581340743,-0.39757225567329685,1.5556700234075307,0.4804168209467533,+0.4/-2.0/+10.2
player_points_rebounds_assists,clf,top25%,cons,11352,53.54122621564482,-0.5676651049281948,-3.8407856447449524,-3.576433083698753,3.2731205398167575,3.008767978770558,+0.9/-2.5/-0.5
player_points_rebounds_assists,clf,top25%,best,11381,54.74035673490906,2.2734361733528003,-0.8572887929753328,-0.4245946614857762,3.130724966328133,2.6980308348385766,+3.6/+1.1/+1.8
player_points_rebounds_assists,clf,top25%,second,10777,54.421453094553215,1.124730421659001,-2.6968274950849014,-2.291516628169907,3.8215579167439024,3.416247049828908,+2.8/-1.0/+1.2
player_points_rebounds_assists,clf,top25%,main,11148,54.556871187656974,1.779358588883558,-1.4728254581340743,-1.0296144687311837,3.252184047017632,2.8089730576147414,+3.3/+0.2/+1.4
player_points_rebounds_assists,clf,top10%,cons,4545,53.72937293729373,-0.19366256212375083,-3.8407856447449524,-3.3530131858486287,3.6471230826212016,3.159350623724878,+1.4/-4.9/+1.9
player_points_rebounds_assists,clf,top10%,best,4553,54.68921590160334,2.282199261608999,-0.8572887929753328,-0.04666645725737982,3.1394880545843318,2.328865718866379,+3.5/-1.4/+4.1
player_points_rebounds_assists,clf,top10%,second,4378,54.659661946094104,1.67957257059079,-2.6968274950849014,-1.948777181701468,4.376400065675691,3.628349752292258,+3.6/-3.4/+2.9
player_points_rebounds_assists,clf,top10%,main,4474,54.671434957532405,2.1405634359957437,-1.4728254581340743,-0.6459010622404688,3.613388894129818,2.786464498236213,+3.5/-2.1/+4.3
player_points_rebounds_assists,clf,top5%,cons,2277,53.535353535353536,-0.4694521924514335,-3.8407856447449524,-3.199478701654467,3.371333452293519,2.7300265092030336,+0.4/-3.2
player_points_rebounds_assists,clf,top5%,best,2277,54.36978480456741,1.87263092452306,-0.8572887929753328,0.20358721146721656,2.729919717498393,1.6690437130558433,+2.7/-1.0
player_points_rebounds_assists,clf,top5%,second,2206,54.533091568449684,1.6461340114406748,-2.6968274950849014,-1.7221853064733348,4.342961506525576,3.3683193179140094,+2.9/-2.4
player_points_rebounds_assists,clf,top5%,main,2245,54.38752783964366,1.7737224213530067,-1.4728254581340743,-0.39812816041413107,3.246547879487081,2.1718505817671376,+2.7/-1.5
player_points_rebounds_assists,resid,top25%,cons,11353,52.6380692328019,-2.346317388828049,-3.8407856447449524,-3.812707039611216,1.4944682559169036,1.4663896507831673,-1.5/-4.0/-1.4
player_points_rebounds_assists,resid,top25%,best,11381,53.67718126702399,0.1339810100488719,-0.8572887929753328,-0.8769235320187437,0.9912698030242046,1.0109045420676157,+0.5/-1.1/+1.3
player_points_rebounds_assists,resid,top25%,second,10654,53.200675802515484,-1.3140233245109871,-2.6968274950849014,-2.699416356244932,1.3828041705739142,1.385393031733945,-0.3/-3.1/-0.4
player_points_rebounds_assists,resid,top25%,main,11088,53.46320346320347,-0.4552284951763924,-1.4728254581340743,-1.4877128719718553,1.0175969629576818,1.032484376795463,+0.3/-2.1/+0.6
player_points_rebounds_assists,resid,top10%,cons,4547,53.661755003298886,-0.4358688474671511,-3.8407856447449524,-3.5916190083586077,3.404916797277801,3.1557501608914564,-0.0/-2.2/+1.0
player_points_rebounds_assists,resid,top10%,best,4553,54.71117944212607,2.095439278003333,-0.8572887929753328,-0.5125522377618921,2.952728070978666,2.6079915157652254,+2.1/+0.8/+5.5
player_points_rebounds_assists,resid,top10%,second,4334,54.314720812182735,0.7884251449753955,-2.6968274950849014,-2.366476840547135,3.485252640060297,3.1549019855225304,+1.2/-1.3/+3.5
player_points_rebounds_assists,resid,top10%,main,4467,54.555630176852475,1.617583388953447,-1.4728254581340743,-1.1249151108297488,3.090408847087521,2.7424984997831956,+1.7/+0.2/+5.0
player_points_rebounds_assists,resid,top5%,cons,2273,54.94940607127145,1.7085534646235214,-3.8407856447449524,-3.5892832217755317,5.549339109368474,5.297836686399053,+2.2/-3.4
player_points_rebounds_assists,resid,top5%,best,2277,55.775142731664474,3.9035241699134984,-0.8572887929753328,-0.6060482935730946,4.760812962888831,4.5095724634865935,+4.1/+1.9
player_points_rebounds_assists,resid,top5%,second,2150,55.81395348837209,3.3861249380333476,-2.6968274950849014,-2.4106260682537095,6.082952433118249,5.796751006287057,+3.8/-1.1
player_points_rebounds_assists,resid,top5%,main,2237,55.833705856057215,3.845180253338803,-1.4728254581340743,-1.219445177567889,5.318005711472877,5.064625430906692,+4.1/+0.8
player_points_rebounds_assists,mlp,top25%,cons,11351,52.05708748127918,-3.081600873567556,-3.8407856447449524,-3.6677713262613136,0.7591847711773965,0.5861704526937577,-2.0/-5.9/+0.2
player_points_rebounds_assists,mlp,top25%,best,11381,53.229065987171595,-0.4658191393238936,-0.8572887929753328,-0.5674611051575366,0.39146965365143915,0.10164196583364293,+1.1/-3.5/+2.5
player_points_rebounds_assists,mlp,top25%,second,10713,52.47829739568748,-2.1690136109103477,-2.6968274950849014,-2.422997878715673,0.5278138841745537,0.25398426780532546,-0.4/-5.2/+0.9
player_points_rebounds_assists,mlp,top25%,main,11154,52.96754527523758,-1.0556988740065671,-1.4728254581340743,-1.1753603346322268,0.41712658412750714,0.11966146062565963,+0.5/-4.0/+1.9
player_points_rebounds_assists,mlp,top10%,cons,4541,51.20017617264919,-4.750615443670915,-3.8407856447449524,-3.557819516130504,-0.9098297989259625,-1.192795927540411,-4.8/-5.6/-1.0
player_points_rebounds_assists,mlp,top10%,best,4553,52.514825389852845,-1.9858796570868171,-0.8572887929753328,-0.3874422943994164,-1.1285908641114843,-1.5984373626874007,-1.5/-2.9/+0.6
player_points_rebounds_assists,mlp,top10%,second,4358,51.5603487838458,-4.103427198076533,-2.6968274950849014,-2.268085949345822,-1.4065997029916315,-1.8353412487307108,-3.6/-5.0/-1.4
player_points_rebounds_assists,mlp,top10%,main,4468,52.126230975828115,-2.807994073485304,-1.4728254581340743,-0.9946479151491345,-1.3351686153512297,-1.8133461583361694,-2.2/-3.5/-1.3
player_points_rebounds_assists,mlp,top5%,cons,2272,51.4524647887324,-4.126982264955279,-3.8407856447449524,-3.4840060233449424,-0.28619662021032655,-0.6429762416103366,-2.0/-4.9
player_points_rebounds_assists,mlp,top5%,best,2277,52.70092226613966,-1.4837007905811816,-0.8572887929753328,-0.27524927078725636,-0.6264119976058489,-1.2084515197939254,+0.3/-1.9
player_points_rebounds_assists,mlp,top5%,second,2193,52.1203830369357,-2.842369315507909,-2.6968274950849014,-2.1684450728174816,-0.14554182042300745,-0.6739242426904273,-1.2/-3.6
player_points_rebounds_assists,mlp,top5%,main,2237,52.4810013410818,-1.946995468293123,-1.4728254581340743,-0.8815557635409028,-0.4741700101590487,-1.0654397047522202,+0.5/-2.6
player_rebounds,ridge,top25%,cons,11390,54.00351185250219,-0.31155141327232516,-3.106316878707389,-2.9039436294194654,2.7947654654350638,2.5923922161471404,-0.8/+0.0/+0.0
player_rebounds,ridge,top25%,best,11429,55.00043748359437,2.534616872784305,0.4520976330585689,0.7747574720248112,2.082519239725736,1.7598594007594939,+2.5/+2.3/+3.0
player_rebounds,ridge,top25%,second,10912,54.756231671554254,1.3104936080681613,-1.2766392042820434,-0.9782342563127605,2.5871328123502044,2.2887278643809217,+1.3/+1.4/+1.3
player_rebounds,ridge,top25%,main,11240,54.90213523131673,2.280653715133667,0.23976867872106178,0.5649936742950246,2.040885036412605,1.7156600408386424,+2.2/+2.3/+2.4
player_rebounds,ridge,top10%,cons,4552,53.55887521968366,-0.988073497748752,-3.106316878707389,-2.912217862816516,2.118243380958637,1.924144365067764,-0.1/-0.0/-5.7
player_rebounds,ridge,top10%,best,4571,54.473856924086625,1.6490506385197345,0.4520976330585689,0.7894209280080853,1.1969530054611657,0.8596297105116493,+2.7/+2.2/-2.9
player_rebounds,ridge,top10%,second,4356,54.132231404958674,0.3358631067258486,-1.2766392042820434,-0.9740065134716046,1.612502311007892,1.3098696201974533,+1.8/-0.1/-4.1
player_rebounds,ridge,top10%,main,4494,54.428126390743216,1.481549703761849,0.23976867872106178,0.5771886339347841,1.2417810250407872,0.9043610698270649,+2.4/+2.4/-3.3
player_rebounds,ridge,top5%,cons,2277,54.765041721563456,1.3980299273655505,-3.106316878707389,-2.9388827118715675,4.50434680607294,4.336912639237118,+2.8/+0.9/-6.5
player_rebounds,ridge,top5%,best,2286,55.818022747156604,4.27533521114059,0.4520976330585689,0.789878406297396,3.8232375780820207,3.4854568048431935,+5.9/+2.7/-2.5
player_rebounds,ridge,top5%,second,2187,55.418381344307264,2.9097327316085333,-1.2766392042820434,-0.9913740525525793,4.186371935890577,3.9011067841611125,+4.9/-0.6/-3.1
player_rebounds,ridge,top5%,main,2251,55.84184806752555,4.32315266222384,0.23976867872106178,0.5802539033239493,4.083383983502777,3.7428987588998903,+5.6/+4.0/-2.9
player_rebounds,qreg,top25%,cons,11403,54.56458826624573,0.17183755747343402,-3.106316878707389,-2.8139663123119196,3.2781544361808233,2.9858038697853537,-0.3/+1.6/-0.9
player_rebounds,qreg,top25%,best,11429,55.56916615626915,3.335612418301327,0.4520976330585689,0.8853633741204608,2.8835147852427583,2.4502490441808664,+3.0/+4.5/+2.4
player_rebounds,qreg,top25%,second,11017,55.24189888354362,1.7485798330394438,-1.2766392042820434,-0.7881241966460779,3.025219037321487,2.536704029685522,+1.9/+2.6/+0.7
player_rebounds,qreg,top25%,main,11275,55.55654101995565,3.1778495919678003,0.23976867872106178,0.7040627460167626,2.9380809132467385,2.4737868459510377,+2.8/+4.5/+2.1
player_rebounds,qreg,top10%,cons,4560,55.43859649122807,1.7833290026898971,-3.106316878707389,-2.709242430774899,4.8896458813972865,4.492571433464796,+0.6/+3.7/+1.8
player_rebounds,qreg,top10%,best,4571,56.44279151170423,5.094868624087784,0.4520976330585689,1.0275173415409715,4.642770991029215,4.067351282546813,+4.0/+6.6/+5.6
player_rebounds,qreg,top10%,second,4427,56.2005873051728,3.5933849745311615,-1.2766392042820434,-0.6327620994502055,4.870024178813205,4.226147073981367,+3.0/+4.7/+3.6
player_rebounds,qreg,top10%,main,4516,56.62090345438441,5.2381532370674595,0.23976867872106178,0.856217835000685,4.998384558346398,4.381935402066775,+4.0/+7.2/+5.5
player_rebounds,qreg,top5%,cons,2280,55.78947368421052,2.7778416087752897,-3.106316878707389,-2.6425407093996505,5.884158487482679,5.420382318174941,+1.4/+6.7/+0.6
player_rebounds,qreg,top5%,best,2285,56.89277899343544,6.355540674155337,0.4520976330585689,1.127098896905651,5.903443041096768,5.228441777249686,+4.5/+10.3/+6.8
player_rebounds,qreg,top5%,second,2217,56.74334686513306,4.899519270585903,-1.2766392042820434,-0.5158538157132415,6.176158474867946,5.4153730862991445,+3.3/+8.8/+4.7
player_rebounds,qreg,top5%,main,2259,57.06064630367419,6.386729566963334,0.23976867872106178,0.9611916208672546,6.146960888242273,5.425537946096079,+4.4/+10.7/+6.8
player_rebounds,stack,top25%,cons,9418,55.42578042047144,-1.5761613580015568,-3.106316878707389,-2.9817301138800825,1.5301555207058324,1.4055687558785257,-3.3/+0.4/-3.2
player_rebounds,stack,top25%,best,9456,55.901015228426395,0.8662378563594496,0.4520976330585689,0.6547964660532545,0.4141402233008807,0.21144139030619513,-1.0/+2.8/-0.8
player_rebounds,stack,top25%,second,8919,55.79100796053369,-0.5797619589215264,-1.2766392042820434,-1.0993725221667279,0.696877245360517,0.5196105632452015,-2.0/+1.3/-2.1
player_rebounds,stack,top25%,main,9259,55.92396587104439,0.6638785136777287,0.23976867872106178,0.44779388476591897,0.4241098349566669,0.21608462891180968,-1.0/+2.8/-1.2
player_rebounds,stack,top10%,cons,3771,58.47255369928401,1.1205669108198353,-3.106316878707389,-2.9444095938221984,4.226883789527225,4.064976504642034,-3.7/+4.3/-1.1
player_rebounds,stack,top10%,best,3783,58.78932064499075,3.5238127685746536,0.4520976330585689,0.7142874272759481,3.0717151355160848,2.8095253412987056,-0.9/+6.3/+1.6
player_rebounds,stack,top10%,second,3569,58.50378257214906,1.4770068819030524,-1.2766392042820434,-1.047954564450743,2.7536460861850958,2.5249614463537955,-1.8/+4.4/-0.7
player_rebounds,stack,top10%,main,3703,58.79017013232514,3.233174964797648,0.23976867872106178,0.5034007386588407,2.993406286076586,2.729774226138807,-0.2/+6.2/+1.0
player_rebounds,stack,top5%,cons,1886,58.16542948038176,0.034921944204595406,-3.106316878707389,-2.9169935503044546,3.1412388229119848,2.95191549450905,-5.0/+4.9/-2.9
player_rebounds,stack,top5%,best,1892,58.45665961945031,2.3471167677300677,0.4520976330585689,0.7406813701642415,1.8950191346714989,1.6064353975658263,-3.4/+7.2/-0.4
player_rebounds,stack,top5%,second,1784,58.18385650224215,0.2939122073318926,-1.2766392042820434,-1.0017273872942147,1.5705514116139359,1.2956395946261074,-4.1/+4.7/-2.3
player_rebounds,stack,top5%,main,1846,58.39653304442037,1.980246030367338,0.23976867872106178,0.5350901403797177,1.7404773516462761,1.4451558899876202,-2.5/+7.2/-1.3
player_rebounds,clf,top25%,cons,11407,53.537301656877354,-1.838929134612018,-3.106316878707389,-3.0118461254353943,1.2673877440953711,1.1729169908233763,-2.3/-1.0/-2.2
player_rebounds,clf,top25%,best,11430,54.85564304461942,1.5145189743342362,0.4520976330585689,0.5935208603486634,1.0624213412756673,0.9209981139855729,+1.2/+2.3/+0.9
player_rebounds,clf,top25%,second,10944,54.43165204678363,0.06892010678499065,-1.2766392042820434,-1.117367399813075,1.345559311067034,1.1862875065980658,+0.4/+0.7/-1.2
player_rebounds,clf,top25%,main,11258,54.876532243737785,1.4790865906518693,0.23976867872106178,0.3914209714724116,1.2393179119308075,1.0876656191794578,+1.2/+2.4/+0.8
player_rebounds,clf,top10%,cons,4559,52.533450318052196,-3.2700933105826877,-3.106316878707389,-2.9943826995464753,-0.16377643187529856,-0.2757106110362124,-3.2/-2.0/-6.1
player_rebounds,clf,top10%,best,4572,54.11198600174978,0.38025642786751895,0.4520976330585689,0.6179615018114442,-0.07184120519104997,-0.2377050739439252,+0.7/+1.0/-2.4
player_rebounds,clf,top10%,second,4409,53.64028124291222,-1.174508968322124,-1.2766392042820434,-1.1003035647935564,0.10213023595991944,-0.07420540352856753,-0.3/-1.4/-4.6
player_rebounds,clf,top10%,main,4517,54.04029222935577,0.12286538594271036,0.23976867872106178,0.4154906284293325,-0.11690329277835142,-0.29262524248662214,+0.3/+1.0/-2.5
player_rebounds,clf,top5%,cons,2280,52.5438596491228,-2.8058782324456333,-3.106316878707389,-2.9919035090718857,0.30043864626175587,0.18602527662625246,-3.0/-2.9
player_rebounds,clf,top5%,best,2285,54.57330415754923,1.4852881379409222,0.4520976330585689,0.6223105892287812,1.0331905048823533,0.8629775487121409,+1.2/+0.7
player_rebounds,clf,top5%,second,2203,54.017249205628694,-0.14666988803103356,-1.2766392042820434,-1.089507258172993,1.1299693162510098,0.9428373701419595,+0.6/-4.3
player_rebounds,clf,top5%,main,2256,54.38829787234043,1.1190111544115322,0.23976867872106178,0.42393836337956015,0.8792424756904704,0.6950727910319721,+1.0/+0.2
player_rebounds,resid,top25%,cons,11405,53.888645330995175,-1.2737420900303875,-3.106316878707389,-3.1938714873638236,1.8325747886770016,1.9201293973334361,-1.2/-1.2/-1.5
player_rebounds,resid,top25%,best,11430,54.7156605424322,1.59822211073661,0.4520976330585689,0.33539953673376566,1.146124477678041,1.2628225740028443,+1.9/+1.7/+1.0
player_rebounds,resid,top25%,second,10880,54.522058823529406,0.2410752961740774,-1.2766392042820434,-1.441646451550707,1.5177145004561208,1.6827217477247844,+0.7/+0.2/-0.4
player_rebounds,resid,top25%,main,11239,54.729068422457516,1.4122886763358096,0.23976867872106178,0.11365069908460156,1.1725199976147478,1.298637977251208,+1.6/+1.6/+1.0
player_rebounds,resid,top10%,cons,4559,53.915332309717044,-0.5038462806412148,-3.106316878707389,-3.2488043722532693,2.602470598066174,2.7449580916120544,-0.8/+0.3/-0.3
player_rebounds,resid,top10%,best,4571,54.97702909647779,2.6494681639578483,0.4520976330585689,0.2839837343173741,2.1973705308992795,2.3654844296404742,+2.5/+3.3/+2.0
player_rebounds,resid,top10%,second,4396,54.799818016378524,1.5294111214300194,-1.2766392042820434,-1.5030980625627077,2.8060503257120626,3.032509183992727,+1.5/+1.9/+0.6
player_rebounds,resid,top10%,main,4505,54.8723640399556,2.2621067091574547,0.23976867872106178,0.06697199151729331,2.022338030436393,2.1951347176401614,+1.9/+3.5/+1.3
player_rebounds,resid,top5%,cons,2280,53.64035087719298,-2.1433060629326,-3.106316878707389,-3.2960519622102082,0.9630108157747892,1.1527458992776083,-2.9/+2.8
player_rebounds,resid,top5%,best,2287,54.70048097944906,1.0979390686445483,0.4520976330585689,0.2087619282610708,0.6458414355859794,0.8891771403834775,+0.3/+6.2
player_rebounds,resid,top5%,second,2227,54.15356982487651,-0.5891184931011225,-1.2766392042820434,-1.5874722080167822,0.6875207111809208,0.9983537149156597,-1.2/+3.1
player_rebounds,resid,top5%,main,2260,54.51327433628319,0.6202768224530516,0.23976867872106178,0.0007907904114047967,0.3805081437319898,0.6194860320416468,-0.3/+5.9
player_rebounds,mlp,top25%,cons,11393,53.646976213464406,-1.6978513668180504,-3.106316878707389,-3.009698278228245,1.4084655118893388,1.3118469114101947,-2.8/+0.4/-2.2
player_rebounds,mlp,top25%,best,11430,55.20559930008749,1.7901022269448377,0.4520976330585689,0.601114175039239,1.3380045938862688,1.1889880519055986,+0.6/+3.9/+1.3
player_rebounds,mlp,top25%,second,10996,54.43797744634412,0.0408690597586911,-1.2766392042820434,-1.124235579906495,1.3175082640407345,1.165104639665186,-0.5/+1.8/-0.8
player_rebounds,mlp,top25%,main,11265,55.090989791389255,1.5387518671529326,0.23976867872106178,0.3980147129998744,1.2989831884318708,1.1407371541530582,+0.6/+3.9/+0.7
player_rebounds,mlp,top10%,cons,4558,52.74243089074155,-3.4742956336206805,-3.106316878707389,-2.9579186791401675,-0.36797875491329135,-0.516376954480513,-5.1/-0.1/-3.1
player_rebounds,mlp,top10%,best,4572,54.352580927384075,-0.1656544516197131,0.4520976330585689,0.6762614332628449,-0.617752084678282,-0.8419158848825581,-1.5/+2.1/+0.4
player_rebounds,mlp,top10%,second,4429,53.51095055317228,-2.0530694062350756,-1.2766392042820434,-1.0414891508182142,-0.7764302019530323,-1.0115802554168614,-3.1/+1.6/-2.5
player_rebounds,mlp,top10%,main,4514,54.186973859105,-0.4249314370279984,0.23976867872106178,0.48027689469227863,-0.6647001157490602,-0.905208331720277,-1.6/+2.9/-0.5
player_rebounds,mlp,top5%,cons,2275,53.362637362637365,-1.8829995668851414,-3.106316878707389,-2.9178989887555975,1.2233173118222478,1.0348994218704561,-5.9/+1.1/+1.8
player_rebounds,mlp,top5%,best,2287,55.13773502404897,1.1408344855931944,0.4520976330585689,0.7236240709809684,0.6887368525346256,0.4172104146122261,-2.1/+2.4/+4.5
player_rebounds,mlp,top5%,second,2219,53.94321766561514,-1.1771731679640467,-1.2766392042820434,-0.9768058127711504,0.09946603631799666,-0.20036735519289628,-4.2/+0.3/+1.9
player_rebounds,mlp,top5%,main,2258,54.82728077945084,0.7747583097858277,0.23976867872106178,0.5344296963620431,0.5349896310647659,0.24032861342378464,-2.0/+2.5/+3.4
player_rebounds_assists,ridge,top25%,cons,10190,52.28655544651619,-2.0458979239290667,-3.3890633565756882,-3.22276725637782,1.3431654326466216,1.1768693324487534,-1.5/-0.1/-4.5
player_rebounds_assists,ridge,top25%,best,10238,52.97909747997656,-0.4784630562416579,-1.04691582617082,-0.7959785600244167,0.5684527699291622,0.3175155037827588,+0.1/+0.9/-2.5
player_rebounds_assists,ridge,top25%,second,8539,52.33633914978335,-1.8406374879737188,-3.2090426469912163,-2.9379474318795484,1.3684051590174975,1.0973099439058296,-0.8/-0.7/-4.5
player_rebounds_assists,ridge,top25%,main,10216,52.93657008613939,-0.6513550854233343,-1.3133190438518674,-1.0688546894428492,0.6619639584285331,0.4174996040195149,+0.2/+0.8/-3.0
player_rebounds_assists,ridge,top10%,cons,4073,52.7375398968819,-1.7359214920158208,-3.3890633565756882,-3.1723811486252456,1.6531418645598674,1.4364596566094248,-0.7/-3.2/-3.5
player_rebounds_assists,ridge,top10%,best,4096,53.564453125,-0.09941718890331686,-1.04691582617082,-0.7001501848151512,0.9474986372675032,0.6007329959118344,+1.1/-2.1/-1.6
player_rebounds_assists,ridge,top10%,second,3503,53.06879817299458,-0.9266482364644741,-3.2090426469912163,-2.840142354123039,2.2823944105267424,1.913494117658565,-0.1/-3.2/-1.5
player_rebounds_assists,ridge,top10%,main,4083,53.56355620867009,-0.1639317420951998,-1.3133190438518674,-0.9739359800338526,1.1493873017566676,0.8100042379386528,+1.1/-2.2/-1.8
player_rebounds_assists,ridge,top5%,cons,2042,54.01567091087169,0.7893216656657787,-3.3890633565756882,-3.132363956111366,4.178385022241467,3.9216856217771445,+0.3/+1.6/+3.1
player_rebounds_assists,ridge,top5%,best,2048,54.6875,2.1107228356413543,-1.04691582617082,-0.6020031550361715,3.1576386618121743,2.7127259906775256,+1.9/+2.0/+3.6
player_rebounds_assists,ridge,top5%,second,1784,54.09192825112108,1.3543857720935293,-3.2090426469912163,-2.7481901986963146,4.563428419084746,4.102575970789844,+0.7/+1.0
player_rebounds_assists,ridge,top5%,main,2040,54.65686274509803,2.010705693095338,-1.3133190438518674,-0.8761975118094071,3.3240247369472056,2.8869032049047454,+1.8/+1.7/+3.6
player_rebounds_assists,qreg,top25%,cons,10194,52.18756131057485,-2.6600858487871455,-3.3890633565756882,-3.17855449302812,0.7289775077885428,0.5184686442409747,-1.9/-3.2/-3.0
player_rebounds_assists,qreg,top25%,best,10238,53.13537800351631,-0.4925581248716163,-1.04691582617082,-0.6228494653966672,0.5543577012992037,0.13029134052505087,+0.4/-1.2/-0.7
player_rebounds_assists,qreg,top25%,second,8753,52.24494459042614,-2.779156186846778,-3.2090426469912163,-2.7426293204232017,0.4298864601444383,-0.036526866423576276,-1.8/-2.9/-4.0
player_rebounds_assists,qreg,top25%,main,10215,53.08859520313265,-0.6928581183177258,-1.3133190438518674,-0.8954661390902858,0.6204609255341416,0.20260802077256002,+0.4/-1.4/-1.2
player_rebounds_assists,qreg,top10%,cons,4082,51.66585007349338,-3.4289419972271618,-3.3890633565756882,-3.054738908636471,-0.03987864065147351,-0.37420308859069085,-2.4/-4.9/-4.4
player_rebounds_assists,qreg,top10%,best,4096,52.587890625,-1.1768157477490604,-1.04691582617082,-0.381396868975832,-0.12989992157824037,-0.7954188787732284,-0.0/-2.8/-2.3
player_rebounds_assists,qreg,top10%,second,3667,52.14071448050177,-2.698976111925685,-3.2090426469912163,-2.517531744448663,0.5100665350655311,-0.18144436747702208,-1.6/-3.9/-4.8
player_rebounds_assists,qreg,top10%,main,4082,52.621264086232244,-1.2324973130448083,-1.3133190438518674,-0.657052317685939,0.08082173080705912,-0.5754449953588693,+0.0/-3.0/-2.5
player_rebounds_assists,qreg,top5%,cons,2045,50.904645476772615,-4.752591245040334,-3.3890633565756882,-2.979947344000664,-1.3635278884646453,-1.7726439010396695,-3.7/-3.6/-13.5
player_rebounds_assists,qreg,top5%,best,2048,51.7578125,-2.6070632447954267,-1.04691582617082,-0.1848177628999616,-1.5601474186246067,-2.422245481895465,-1.5/-1.2/-12.1
player_rebounds_assists,qreg,top5%,second,1902,51.68243953732913,-3.3547118259153157,-3.2090426469912163,-2.3441275919121347,-0.14566917892409936,-1.010584234003181,-2.6/-2.6
player_rebounds_assists,qreg,top5%,main,2041,51.837334639882414,-2.5508194387922796,-1.3133190438518674,-0.4597432349469706,-1.2375003949404122,-2.091076203845309,-1.4/-1.4/-11.9
player_rebounds_assists,stack,top25%,cons,8279,53.38809034907598,-2.012586129980252,-3.3890633565756882,-3.4118891920420347,1.3764772265954361,1.3993030620617826,-1.5/-2.1/-2.0
player_rebounds_assists,stack,top25%,best,8325,54.01801801801802,-0.4593376311453971,-1.04691582617082,-1.2124802490270277,0.5875781950254229,0.7531426178816305,-0.1/-0.9/-0.2
player_rebounds_assists,stack,top25%,second,6316,53.07156428119063,-2.7195370238819327,-3.2090426469912163,-3.3833622083831676,0.4895056231092836,0.6638251845012348,-0.3/-2.2/-3.3
player_rebounds_assists,stack,top25%,main,8316,53.84800384800384,-0.8419970743010513,-1.3133190438518674,-1.4828566459969175,0.47132196955081607,0.6408595716958662,-0.2/-1.1/-0.8
player_rebounds_assists,stack,top10%,cons,3313,55.20676124358588,-0.9274360171409306,-3.3890633565756882,-3.4120264953071366,2.4616273394347576,2.484590478166206,-0.9/-1.7/-0.2
player_rebounds_assists,stack,top10%,best,3326,55.53217077570656,0.39498122141293857,-1.04691582617082,-1.2207238835223686,1.4418970475837587,1.6157051049353073,+0.1/-0.6/+1.4
player_rebounds_assists,stack,top10%,second,2576,55.70652173913043,-0.24325681491668183,-3.2090426469912163,-3.4242579820223695,2.9657858320745345,3.1810011671056877,-0.3/-2.7/+2.2
player_rebounds_assists,stack,top10%,main,3320,55.45180722891566,0.1390330583216196,-1.3133190438518674,-1.4901532122605892,1.4523521021734869,1.6291862705822089,-0.2/-0.6/+0.9
player_rebounds_assists,stack,top5%,cons,1659,57.022302591922845,1.1285266652029633,-3.3890633565756882,-3.3867221931622558,4.517590021778652,4.515248858365219,+0.1/+1.0/+1.8
player_rebounds_assists,stack,top5%,best,1664,57.331730769230774,2.5308989704801483,-1.04691582617082,-1.2102948513655392,3.5778147966509684,3.7411938218456875,+0.9/+2.1/+4.1
player_rebounds_assists,stack,top5%,second,1320,56.81818181818182,0.4481040167086052,-3.2090426469912163,-3.416433498656242,3.6571466636998213,3.864537515364847,+1.4/-2.6/+4.8
player_rebounds_assists,stack,top5%,main,1662,57.28038507821901,2.3533657067662683,-1.3133190438518674,-1.4816370750685144,3.6666847506181357,3.835002781834783,+0.9/+1.9/+3.7
player_rebounds_assists,clf,top25%,cons,10187,51.65406891135761,-3.574601151915824,-3.3890633565756882,-3.312830902200238,-0.1855377953401356,-0.2617702497155858,-3.1/-2.8/-5.4
player_rebounds_assists,clf,top25%,best,10238,52.95956241453409,-0.9807473294179312,-1.04691582617082,-0.9325452172994253,0.06616849675288883,-0.04820211211850589,-0.6/-0.3/-2.3
player_rebounds_assists,clf,top25%,second,8610,51.64924506387921,-3.6743078248426055,-3.2090426469912163,-3.080235212003036,-0.4652651778513892,-0.5940726128395695,-2.4/-3.6/-6.3
player_rebounds_assists,clf,top25%,main,10208,52.860501567398124,-1.190269489693791,-1.3133190438518674,-1.2013040604709702,0.12304955415807628,0.011034570777179065,-0.7/-0.4/-2.9
player_rebounds_assists,clf,top10%,cons,4076,51.76643768400393,-3.208944324305294,-3.3890633565756882,-3.2433019598223347,0.18011903227039427,0.03435763551704074,-2.6/-3.8/-5.3
player_rebounds_assists,clf,top10%,best,4096,53.02734375,-0.44812089763581753,-1.04691582617082,-0.803432918882813,0.5987949285350025,0.35531202124699546,+0.2/-1.2/-2.4
player_rebounds_assists,clf,top10%,second,3597,52.182374200722826,-2.528117503064654,-3.2090426469912163,-2.972589597282038,0.6809251439265624,0.4444720942173843,-1.4/-5.1/-4.2
player_rebounds_assists,clf,top10%,main,4084,52.9382957884427,-0.6813476677622782,-1.3133190438518674,-1.075655796159104,0.6319713760895892,0.39430812839682583,+0.0/-1.4/-3.0
player_rebounds_assists,clf,top5%,cons,2039,51.00539480137323,-4.203136450172114,-3.3890633565756882,-3.164743448756076,-0.8140730935964253,-1.0383930014160376,-3.0/-10.0
player_rebounds_assists,clf,top5%,best,2048,52.05078125,-1.727915887022391,-1.04691582617082,-0.6372316906869753,-0.6810000608515709,-1.0906841963354157,-0.5/-8.4
player_rebounds_assists,clf,top5%,second,1864,51.39484978540773,-3.5780903287711574,-3.2090426469912163,-2.825243709995254,-0.3690476817799411,-0.7528466187759033,-1.9/-15.6
player_rebounds_assists,clf,top5%,main,2040,52.00980392156863,-1.9035313877404905,-1.3133190438518674,-0.909995619157373,-0.5902123438886231,-0.9935357685831174,-0.6/-8.5
player_rebounds_assists,resid,top25%,cons,10192,51.78571428571429,-3.1542416656129593,-3.3890633565756882,-3.364175075301163,0.23482169096272898,0.20993340968820373,-3.1/-2.4/-4.2
player_rebounds_assists,resid,top25%,best,10238,52.734909161945694,-1.1075541281006165,-1.04691582617082,-1.2348626457019298,-0.06063830192979647,0.12730851760131334,-1.2/-0.4/-1.9
player_rebounds_assists,resid,top25%,second,8221,51.587398126748575,-4.003053482337787,-3.2090426469912163,-3.4312307169835132,-0.7940108353465707,-0.5718227653542738,-3.8/-2.4/-6.6
player_rebounds_assists,resid,top25%,main,10197,52.61351377856233,-1.4108993240907122,-1.3133190438518674,-1.503262388005631,-0.0975802802388448,0.09236306391491889,-1.5/-0.5/-2.5
player_rebounds_assists,resid,top10%,cons,4089,53.06921007581315,-1.1544903731631835,-3.3890633565756882,-3.2626249294250442,2.2345729834125048,2.1081345562618607,-1.0/-0.9/-3.9
player_rebounds_assists,resid,top10%,best,4096,53.857421875,0.6891348166391253,-1.04691582617082,-1.1199322276010433,1.7360506428099454,1.8090670442401686,+0.7/+1.2/-1.4
player_rebounds_assists,resid,top10%,second,3432,52.942890442890445,-1.4811495662013412,-3.2090426469912163,-3.3231773501355533,1.7278930807898751,1.842027783934212,-1.5/-0.6/-3.9
player_rebounds_assists,resid,top10%,main,4064,53.74015748031496,0.4055267449204377,-1.3133190438518674,-1.3844464887946084,1.7188457887723052,1.7899732337150462,+0.5/+1.2/-2.6
player_rebounds_assists,resid,top5%,cons,2048,52.34375,-2.401468262542039,-3.3890633565756882,-3.1922349206110914,0.9875950940336491,0.7907666580690522,-1.9
player_rebounds_assists,resid,top5%,best,2048,53.02734375,-0.6174801965244114,-1.04691582617082,-1.0483270287495838,0.4294356296464086,0.4308468322251724,-0.1
player_rebounds_assists,resid,top5%,second,1732,52.42494226327945,-2.223036415857751,-3.2090426469912163,-3.239633434696213,0.9860062311334654,1.0165970188384619,-1.6
player_rebounds_assists,resid,top5%,main,2026,53.01085883514314,-0.729768603363489,-1.3133190438518674,-1.3130139463694193,0.5835504404883783,0.5832453430059302,-0.1
player_rebounds_assists,mlp,top25%,cons,10195,51.78028445316332,-3.3225057498095607,-3.3890633565756882,-3.398124062051797,0.06655760676612754,0.07561831224223647,-4.1/-1.7/-5.1
player_rebounds_assists,mlp,top25%,best,10238,52.93025981637038,-1.2244512464739798,-1.04691582617082,-1.2291989077877272,-0.17753542030315983,0.0047476613137473755,-2.1/+0.2/-2.5
player_rebounds_assists,mlp,top25%,second,7984,51.62825651302605,-3.8522193047828326,-3.2090426469912163,-3.3795656019686846,-0.6431766577916163,-0.472653702814148,-4.1/-2.7/-5.5
player_rebounds_assists,mlp,top25%,main,10201,52.8477600235271,-1.4627096770078736,-1.3133190438518674,-1.497437531291098,-0.1493906331560062,0.034727854283224335,-2.3/+0.1/-3.0
player_rebounds_assists,mlp,top10%,cons,4075,52.196319018404914,-2.2251377749296783,-3.3890633565756882,-3.3497242033168364,1.16392558164601,1.124586428387158,-3.5/+0.3/-5.8
player_rebounds_assists,mlp,top10%,best,4096,53.4912109375,-0.09284242987632751,-1.04691582617082,-1.1992839806358249,0.9540733962944925,1.1064415507594973,-0.7/+1.9/-3.7
player_rebounds_assists,mlp,top10%,second,3157,51.97972758948368,-2.8962961019577014,-3.2090426469912163,-3.3382713226048866,0.31274654503351496,0.4419752206471852,-3.3/-0.3/-7.8
player_rebounds_assists,mlp,top10%,main,4076,53.43473994111875,-0.2866584460330548,-1.3133190438518674,-1.4712268726044406,1.0266605978188126,1.1845684265713858,-0.7/+1.7/-4.2
player_rebounds_assists,mlp,top5%,cons,2032,50.44291338582677,-5.124417739355658,-3.3890633565756882,-3.34024080697137,-1.7353543827799696,-1.784176932384288,-4.6/-3.6/-10.9
player_rebounds_assists,mlp,top5%,best,2048,52.1484375,-2.626989607233554,-1.04691582617082,-1.1513936681545112,-1.580073781062734,-1.475595939079043,-1.8/-1.6/-7.7
player_rebounds_assists,mlp,top5%,second,1588,49.93702770780856,-6.475697754312222,-3.2090426469912163,-3.282005352920172,-3.2666551073210055,-3.19369240139205,-5.2/-4.6/-14.7
player_rebounds_assists,mlp,top5%,main,2038,52.06084396467124,-2.8734881405273525,-1.3133190438518674,-1.4235726906916923,-1.560169096675485,-1.4499154498356601,-1.9/-1.9/-8.1
player_steals,ridge,top25%,cons,7281,55.67916494986952,1.9387310603345722,-1.837617718513049,-1.4765681644852535,3.776348778847621,3.415299224819826,+3.0/+0.7/+2.2
player_steals,ridge,top25%,best,7326,56.4018564018564,3.9496672892225524,-0.2203356590424893,0.18693435940794287,4.170002948265042,3.7627329298146095,+5.5/+2.4/+3.8
player_steals,ridge,top25%,second,6412,55.58328134747349,1.7663962623140474,-1.4722032501307099,-1.086442267736721,3.2385995124447575,2.8528385300507684,+4.5/-0.7/-2.6
player_steals,ridge,top25%,main,7301,56.40323243391316,3.911430836376989,-0.26079431158528676,0.1179879238271788,4.172225147962276,3.7934429125498106,+5.5/+2.3/+3.6
player_steals,ridge,top10%,cons,2902,56.96071674707098,4.083997742378818,-1.837617718513049,-1.3631223750368824,5.921615460891867,5.4471201174157,+6.1/+1.9/+2.3
player_steals,ridge,top10%,best,2931,57.65950187649267,6.2546314700233046,-0.2203356590424893,0.277126404706092,6.474967129065794,5.977505065317213,+8.4/+3.8/+5.7
player_steals,ridge,top10%,second,2647,57.15904797884398,4.90283039231367,-1.4722032501307099,-1.0661307838263336,6.3750336424443805,5.968961176140004,+7.7/+2.7
player_steals,ridge,top10%,main,2927,57.56747523061154,6.084959108673919,-0.26079431158528676,0.19226029258998453,6.345753420259206,5.892698816083935,+8.4/+3.3/+5.5
player_steals,ridge,top5%,cons,1449,56.52173913043478,4.786500756373646,-1.837617718513049,-1.344943152564919,6.624118474886695,6.131443908938564,+8.1/+2.9
player_steals,ridge,top5%,best,1466,57.16234652114598,6.84878430132326,-0.2203356590424893,0.2267300696216828,7.069119960365749,6.622054231701577,+10.4/+4.5
player_steals,ridge,top5%,second,1344,56.547619047619044,5.521573294841107,-1.4722032501307099,-1.2040497299161308,6.993776544971817,6.725623024757238,+9.5/+3.9
player_steals,ridge,top5%,main,1465,56.996587030716725,6.677184129330891,-0.26079431158528676,0.13163209916505295,6.937978440916178,6.5455520301658385,+10.3/+4.0
player_steals,qreg,top25%,cons,7266,56.67492430498211,1.560875313228856,-1.837617718513049,-1.291274601553195,3.398493031741905,2.852149914782051,+3.6/-0.6/+1.6
player_steals,qreg,top25%,best,7326,57.35735735735735,3.525707741562148,-0.2203356590424893,0.36305698956010524,3.7460434006046373,3.1626507520020426,+6.2/+1.1/+2.8
player_steals,qreg,top25%,second,6406,56.8529503590384,1.930801125195039,-1.4722032501307099,-0.9674460111988877,3.403004375325749,2.898247136393927,+4.9/-0.9/-0.4
player_steals,qreg,top25%,main,7307,57.355960038319424,3.509654495643333,-0.26079431158528676,0.2777328320202907,3.7704488072286195,3.231921663623042,+6.3/+1.0/+2.7
player_steals,qreg,top10%,cons,2916,56.412894375857334,2.7405190778530835,-1.837617718513049,-1.2156018092452023,4.578136796366133,3.956120887098286,+6.9/-2.7/-2.2
player_steals,qreg,top10%,best,2931,56.943022859092466,4.821341422506259,-0.2203356590424893,0.48123846237815343,5.041677081548748,4.340102960128105,+9.2/-0.8/-0.9
player_steals,qreg,top10%,second,2682,56.972408650260995,3.8114226015533292,-1.4722032501307099,-0.7944846722478713,5.2836258516840395,4.605907273801201,+7.9/-1.4/-6.2
player_steals,qreg,top10%,main,2921,57.00102704553235,4.971304787874466,-0.26079431158528676,0.39756282387662956,5.232099099459753,4.573741963997836,+9.4/-0.8/-1.0
player_steals,qreg,top5%,cons,1459,56.751199451679234,4.884391716688443,-1.837617718513049,-1.1557078015667537,6.722009435201492,6.040099518255197,+7.8/-1.4
player_steals,qreg,top5%,best,1466,57.36698499317872,7.154936070006346,-0.2203356590424893,0.5757579497375693,7.375271729048835,6.579178120268777,+9.9/+1.3
player_steals,qreg,top5%,second,1370,57.08029197080292,5.245527516316324,-1.4722032501307099,-0.6715805783037347,6.717730766447033,5.917108094620058,+9.1/-2.9
player_steals,qreg,top5%,main,1458,57.54458161865569,7.577675736326577,-0.26079431158528676,0.4924745683936835,7.838470047911864,7.085201167932893,+10.4/+1.6
player_steals,stack,top25%,cons,5360,57.6865671641791,3.1811585355160843,-1.837617718513049,-1.5108721266787148,5.018776254029133,4.692030662194799,+3.0/+2.7/+5.3
player_steals,stack,top25%,best,5384,57.96805349182764,4.93833179769686,-0.2203356590424893,0.15725886294780614,5.15866745673935,4.781072934749054,+5.8/+4.3/+6.3
player_steals,stack,top25%,second,4266,57.407407407407405,2.6148472573351422,-1.4722032501307099,-1.0781819229683747,4.087050507465852,3.693029180303517,+4.7/+1.0/+6.1
player_steals,stack,top25%,main,5335,57.825679475164016,4.871464591218471,-0.26079431158528676,0.09814231435668067,5.132258902803758,4.773322276861791,+5.8/+4.2/+6.1
player_steals,stack,top10%,cons,2156,60.94619666048238,5.23653345559214,-1.837617718513049,-1.2364937002065632,7.074151174105189,6.473027155798703,+7.9/+3.3/+9.7
player_steals,stack,top10%,best,2165,61.15473441108546,7.113856938914945,-0.2203356590424893,0.4834599697234325,7.3341925979574345,6.630396969191512,+10.3/+5.0/+11.1
player_steals,stack,top10%,second,1825,60.71232876712329,4.8300369079798875,-1.4722032501307099,-0.7594948151266091,6.302240158110598,5.5895317231064965,+9.1/+2.0
player_steals,stack,top10%,main,2160,60.97222222222223,6.876342605661463,-0.26079431158528676,0.40438238424346407,7.1371369172467505,6.471960221418,+10.5/+4.7/+10.3
player_steals,stack,top5%,cons,1076,61.05947955390335,4.224350716101636,-1.837617718513049,-1.100920519998232,6.061968434614685,5.3252712360998675,+7.1/+2.0
player_steals,stack,top5%,best,1078,61.13172541743971,6.312817921222694,-0.2203356590424893,0.6615040263991853,6.533153580265183,5.651313894823509,+10.0/+3.8
player_steals,stack,top5%,second,947,61.45723336853221,5.220737716590213,-1.4722032501307099,-0.5621193950059377,6.692940966720922,5.78285711159615,+9.6/+2.9
player_steals,stack,top5%,main,1077,61.18848653667596,6.36812883499273,-0.26079431158528676,0.576790784703388,6.628923146578017,5.791338050289342,+10.3/+3.8
player_steals,clf,top25%,cons,7309,53.974551922287596,-0.27887745845626094,-1.837617718513049,-1.731523362884322,1.558740260056788,1.452645904428061,+1.1/-1.5/-1.0
player_steals,clf,top25%,best,7326,54.463554463554466,1.3082731853831897,-0.2203356590424893,-0.07340543209165262,1.528608844425679,1.3816786174748423,+3.0/-0.1/+0.0
player_steals,clf,top25%,second,6277,54.261589931495934,-0.23071173746456322,-1.4722032501307099,-1.274942550522671,1.2414915126661465,1.0442308130581077,+2.2/-2.9/-2.0
player_steals,clf,top25%,main,7271,54.421675147847616,1.1716098704080342,-0.26079431158528676,-0.11908443445256434,1.4324041819933209,1.2906943048605986,+3.1/-0.4/-0.0
player_steals,clf,top10%,cons,2926,53.45181134654818,0.8900036407674083,-1.837617718513049,-1.779228082647156,2.727621359280457,2.6692317234145646,+1.1/+0.4
player_steals,clf,top10%,best,2931,53.9065165472535,2.4457653607577035,-0.2203356590424893,-0.10289109345402249,2.666101019800193,2.548656454211726,+2.5/+2.2
player_steals,clf,top10%,second,2631,53.59179019384265,0.4439530287437772,-1.4722032501307099,-1.2786675143319783,1.916156278874487,1.7226205430757555,+1.8/-1.7
player_steals,clf,top10%,main,2926,53.793574846206425,2.08972908826373,-0.26079431158528676,-0.14677323742512824,2.3505233998490165,2.236502325688858,+2.4/+1.4
player_steals,clf,top5%,cons,1463,52.69993164730007,0.32583520743265104,-1.837617718513049,-1.8147312003655487,2.1634529259457,2.1405664077982,-0.0/+1.9
player_steals,clf,top5%,best,1466,53.13778990450204,1.9330233945365167,-0.2203356590424893,-0.12423227348094232,2.153359053579006,2.057255668017459,+1.5/+3.7
player_steals,clf,top5%,second,1353,53.141167775314116,0.9222064296668843,-1.4722032501307099,-1.2908832752615687,2.3944096797975942,2.213089704928453,+1.1/+2.9
player_steals,clf,top5%,main,1465,53.037542662116046,1.642928953463714,-0.26079431158528676,-0.1647071317497267,1.9037232650490008,1.8076360852134405,+1.4/+3.0
player_steals,resid,top25%,cons,7314,56.39868744872847,1.11961319924444,-1.837617718513049,-1.995815594448351,2.9572309177574887,3.115428793692791,+0.8/+1.0/+4.0
player_steals,resid,top25%,best,7327,56.708066057049265,2.5971494561184048,-0.2203356590424893,-0.33559205986707835,2.817485115160894,2.9327415159854833,+2.5/+2.3/+4.8
player_steals,resid,top25%,second,5946,56.69357551294988,1.0109899864427738,-1.4722032501307099,-1.4820393512624874,2.4831932365734835,2.493029337705261,+1.7/+0.2/-0.1
player_steals,resid,top25%,main,7248,56.60871964679912,2.3968948170575612,-0.26079431158528676,-0.3615412735822133,2.657689128642848,2.7584360906397745,+2.5/+1.9/+4.6
player_steals,resid,top10%,cons,2929,56.981905087060426,2.4447549647054156,-1.837617718513049,-2.012192629892646,4.2823726832184645,4.456947594598061,+1.9/+4.5
player_steals,resid,top10%,best,2931,57.18184919822586,4.017512162201074,-0.2203356590424893,-0.35468083792183347,4.237847821243563,4.372193000122907,+3.6/+6.0
player_steals,resid,top10%,second,2653,57.067470787787414,2.4344092308688605,-1.4722032501307099,-1.512184069107361,3.9066124809995704,3.9465932999762217,+2.7/+2.6
player_steals,resid,top10%,main,2925,57.09401709401709,3.781624598380847,-0.26079431158528676,-0.3834491829951863,4.042418909966134,4.165073781376034,+3.5/+5.4
player_steals,resid,top5%,cons,1465,55.49488054607509,2.8683094441280432,-1.837617718513049,-2.0809934415124767,4.705927162641093,4.94930288564052,+2.4/+5.7
player_steals,resid,top5%,best,1466,55.59345156889495,4.559392932329789,-0.2203356590424893,-0.40284506020407934,4.779728591372279,4.962237992533868,+4.0/+7.8
player_steals,resid,top5%,second,1373,56.2272396212673,4.523401319416266,-1.4722032501307099,-1.5406332003874372,5.995604569546975,6.064034519803703,+3.0/+13.3
player_steals,resid,top5%,main,1464,55.46448087431693,4.31321913101634,-0.26079431158528676,-0.4251507326112836,4.574013442601627,4.738369863627624,+3.9/+7.0
player_steals,mlp,top25%,cons,7265,55.4301445285616,1.6745174595674643,-1.837617718513049,-1.7191161462428475,3.5121351780805132,3.3936336058103116,+1.5/+0.7/+8.1
player_steals,mlp,top25%,best,7326,56.25170625170626,3.234383443519453,-0.2203356590424893,-0.151870303712589,3.4547191025619424,3.386253747232042,+3.5/+1.9/+8.9
player_steals,mlp,top25%,second,6140,55.732899022801305,1.4755821752237575,-1.4722032501307099,-1.4997984489053124,2.9477854253544673,2.9753806241290697,+2.6/-0.3/+3.7
player_steals,mlp,top25%,main,7290,56.268861454046636,3.1848067331379495,-0.26079431158528676,-0.215202271289206,3.445601044723236,3.4000090044271554,+3.5/+1.8/+9.0
player_steals,mlp,top10%,cons,2892,56.05117565698479,3.2710687871790523,-1.837617718513049,-1.638387780104596,5.108686505692101,4.909456567283648,+3.8/+0.6
player_steals,mlp,top10%,best,2931,56.97714090754009,4.262269267202928,-0.2203356590424893,-0.14875929032497776,4.4826049262454175,4.411028557527906,+5.2/+1.3
player_steals,mlp,top10%,second,2530,56.126482213438734,2.640838646606023,-1.4722032501307099,-1.6241712938921136,4.113041896736733,4.265009940498136,+4.1/-1.1
player_steals,mlp,top10%,main,2920,56.95205479452055,4.193682772656009,-0.26079431158528676,-0.23201439549211125,4.454477084241296,4.425697168148121,+5.2/+1.2
player_steals,mlp,top5%,cons,1433,55.198883461270064,3.751501551226811,-1.837617718513049,-1.588896955921087,5.58911926973986,5.340398507147898,+3.6/+2.3
player_steals,mlp,top5%,best,1466,56.61664392905866,4.521219914151409,-0.2203356590424893,-0.19838538848988166,4.7415555731938985,4.719605302641291,+4.6/+2.9
player_steals,mlp,top5%,second,1283,54.71551052221356,1.971862656198622,-1.4722032501307099,-1.843453334111395,3.4440659063293317,3.815315990310017,+3.5/-1.9
player_steals,mlp,top5%,main,1457,56.62319835277968,4.4883342744883565,-0.26079431158528676,-0.3033211960850656,4.749128586073644,4.7916554705734224,+4.6/+2.8
player_threes,ridge,top25%,cons,10290,55.47133138969874,-2.098735040316197,-3.261494952957101,-2.4607067742360913,1.162759912640904,0.36197173391989423,-1.3/-4.6/+0.3
player_threes,ridge,top25%,best,10311,55.96935311802929,0.8039213558737539,-0.45497798464156125,0.6047292375187481,1.258899340515315,0.19919211835500583,+1.6/-1.9/+3.4
player_threes,ridge,top25%,second,9999,55.41554155415541,-1.0038255131093248,-1.8885465167980662,-0.8730416953880485,0.8847210036887414,-0.13078381772127623,+0.4/-3.8/+1.0
player_threes,ridge,top25%,main,10132,55.813264903276746,0.38777997829770083,-0.8201033566954598,0.2647439288146008,1.2078833349931606,0.12303604948310004,+1.4/-2.2/+2.6
player_threes,ridge,top10%,cons,4117,56.69176584891912,0.6418004498077534,-3.261494952957101,-2.3418042167230944,3.9032954027648543,2.983604666530848,+2.3/-3.1/+5.4
player_threes,ridge,top10%,best,4125,57.11515151515152,3.3125471172910745,-0.45497798464156125,0.7444740899283167,3.7675251019326357,2.568073027362758,+5.1/-0.8/+8.7
player_threes,ridge,top10%,second,4006,56.81477783325013,1.9847055970580947,-1.8885465167980662,-0.7436986229799479,3.873252113856161,2.7284042200380427,+4.1/-2.1/+6.4
player_threes,ridge,top10%,main,4056,57.125246548323474,3.233640739433394,-0.8201033566954598,0.4021552668263659,4.053744096128853,2.831485472607028,+5.2/-0.8/+8.2
player_threes,ridge,top5%,cons,2059,56.532297231665865,1.016612913262329,-3.261494952957101,-2.228579794573647,4.27810786621943,3.245192707835976,+2.8/-3.0/+8.9
player_threes,ridge,top5%,best,2063,56.858943286476006,3.5541998779548356,-0.45497798464156125,0.8619229701047444,4.009177862596397,2.692276907850091,+5.4/-0.7/+11.6
player_threes,ridge,top5%,second,2013,56.8802781917536,2.711550157815144,-1.8885465167980662,-0.6345651410330237,4.60009667461321,3.3461152988481677,+5.1/-2.1/+10.7
player_threes,ridge,top5%,main,2034,56.882989183874145,3.534857250361785,-0.8201033566954598,0.5142402236592674,4.354960607057245,3.020617026702518,+5.6/-0.8/+11.4
player_threes,qreg,top25%,cons,10299,53.801339935916104,-1.8125068656402092,-3.261494952957101,-2.211985480370368,1.4489880873168919,0.39947861473015855,-1.0/-3.5/-0.5
player_threes,qreg,top25%,best,10313,55.04702802288374,1.2812859667823604,-0.45497798464156125,0.8187376582092235,1.7362639514239215,0.4625483085731369,+2.2/-0.3/+2.4
player_threes,qreg,top25%,second,10012,54.28485817019576,-0.2912503097517415,-1.8885465167980662,-0.6054729859641934,1.5972962070463246,0.3142226762124519,+1.2/-2.1/+0.5
player_threes,qreg,top25%,main,10172,54.8957923712151,0.8511441936654177,-0.8201033566954598,0.4864817363418254,1.6712475503608775,0.3646624573235923,+2.1/-0.8/+1.6
player_threes,qreg,top10%,cons,4119,54.94051954357854,-0.9040764623198818,-3.261494952957101,-1.7237413341871617,2.3574184906372193,0.8196648718672799,+1.5/-3.0/-3.3
player_threes,qreg,top10%,best,4125,56.193939393939395,2.327174201156154,-0.45497798464156125,1.3662689134924162,2.782152185797715,0.9609052876637376,+5.0/-0.6/+0.9
player_threes,qreg,top10%,second,4056,55.744575936883635,1.1354105653612336,-1.8885465167980662,-0.06873923966691199,3.0239570821593,1.2041498050281456,+4.2/-1.8/-1.3
player_threes,qreg,top10%,main,4093,56.09577327143904,2.043806289129493,-0.8201033566954598,1.0411148781627384,2.8639096458249527,1.0026914109667544,+5.0/-1.1/+0.3
player_threes,qreg,top5%,cons,2059,55.94949004371054,0.7095143191729893,-3.261494952957101,-1.387661778592407,3.9710092721300905,2.0971760977653964,+5.3/-5.7
player_threes,qreg,top5%,best,2063,57.44062045564712,4.3023785860632096,-0.45497798464156125,1.7465980278191586,4.757356570704771,2.555780558244051,+8.9/-2.9
player_threes,qreg,top5%,second,2040,56.86274509803921,2.7839140564787623,-1.8885465167980662,0.3040257235196592,4.672460573276829,2.4798883329591033,+8.2/-4.5
player_threes,qreg,top5%,main,2054,57.30282375851996,3.8974068819489895,-0.8201033566954598,1.422663867863855,4.717510238644449,2.4747430140851345,+8.6/-3.0
player_threes,stack,top25%,cons,8505,56.08465608465608,-1.703014442459546,-3.261494952957101,-2.5010367943361995,1.5584805104975552,0.7980223518766536,+0.4/-3.5/+0.3
player_threes,stack,top25%,best,8525,56.31671554252199,1.2283955739040877,-0.45497798464156125,0.5032516359064275,1.6833735585456489,0.7251439379976602,+3.4/-0.8/+3.5
player_threes,stack,top25%,second,8048,55.76540755467197,-0.042462320794642086,-1.8885465167980662,-0.8567561421953485,1.846084196003424,0.8142938214007064,+2.9/-1.9/+1.8
player_threes,stack,top25%,main,8320,55.86538461538461,0.6807459260408695,-0.8201033566954598,0.1864344349232927,1.5008492827363291,0.4943114911175768,+3.3/-1.1/+2.5
player_threes,stack,top10%,cons,3401,55.748309320788,-3.507932222299595,-3.261494952957101,-2.3360431541644746,-0.24643726934249388,-1.1718890681351204,-2.6/-5.4/+1.8
player_threes,stack,top10%,best,3411,56.17121078862504,-0.6330924102617687,-0.45497798464156125,0.6451664184559303,-0.1781144256202074,-1.278258828717699,+0.4/-2.7/+4.9
player_threes,stack,top10%,second,3197,55.270566155771036,-1.788997411504178,-1.8885465167980662,-0.6677796255064609,0.09954910529388816,-1.1212177859977173,-0.4/-3.7/+3.5
player_threes,stack,top10%,main,3313,55.327497736190764,-1.264801724886124,-0.8201033566954598,0.36651486459271126,-0.44469836819066433,-1.6313165894788353,+0.2/-3.2/+3.7
player_threes,stack,top5%,cons,1702,56.58049353701527,-3.6673842669934142,-3.261494952957101,-2.160527385221824,-0.4058893140363131,-1.5068568817715904,-2.9/-5.5
player_threes,stack,top5%,best,1705,56.774193548387096,-1.4077621051642901,-0.45497798464156125,0.8085784705460218,-0.9527841205227289,-2.216340575710312,-0.1/-3.4
player_threes,stack,top5%,second,1603,55.895196506550214,-2.492507449999052,-1.8885465167980662,-0.4829337394472564,-0.6039609332009859,-2.0095737105517957,-0.6/-4.7
player_threes,stack,top5%,main,1657,55.944477972238985,-1.7719751391413705,-0.8201033566954598,0.5527448772575994,-0.9518717824459108,-2.32472001639897,+0.2/-3.7
player_threes,clf,top25%,cons,10291,53.8140122437081,-3.0742917124794844,-3.261494952957101,-2.886267827646666,0.18720324047761672,-0.1880238848328184,-3.0/-4.3/-1.6
player_threes,clf,top25%,best,10307,55.0984767633647,-0.13882383245888397,-0.45497798464156125,-0.01593267174099475,0.3161541521826773,-0.12289116071788922,-0.1/-1.5/+1.7
player_threes,clf,top25%,second,9857,54.032667140103484,-1.9115534892512271,-1.8885465167980662,-1.446339546605501,-0.023006972453160968,-0.46521394264572624,-1.3/-3.5/-0.6
player_threes,clf,top25%,main,10123,54.82564457176726,-0.6026520955636782,-0.8201033566954598,-0.3711659029774504,0.2174512611317816,-0.23148619258622777,-0.2/-1.9/+0.7
player_threes,clf,top10%,cons,4118,54.055366682855755,-1.7940436913701965,-3.261494952957101,-2.7449485018307285,1.4674512615869046,0.950904810460532,-0.8/-4.0/-0.8
player_threes,clf,top10%,best,4120,55.3883495145631,1.6832567071451723,-0.45497798464156125,0.13674715637080104,2.1382346917867334,1.5465095507743714,+2.6/-0.8/+4.1
player_threes,clf,top10%,second,4035,54.646840148698885,-0.07764383467304366,-1.8885465167980662,-1.3509463651424567,1.8109026821250225,1.273302530469413,+1.2/-2.3/-0.7
player_threes,clf,top10%,main,4084,55.28893241919687,1.352316584806601,-0.8201033566954598,-0.22769388516479933,2.172419941502061,1.5800104699714004,+2.5/-1.5/+3.5
player_threes,clf,top5%,cons,2058,53.98445092322643,-0.16365738257954027,-3.261494952957101,-2.7488939664961816,3.097837570377561,2.5852365839166414,+0.6/-0.5
player_threes,clf,top5%,best,2059,55.560951918407,3.265278700661347,-0.45497798464156125,0.1116929668517988,3.720256685302908,3.1535857338095483,+3.8/+2.3
player_threes,clf,top5%,second,2038,54.75956820412169,1.6130809519545954,-1.8885465167980662,-1.4067713883937474,3.5016274687526616,3.0198523403483426,+2.7/+0.1
player_threes,clf,top5%,main,2049,55.4904831625183,3.0841743905349963,-0.8201033566954598,-0.2643374758029551,3.904277747230456,3.3485118663379514,+3.8/+1.5
player_threes,resid,top25%,cons,10293,54.61964441853687,-3.564406206827174,-3.261494952957101,-3.415403186646332,-0.3029112538700729,-0.14900302018084188,-2.5/-5.5/-1.8
player_threes,resid,top25%,best,10315,55.50169655841009,-0.5629830318807805,-0.45497798464156125,-0.6397510155466615,-0.10800504723921922,0.076767983665881,+0.6/-2.7/+1.4
player_threes,resid,top25%,second,9916,55.0121016538927,-2.181269065561483,-1.8885465167980662,-2.145482048240377,-0.29272254876341663,-0.035787017321105896,-0.7/-4.3/-0.7
player_threes,resid,top25%,main,10146,55.26315789473685,-1.171872374011806,-0.8201033566954598,-1.0280178557930608,-0.35176901731634624,-0.14385451821874518,+0.4/-3.3/+0.0
player_threes,resid,top10%,cons,4116,55.63654033041788,-3.227805755344609,-3.261494952957101,-3.066942181689892,0.033689197612492006,-0.16086357365471704,-2.5/-5.6/+1.7
player_threes,resid,top10%,best,4122,56.234837457544884,-0.42342939231072974,-0.45497798464156125,-0.28179251860049026,0.031548592330831515,-0.14163687371023947,+0.4/-3.0/+4.6
player_threes,resid,top10%,second,4035,55.960346964064435,-1.8433660556835756,-1.8885465167980662,-1.800609697885876,0.04518046111449059,-0.042756357797699485,-0.8/-4.4/+0.9
player_threes,resid,top10%,main,4087,56.05578664056765,-0.895246334696621,-0.8201033566954598,-0.6636198824963232,-0.07514297800116121,-0.23162645220029776,+0.2/-3.6/+2.1
player_threes,resid,top5%,cons,2061,55.895196506550214,-2.0558593864292845,-3.261494952957101,-3.0294012412175895,1.2056355665278167,0.973541854788305,-0.8/-8.2
player_threes,resid,top5%,best,2064,56.6375968992248,0.8181636589904164,-0.45497798464156125,-0.2482930792041004,1.2731416436319778,1.066456738194517,+2.3/-6.2
player_threes,resid,top5%,second,2035,56.46191646191646,-0.41561410819576183,-1.8885465167980662,-1.7859958486665892,1.4729324086023043,1.3703817404708274,+1.1/-6.6
player_threes,resid,top5%,main,2052,56.57894736842105,0.4653716354574609,-0.8201033566954598,-0.6352904631994334,1.2854749921529207,1.1006620986568942,+2.1/-6.1
player_threes,mlp,top25%,cons,10299,54.02466258860083,-2.2206436095741005,-3.261494952957101,-2.732411999407535,1.0408513433830007,0.5117683898334344,-1.5/-4.2/-0.2
player_threes,mlp,top25%,best,10311,54.89283289690622,0.6038738261276391,-0.45497798464156125,0.21710901868143453,1.0588518107692004,0.38676480744620456,+1.5/-1.5/+2.4
player_threes,mlp,top25%,second,9841,54.23229346611117,-0.6342141503011438,-1.8885465167980662,-1.2033326162545892,1.2543323664969224,0.5691184659534454,+0.5/-3.0/+1.5
player_threes,mlp,top25%,main,10091,54.741849172529975,0.2342665706986467,-0.8201033566954598,-0.11304944015738153,1.0543699273941065,0.34731601085602826,+1.6/-1.8/+1.6
player_threes,mlp,top10%,cons,4120,53.61650485436893,-2.2741477408455415,-3.261494952957101,-2.4699954430930124,0.9873472121115596,0.19584770224747095,+0.4/-3.7/-5.0
player_threes,mlp,top10%,best,4123,54.66893039049236,1.0089701135095508,-0.45497798464156125,0.5155892481620793,1.463948098151112,0.4933808653474715,+3.7/-0.3/-2.2
player_threes,mlp,top10%,second,3968,53.85584677419355,-0.6502877019586102,-1.8885465167980662,-0.918085320286454,1.238258814839456,0.26779761832784377,+2.6/-2.3/-4.7
player_threes,mlp,top10%,main,4049,54.55668066189182,0.6944170319671894,-0.8201033566954598,0.19597470125764915,1.5145203886626493,0.49844233070954025,+3.8/-0.9/-3.1
player_threes,mlp,top5%,cons,2063,53.6597188560349,-0.9834718889133824,-3.261494952957101,-2.3081695604040897,2.278023064043719,1.3246976714907073,+2.4/-6.1/+0.9
player_threes,mlp,top5%,best,2060,54.80582524271844,2.129091273233729,-0.45497798464156125,0.71617614632462,2.58406925787529,1.412915126909109,+5.7/-3.1/+3.6
player_threes,mlp,top5%,second,1998,54.25425425425425,1.0957030085352686,-1.8885465167980662,-0.7351340340619809,2.9842495253333348,1.8308370425972496,+4.4/-3.6/+1.5
player_threes,mlp,top5%,main,2033,54.50073782587309,1.5115487534485015,-0.8201033566954598,0.4049204149537153,2.331652110143961,1.1066283384947861,+5.6/-4.3/+2.4
