sport,season,week,market,away,home,raw_nums,away_open,home_open,away_close,away_price,home_close,home_price,bets_away,bets_home,money_away,money_home,tickets,away_move,home_move,money_minus_bets_away
cfb,2026,1,spread,Duquesne,Air Force,+23.5|-23.5|+31.5|-110|-31.5|-105,23.5,-23.5,31.5,-110.0,-31.5,-105.0,90.0,10.0,7.0,93.0,3705.0,8.0,-8.0,-83.0
cfb,2026,1,spread,Ab Christian,Texas Tech,+41.5|-41.5|+44.5|-110|-44.5|-110,41.5,-41.5,44.5,-110.0,-44.5,-110.0,98.0,2.0,19.0,81.0,6830.0,3.0,-3.0,-79.0
cfb,2026,1,spread,Morgan State,Arizona St,+42.5|-42.5|+43.5|-105|-43.5|-110,42.5,-42.5,43.5,-105.0,-43.5,-110.0,98.0,2.0,24.0,76.0,2589.0,1.0,-1.0,-74.0
cfb,2026,1,spread,Long Island,Kansas,+40.5|-40.5|+44.5|-105|-43.5|-110,40.5,-40.5,44.5,-105.0,-43.5,-110.0,86.0,14.0,24.0,76.0,8295.0,4.0,-3.0,-62.0
cfb,2026,1,spread,UNH,Syracuse,+27.5|-27.5|+35.5|-110|-35.5|-104,27.5,-27.5,35.5,-110.0,-35.5,-104.0,94.0,6.0,37.0,63.0,5114.0,8.0,-8.0,-57.0
cfb,2026,1,spread,N Alabama,Arkansas,+40.5|-40.5|+40.5|-106|-40.5|-110,40.5,-40.5,40.5,-106.0,-40.5,-110.0,98.0,2.0,44.0,56.0,3190.0,0.0,0.0,-54.0
cfb,2026,1,spread,San Jose St,USC,+35.5|-35.5|+38.5|-110|-37.5|-110,35.5,-35.5,38.5,-110.0,-37.5,-110.0,75.0,25.0,23.0,77.0,46498.0,3.0,-2.0,-52.0
cfb,2026,1,spread,Texas St,Texas,+30.5|-30.5|+30.5|-110|-29.5|-110,30.5,-30.5,30.5,-110.0,-29.5,-110.0,86.0,14.0,39.0,61.0,33851.0,0.0,1.0,-47.0
cfb,2026,1,spread,Idaho,Utah,+35.5|-35.5|+37.5|-110|-38.5|-102,35.5,-35.5,37.5,-110.0,-38.5,-102.0,75.0,25.0,29.0,71.0,12056.0,2.0,-3.0,-46.0
cfb,2026,1,spread,Ohio,Nebraska,+23.5|-23.5|+23.5|-102|-24.5|-105,23.5,-23.5,23.5,-102.0,-24.5,-105.0,73.0,27.0,29.0,71.0,15615.0,0.0,-1.0,-44.0
cfb,2026,1,spread,TN State,Georgia,+48.5|-48.5|+49|-110|-49.5|+102,48.5,-48.5,49.0,-110.0,-49.5,102.0,96.0,4.0,53.0,47.0,16216.0,0.5,-1.0,-43.0
cfb,2026,1,spread,Lafayette,UConn,+21.5|-21.5|+21.5|-115|-21.5|-104,21.5,-21.5,21.5,-115.0,-21.5,-104.0,46.0,54.0,5.0,95.0,5871.0,0.0,0.0,-41.0
cfb,2026,1,spread,Coastal Car,West Virginia,+17.5|-17.5|+21|-105|-21.5|-105,17.5,-17.5,21.0,-105.0,-21.5,-105.0,66.0,34.0,26.0,74.0,37643.0,3.5,-4.0,-40.0
cfb,2026,1,spread,Akron,Wake Forest,+22.5|-22.5|+27.5|-105|-23.5|-115,22.5,-22.5,27.5,-105.0,-23.5,-115.0,55.0,45.0,17.0,83.0,21068.0,5.0,-1.0,-38.0
cfb,2026,1,spread,AR-Pine Bluff,Missouri,+50.5|-50.5|+55.5|+105|-55.5|-112,50.5,-50.5,55.5,105.0,-55.5,-112.0,70.0,30.0,32.0,68.0,9092.0,5.0,-5.0,-38.0
cfb,2026,1,spread,SE Missouri,Iowa State,+30.5|-30.5|+29.5|-102|-30.5|-110,30.5,-30.5,29.5,-102.0,-30.5,-110.0,90.0,10.0,52.0,48.0,3655.0,-1.0,0.0,-38.0
cfb,2026,1,spread,E. Kentucky,Jax State,+20.5|-20.5|+22.5|-105|-22.5|-110,20.5,-20.5,22.5,-105.0,-22.5,-110.0,37.0,63.0,2.0,98.0,4725.0,2.0,-2.0,-35.0
cfb,2026,1,spread,B-Cookman,UCF,+38.5|-38.5|+42.5|-105|-43.5|-105,38.5,-38.5,42.5,-105.0,-43.5,-105.0,90.0,10.0,60.0,40.0,6194.0,4.0,-5.0,-30.0
cfb,2026,1,spread,E. Carolina,Alabama,+25.5|-25.5|+27.5|+100|-28.5|+100,25.5,-25.5,27.5,100.0,-28.5,100.0,56.0,44.0,27.0,73.0,34926.0,2.0,-3.0,-29.0
cfb,2026,1,spread,Charleston So,GA Southern,+26.5|-26.5|+28.5|-110|-28.5|-105,26.5,-26.5,28.5,-110.0,-28.5,-105.0,76.0,24.0,47.0,53.0,1549.0,2.0,-2.0,-29.0
cfb,2026,1,spread,Wyoming,Colorado St,+4|-4|+3.5|-115|-2.5|-108,4.0,-4.0,3.5,-115.0,-2.5,-108.0,44.0,56.0,72.0,28.0,21613.0,-0.5,1.5,28.0
cfb,2026,1,spread,Boston Col,Cincinnati,+9.5|-9.5|+7.5|-110|-7.5|+100,9.5,-9.5,7.5,-110.0,-7.5,100.0,41.0,59.0,68.0,32.0,24390.0,-2.0,2.0,27.0
cfb,2026,1,spread,Fordham,ND State,+35.5|-35.5|+40.5|-105|-41.5|-105,35.5,-35.5,40.5,-105.0,-41.5,-105.0,98.0,2.0,71.0,29.0,2660.0,5.0,-6.0,-27.0
cfb,2026,1,spread,Tulane,Duke,+8.5|-8.5|+9.5|-110|-9.5|-110,8.5,-8.5,9.5,-110.0,-9.5,-110.0,35.0,65.0,62.0,38.0,24248.0,1.0,-1.0,27.0
cfb,2026,1,spread,FL Atlantic,Florida,+26|-26|+26.5|-105|-25.5|-110,26.0,-26.0,26.5,-105.0,-25.5,-110.0,56.0,44.0,30.0,70.0,11652.0,0.5,0.5,-26.0
cfb,2026,1,spread,C. Michigan,New Mexico,+12.5|-12.5|+11.5|-110|-11.5|-105,12.5,-12.5,11.5,-110.0,-11.5,-105.0,46.0,54.0,70.0,30.0,18281.0,-1.0,1.0,24.0
cfb,2026,1,spread,Boise State,Oregon,+24.5|-24.5|+24.5|-102|-24.5|-110,24.5,-24.5,24.5,-102.0,-24.5,-110.0,48.0,52.0,25.0,75.0,46190.0,0.0,0.0,-23.0
cfb,2026,1,spread,N. Illinois,Iowa,+29.5|-29.5|+30.5|-105|-31.5|-105,29.5,-29.5,30.5,-105.0,-31.5,-105.0,97.0,3.0,74.0,26.0,17720.0,1.0,-2.0,-23.0
cfb,2026,1,spread,Indiana St,Purdue,+32.5|-32.5|+35|-105|-35.5|-102,32.5,-32.5,35.0,-105.0,-35.5,-102.0,94.0,6.0,73.0,27.0,7088.0,2.5,-3.0,-21.0
cfb,2026,1,spread,Nicholls St,K State,+41.5|-41.5|+41.5|-110|-41.5|-105,41.5,-41.5,41.5,-110.0,-41.5,-105.0,98.0,2.0,78.0,22.0,2019.0,0.0,0.0,-20.0
cfb,2026,1,spread,Merrimack,Delaware,+30.5|-30.5|+31.5|-108|-31.5|-110,30.5,-30.5,31.5,-108.0,-31.5,-110.0,93.0,7.0,74.0,26.0,4200.0,1.0,-1.0,-19.0
cfb,2026,1,spread,Hawaii,Stanford,+3|-3|+4.5|-105|-4|-105,3.0,-3.0,4.5,-105.0,-4.0,-105.0,52.0,48.0,70.0,30.0,45852.0,1.5,-1.0,18.0
cfb,2026,1,spread,Marshall,Penn State,+23.5|-23.5|+23.5|-110|-23.5|-108,23.5,-23.5,23.5,-110.0,-23.5,-108.0,47.0,53.0,65.0,35.0,24269.0,0.0,0.0,18.0
cfb,2026,1,spread,North Texas,Indiana,+40.5|-40.5|+39.5|+100|-39.5|-110,40.5,-40.5,39.5,100.0,-39.5,-110.0,95.0,5.0,78.0,22.0,28479.0,-1.0,1.0,-17.0
cfb,2026,1,spread,Kent State,S. Carolina,+33.5|-33.5|+35.5|-105|-35.5|-105,33.5,-33.5,35.5,-105.0,-35.5,-105.0,96.0,4.0,79.0,21.0,14994.0,2.0,-2.0,-17.0
cfb,2026,1,spread,LA-Monroe,Mississippi St,+28.5|-28.5|+28.5|-110|-28.5|-105,28.5,-28.5,28.5,-110.0,-28.5,-105.0,96.0,4.0,80.0,20.0,10698.0,0.0,0.0,-16.0
cfb,2026,1,spread,W. Kentucky,Nevada,-4.5|+4.5|-1.5|-102|+2.5|-105,-4.5,4.5,-1.5,-102.0,2.5,-105.0,74.0,26.0,58.0,42.0,18402.0,3.0,-2.0,-16.0
cfb,2026,1,spread,Alcorn State,Southern Miss,+23.5|-23.5|+20.5|-110|-20.5|-105,23.5,-23.5,20.5,-110.0,-20.5,-105.0,56.0,44.0,71.0,29.0,2145.0,-3.0,3.0,15.0
cfb,2026,1,spread,Houston Christian,Rice,+21.5|-21.5|+22.5|-110|-22.5|-110,21.5,-21.5,22.5,-110.0,-22.5,-110.0,54.0,46.0,39.0,61.0,1555.0,1.0,-1.0,-15.0
cfb,2026,1,spread,SD State,Northwestern,+15.5|-15.5|+13.5|-105|-14|+100,15.5,-15.5,13.5,-105.0,-14.0,100.0,53.0,47.0,68.0,32.0,10607.0,-2.0,1.5,15.0
cfb,2026,1,spread,Clemson,LSU,+11|-11|+10|-102|-10|-105,11.0,-11.0,10.0,-102.0,-10.0,-105.0,52.0,48.0,37.0,63.0,87504.0,-1.0,1.0,-15.0
cfb,2026,1,spread,NC State,Virginia,+3.5|-3.5|+4.5|-118|-3.5|-115,3.5,-3.5,4.5,-118.0,-3.5,-115.0,65.0,35.0,79.0,21.0,58938.0,1.0,0.0,14.0
cfb,2026,1,spread,N. Mexico St,Florida St,+28.5|-28.5|+30.5|-105|-31.5|-102,28.5,-28.5,30.5,-105.0,-31.5,-102.0,90.0,10.0,76.0,24.0,33821.0,2.0,-3.0,-14.0
cfb,2026,1,spread,Rio Grande Valley,UTSA,+27.5|-27.5|+28.5|-114|-28.5|+100,27.5,-27.5,28.5,-114.0,-28.5,100.0,96.0,4.0,82.0,18.0,2322.0,1.0,-1.0,-14.0
cfb,2026,1,spread,Maine,App State,+22.5|-22.5|+20.5|+105|-21|-108,22.5,-22.5,20.5,105.0,-21.0,-108.0,35.0,65.0,21.0,79.0,2398.0,-2.0,1.5,-14.0
cfb,2026,1,spread,NW State,LA Tech,+40.5|-40.5|+44.5|-105|-45|-105,40.5,-40.5,44.5,-105.0,-45.0,-105.0,99.0,1.0,88.0,12.0,1746.0,4.0,-4.5,-11.0
cfb,2026,1,spread,MS Valley St,Sac State,+32.5|-32.5|+38.5|-110|-38.5|-102,32.5,-32.5,38.5,-110.0,-38.5,-102.0,99.0,1.0,88.0,12.0,1782.0,6.0,-6.0,-11.0
cfb,2026,1,spread,San Jose St,E. Michigan,+3.5|-3.5|+4.5|-105|-1.5|+100,3.5,-3.5,4.5,-105.0,-1.5,100.0,67.0,33.0,57.0,43.0,37885.0,1.0,2.0,-10.0
cfb,2026,1,spread,N. Arizona,Arizona,+29.5|-29.5|+33.5|-110|-32.5|-110,29.5,-29.5,33.5,-110.0,-32.5,-110.0,94.0,6.0,84.0,16.0,2796.0,4.0,-3.0,-10.0
cfb,2026,1,spread,UAB,Illinois,+27.5|-27.5|+28.5|-110|-25.5|-105,27.5,-27.5,28.5,-110.0,-25.5,-105.0,75.0,25.0,84.0,16.0,18660.0,1.0,2.0,9.0
cfb,2026,1,spread,UTEP,Oklahoma,+40.5|-40.5|+41.5|-105|-40.5|-110,40.5,-40.5,41.5,-105.0,-40.5,-110.0,90.0,10.0,81.0,19.0,29711.0,1.0,0.0,-9.0
cfb,2026,1,spread,Tarleton,Bowling Green,+1.5|-1.5|+2.5|-110|-1.5|-120,1.5,-1.5,2.5,-110.0,-1.5,-120.0,37.0,63.0,28.0,72.0,7982.0,1.0,0.0,-9.0
cfb,2026,1,spread,Idaho State,Utah State,+23.5|-23.5|+15.5|-105|-15.5|-110,23.5,-23.5,15.5,-105.0,-15.5,-110.0,18.0,82.0,27.0,73.0,3352.0,-8.0,8.0,9.0
cfb,2026,1,spread,W. Michigan,Michigan,+26.5|-26.5|+27.5|-105|-27.5|-110,26.5,-26.5,27.5,-105.0,-27.5,-110.0,88.0,12.0,80.0,20.0,24496.0,1.0,-1.0,-8.0
cfb,2026,1,spread,E. Illinois,Minnesota,+43.5|-43.5|+42.5|-105|-38.5|-105,43.5,-43.5,42.5,-105.0,-38.5,-105.0,60.0,40.0,52.0,48.0,5957.0,-1.0,5.0,-8.0
cfb,2026,1,spread,Oregon St,Houston,+18.5|-18.5|+20.5|-104|-21|-105,18.5,-18.5,20.5,-104.0,-21.0,-105.0,57.0,43.0,49.0,51.0,22017.0,2.0,-2.5,-8.0
cfb,2026,1,spread,Ball State,Ohio State,+49.5|-49.5|+50.5|-110|-50.5|-108,49.5,-49.5,50.5,-110.0,-50.5,-108.0,96.0,4.0,88.0,12.0,18559.0,1.0,-1.0,-8.0
cfb,2026,1,spread,Baylor,Auburn,+6.5|-7.5|+6.5|+100|-7|-105,6.5,-7.5,6.5,100.0,-7.0,-105.0,35.0,65.0,27.0,73.0,61558.0,0.0,0.5,-8.0
cfb,2026,1,spread,Towson,Navy,+30.5|-30.5|+31.5|-105|-31.5|-104,30.5,-30.5,31.5,-105.0,-31.5,-104.0,97.0,3.0,89.0,11.0,5841.0,1.0,-1.0,-8.0
cfb,2026,1,spread,Arkansas St,Memphis,+10.5|-10.5|+10.5|-108|-8.5|-115,10.5,-10.5,10.5,-108.0,-8.5,-115.0,27.0,73.0,35.0,65.0,30433.0,0.0,2.0,8.0
cfb,2026,1,spread,Austin Peay,Vanderbilt,+35.5|-35.5|+28.5|-105|-29.5|-108,35.5,-35.5,28.5,-105.0,-29.5,-108.0,93.0,7.0,85.0,15.0,5492.0,-7.0,6.0,-8.0
cfb,2026,1,spread,SE Louisiana,S. Alabama,+14.5|-14.5|+13.5|+100|-13.5|-110,14.5,-14.5,13.5,100.0,-13.5,-110.0,25.0,75.0,17.0,83.0,1873.0,-1.0,1.0,-8.0
cfb,2026,1,spread,UCLA,California,+3.5|-3.5|-1.5|-110|+2.5|-105,3.5,-3.5,-1.5,-110.0,2.5,-105.0,58.0,42.0,50.0,50.0,39758.0,-5.0,6.0,-8.0
cfb,2026,1,spread,UNC,TCU,+7.5|-7.5|+7.5|-105|-7.5|-102,7.5,-7.5,7.5,-105.0,-7.5,-102.0,47.0,53.0,54.0,46.0,82364.0,0.0,0.0,7.0
cfb,2026,1,spread,West Georgia,Kennesaw St,+21.5|-21.5|+21.5|-105|-21.5|-110,21.5,-21.5,21.5,-105.0,-21.5,-110.0,86.0,14.0,93.0,7.0,7845.0,0.0,0.0,7.0
cfb,2026,1,spread,Miami (FL),Stanford,-21.5|+21.5|-24.5|-105|+24.5|-110,-21.5,21.5,-24.5,-105.0,24.5,-110.0,65.0,35.0,72.0,28.0,57060.0,-3.0,3.0,7.0
cfb,2026,1,spread,Fresno State,USC,+23.5|-23.5|+22.5|-105|-21.5|-110,23.5,-23.5,22.5,-105.0,-21.5,-110.0,36.0,64.0,43.0,57.0,38092.0,-1.0,2.0,7.0
cfb,2026,1,spread,NC A&T,Georgia State,+26.5|-26.5|+28.5|-110|-28.5|-105,26.5,-26.5,28.5,-110.0,-28.5,-105.0,93.0,7.0,87.0,13.0,5169.0,2.0,-2.0,-6.0
cfb,2026,1,spread,Toledo,Michigan St,+10.5|-10.5|+10|-110|-9.5|-110,10.5,-10.5,10.0,-110.0,-9.5,-110.0,40.0,60.0,46.0,54.0,39278.0,-0.5,1.0,6.0
cfb,2026,1,spread,Youngstown St,Kentucky,+27.5|-27.5|+22.5|-110|-21.5|-110,27.5,-27.5,22.5,-110.0,-21.5,-110.0,61.0,39.0,55.0,45.0,6553.0,-5.0,6.0,-6.0
cfb,2026,1,spread,Rhode Island,Temple,+12.5|-12.5|+14.5|-110|-14.5|-110,12.5,-12.5,14.5,-110.0,-14.5,-110.0,61.0,39.0,55.0,45.0,6119.0,2.0,-2.0,-6.0
cfb,2026,1,spread,Hampton,Maryland,+41.5|-41.5|+45.5|-105|-45.5|-110,41.5,-41.5,45.5,-105.0,-45.5,-110.0,99.0,1.0,93.0,7.0,1787.0,4.0,-4.0,-6.0
cfb,2026,1,spread,Colorado,GA Tech,+7|-7|+6.5|-105|-6.5|-110,7.0,-7.0,6.5,-105.0,-6.5,-110.0,36.0,64.0,31.0,69.0,72691.0,-0.5,0.5,-5.0
cfb,2026,1,spread,Bryant U,Army,+37.5|-37.5|+36.5|+100|-36.5|-110,37.5,-37.5,36.5,100.0,-36.5,-110.0,96.0,4.0,91.0,9.0,3019.0,-1.0,1.0,-5.0
cfb,2026,1,spread,Citadel,Charlotte,+17.5|-17.5|+20.5|-110|-20.5|-105,17.5,-17.5,20.5,-110.0,-20.5,-105.0,50.0,50.0,55.0,45.0,3529.0,3.0,-3.0,5.0
cfb,2026,1,spread,Furman,Tennessee,+47.5|-47.5|+49.5|-110|-49.5|-105,47.5,-47.5,49.5,-110.0,-49.5,-105.0,93.0,7.0,88.0,12.0,6043.0,2.0,-2.0,-5.0
cfb,2026,1,spread,SMU,Florida St,-2.5|+2.5|-2.5|-110|+3|-105,-2.5,2.5,-2.5,-110.0,3.0,-105.0,64.0,36.0,69.0,31.0,85838.0,0.0,0.5,5.0
cfb,2026,1,spread,Jax State,ND State,+10|-10|+6.5|+100|-7|-105,10.0,-10.0,6.5,100.0,-7.0,-105.0,44.0,56.0,48.0,52.0,34608.0,-3.5,3.0,4.0
cfb,2026,1,spread,VMI,VA Tech,+47.5|-47.5|+54.5|-105|-54.5|-108,47.5,-47.5,54.5,-105.0,-54.5,-108.0,99.0,1.0,95.0,5.0,5513.0,7.0,-7.0,-4.0
cfb,2026,1,spread,Portland State,San Diego St,+40.5|-40.5|+38.5|-104|-38.5|-105,40.5,-40.5,38.5,-104.0,-38.5,-105.0,98.0,2.0,94.0,6.0,2302.0,-2.0,2.0,-4.0
cfb,2026,1,spread,Wisconsin,Notre Dame,+17.5|-17.5|+21|-102|-11.5|-115,17.5,-17.5,21.0,-102.0,-11.5,-115.0,29.0,71.0,25.0,75.0,78769.0,3.5,6.0,-4.0
cfb,2026,1,spread,Sac State,E. Michigan,+8.5|-8.5|+9.5|+100|-9.5|-105,8.5,-8.5,9.5,100.0,-9.5,-105.0,31.0,69.0,28.0,72.0,19200.0,1.0,-1.0,-3.0
cfb,2026,1,spread,Liberty,JMU,+6|-6|+6.5|-110|-6|-110,6.0,-6.0,6.5,-110.0,-6.0,-110.0,36.0,64.0,39.0,61.0,33023.0,0.5,0.0,3.0
cfb,2026,1,spread,Missouri St,Texas A&M,+38.5|-38.5|+38.5|-108|-39.5|-105,38.5,-38.5,38.5,-108.0,-39.5,-105.0,97.0,3.0,94.0,6.0,12737.0,0.0,-1.0,-3.0
cfb,2026,1,spread,Murray State,Middle Tenn,+25.5|-25.5|+22.5|-110|-23.5|-105,25.5,-25.5,22.5,-110.0,-23.5,-105.0,54.0,46.0,57.0,43.0,3120.0,-3.0,2.0,3.0
cfb,2026,1,spread,Washington St,Washington,+21.5|-21.5|+23.5|-104|-24.5|-105,21.5,-21.5,23.5,-104.0,-24.5,-105.0,73.0,27.0,70.0,30.0,34603.0,2.0,-3.0,-3.0
cfb,2026,1,spread,Albany,Buffalo,+27.5|-27.5|+18.5|-110|-18.5|-108,27.5,-27.5,18.5,-110.0,-18.5,-108.0,87.0,13.0,85.0,15.0,5710.0,-9.0,9.0,-2.0
cfb,2026,1,spread,OK State,Tulsa,-11.5|+11.5|-14.5|+100|+13.5|-110,-11.5,11.5,-14.5,100.0,13.5,-110.0,64.0,36.0,66.0,34.0,31362.0,-3.0,2.0,2.0
cfb,2026,1,spread,Sam Houston,Troy,+17.5|-17.5|+16.5|-105|-15.5|-110,17.5,-17.5,16.5,-105.0,-15.5,-110.0,69.0,31.0,71.0,29.0,7128.0,-1.0,2.0,2.0
cfb,2026,1,spread,UMass,Rutgers,+30.5|-30.5|+29.5|-105|-29.5|-110,30.5,-30.5,29.5,-105.0,-29.5,-110.0,88.0,12.0,87.0,13.0,24264.0,-1.0,1.0,-1.0
cfb,2026,1,spread,Norfolk State,Old Dominion,+41.5|-41.5|+41.5|-108|-41.5|-110,41.5,-41.5,41.5,-108.0,-41.5,-110.0,99.0,1.0,98.0,2.0,2256.0,0.0,0.0,-1.0
cfb,2026,1,spread,Utah Tech,BYU,+47.5|-47.5|+50.5|-105|-50.5|-110,47.5,-47.5,50.5,-105.0,-50.5,-110.0,98.0,2.0,97.0,3.0,5462.0,3.0,-3.0,-1.0
cfb,2026,1,spread,Lamar,Louisiana,+17.5|-17.5|+20.5|-105|-20.5|-105,17.5,-17.5,20.5,-105.0,-20.5,-105.0,42.0,58.0,41.0,59.0,1539.0,3.0,-3.0,-1.0
cfb,2026,1,spread,Mercyhurst,N. Mexico St,+23.5|-23.5|+35.5|-120|-29.5|-108,23.5,-23.5,35.5,-120.0,-29.5,-108.0,95.0,5.0,94.0,6.0,2347.0,12.0,-6.0,-1.0
cfb,2026,1,spread,UNLV,Hawaii,-1.5|+1.5|-2|-110|+3.5|-120,-1.5,1.5,-2.0,-110.0,3.5,-120.0,72.0,28.0,73.0,27.0,25940.0,-0.5,2.0,1.0
cfb,2026,1,spread,Louisville,Ole Miss,+7.5|-8.5|+6.5|+100|-6.5|-112,7.5,-8.5,6.5,100.0,-6.5,-112.0,27.0,73.0,28.0,72.0,88004.0,-1.0,2.0,1.0
cfb,2026,1,spread,Memphis,UNLV,+3|-3|+4.5|-105|-4.5|-110,3.0,-3.0,4.5,-105.0,-4.5,-110.0,53.0,47.0,53.0,47.0,49573.0,1.5,-1.5,0.0
cfb,2026,1,spread,Miami (OH),Pittsburgh,+16.5|-16.5|+16.5|-105|-16.5|-108,16.5,-16.5,16.5,-105.0,-16.5,-108.0,53.0,47.0,53.0,47.0,13167.0,0.0,0.0,0.0
cfb,2026,1,spread,FIU,S. Florida,+12.5|-12.5|+14.5|-108|-13.5|-110,12.5,-12.5,14.5,-108.0,-13.5,-110.0,28.0,72.0,28.0,72.0,11319.0,2.0,-1.0,0.0
cfb,2026,1,total,UNC,TCU,o49.5|u50.5|o46.5|-105|u51.5|-115,49.5,50.5,46.5,-105.0,51.5,-115.0,80.0,20.0,13.0,87.0,82364.0,-3.0,1.0,-67.0
cfb,2026,1,total,Idaho,Utah,o56.5|u56.5|o59.5|-110|u60.5|-102,56.5,56.5,59.5,-110.0,60.5,-102.0,14.0,86.0,81.0,19.0,12056.0,3.0,4.0,67.0
cfb,2026,1,total,San Jose St,USC,o55.5|u55.5|o61.5|-105|u61.5|-110,55.5,55.5,61.5,-105.0,61.5,-110.0,14.0,86.0,66.0,34.0,46498.0,6.0,6.0,52.0
cfb,2026,1,total,Miami (FL),Stanford,o48.5|u48.5|o46.5|-110|u46.5|-105,48.5,48.5,46.5,-110.0,46.5,-105.0,31.0,69.0,82.0,18.0,57060.0,-2.0,-2.0,51.0
cfb,2026,1,total,North Texas,Indiana,o54.5|u54.5|o56.5|-110|u57.5|-108,54.5,54.5,56.5,-110.0,57.5,-108.0,20.0,80.0,69.0,31.0,28479.0,2.0,3.0,49.0
cfb,2026,1,total,Norfolk State,Old Dominion,o56.5|u56.5|o52.5|-105|u52.5|-105,56.5,56.5,52.5,-105.0,52.5,-105.0,46.0,54.0,92.0,8.0,2256.0,-4.0,-4.0,46.0
cfb,2026,1,total,FL Atlantic,Florida,o58.5|u58.5|o59.5|-106|u59.5|-110,58.5,58.5,59.5,-106.0,59.5,-110.0,4.0,96.0,48.0,52.0,11652.0,1.0,1.0,44.0
cfb,2026,1,total,N. Mexico St,Florida St,o52.5|u52.5|o53.5|-110|u54.5|-114,52.5,52.5,53.5,-110.0,54.5,-114.0,21.0,79.0,60.0,40.0,33821.0,1.0,2.0,39.0
cfb,2026,1,total,Mercyhurst,N. Mexico St,o49.5|u49.5|o52.5|-105|u52.5|-110,49.5,49.5,52.5,-105.0,52.5,-110.0,51.0,49.0,13.0,87.0,2347.0,3.0,3.0,-38.0
cfb,2026,1,total,Long Island,Kansas,o52.5|u52.5|o56.5|-110|u57.5|-110,52.5,52.5,56.5,-110.0,57.5,-110.0,31.0,69.0,67.0,33.0,8295.0,4.0,5.0,36.0
cfb,2026,1,total,San Jose St,E. Michigan,o54.5|u54.5|o54.5|-115|u55.5|-110,54.5,54.5,54.5,-115.0,55.5,-110.0,17.0,83.0,49.0,51.0,37885.0,0.0,1.0,32.0
cfb,2026,1,total,Oregon St,Houston,o50.5|u50.5|o50.5|-110|u50.5|-105,50.5,50.5,50.5,-110.0,50.5,-105.0,31.0,69.0,63.0,37.0,22017.0,0.0,0.0,32.0
cfb,2026,1,total,NW State,LA Tech,o51.5|u51.5|o56.5|-110|u57.5|-110,51.5,51.5,56.5,-110.0,57.5,-110.0,56.0,44.0,87.0,13.0,1746.0,5.0,6.0,31.0
cfb,2026,1,total,West Georgia,Kennesaw St,o53.5|u53.5|o49.5|-110|u50.5|-110,53.5,53.5,49.5,-110.0,50.5,-110.0,54.0,46.0,26.0,74.0,7845.0,-4.0,-3.0,-28.0
cfb,2026,1,total,Fresno State,USC,o49.5|u49.5|o51.5|-102|u51.5|-105,49.5,49.5,51.5,-102.0,51.5,-105.0,51.0,49.0,77.0,23.0,38092.0,2.0,2.0,26.0
cfb,2026,1,total,Washington St,Washington,o47.5|u47.5|o51.5|-110|u51.5|-105,47.5,47.5,51.5,-110.0,51.5,-105.0,67.0,33.0,93.0,7.0,34603.0,4.0,4.0,26.0
cfb,2026,1,total,Citadel,Charlotte,o45.5|u45.5|o48.5|-106|u49.5|-112,45.5,45.5,48.5,-106.0,49.5,-112.0,61.0,39.0,86.0,14.0,3529.0,3.0,4.0,25.0
cfb,2026,1,total,LA-Monroe,Mississippi St,o53.5|u53.5|o54.5|-105|u54.5|-110,53.5,53.5,54.5,-105.0,54.5,-110.0,12.0,88.0,37.0,63.0,10698.0,1.0,1.0,25.0
cfb,2026,1,total,Sac State,E. Michigan,o53.5|u53.5|o52.5|-108|u52.5|-105,53.5,53.5,52.5,-108.0,52.5,-105.0,17.0,83.0,41.0,59.0,19200.0,-1.0,-1.0,24.0
cfb,2026,1,total,Texas St,Texas,o60.5|u60.5|o60.5|-110|u61.5|-110,60.5,60.5,60.5,-110.0,61.5,-110.0,12.0,88.0,35.0,65.0,33851.0,0.0,1.0,23.0
cfb,2026,1,total,Louisville,Ole Miss,o53.5|u52.5|o54.5|-105|u55.5|-110,53.5,52.5,54.5,-105.0,55.5,-110.0,71.0,29.0,50.0,50.0,88004.0,1.0,3.0,-21.0
cfb,2026,1,total,Rio Grande Valley,UTSA,o57.5|u57.5|o59.5|-108|u60.5|-112,57.5,57.5,59.5,-108.0,60.5,-112.0,10.0,90.0,29.0,71.0,2322.0,2.0,3.0,19.0
cfb,2026,1,total,B-Cookman,UCF,o55.5|u55.5|o55.5|-120|u58.5|-105,55.5,55.5,55.5,-120.0,58.5,-105.0,18.0,82.0,36.0,64.0,6194.0,0.0,3.0,18.0
cfb,2026,1,total,E. Illinois,Minnesota,o51.5|u51.5|o51.5|-115|u53.5|-105,51.5,51.5,51.5,-115.0,53.5,-105.0,50.0,50.0,67.0,33.0,5957.0,0.0,2.0,17.0
cfb,2026,1,total,Fordham,ND State,o58.5|u58.5|o54.5|-105|u54.5|-102,58.5,58.5,54.5,-105.0,54.5,-102.0,25.0,75.0,8.0,92.0,2660.0,-4.0,-4.0,-17.0
cfb,2026,1,total,MS Valley St,Sac State,o55.5|u55.5|o56.5|+100|u56.5|+100,55.5,55.5,56.5,100.0,56.5,100.0,29.0,71.0,12.0,88.0,1782.0,1.0,1.0,-17.0
cfb,2026,1,total,W. Michigan,Michigan,o46.5|u46.5|o49|-110|u50.5|-102,46.5,46.5,49.0,-110.0,50.5,-102.0,68.0,32.0,52.0,48.0,24496.0,2.5,4.0,-16.0
cfb,2026,1,total,Duquesne,Air Force,o53.5|u53.5|o55.5|-106|u55.5|-105,53.5,53.5,55.5,-106.0,55.5,-105.0,32.0,68.0,16.0,84.0,3705.0,2.0,2.0,-16.0
cfb,2026,1,total,Nicholls St,K State,o52.5|u52.5|o55.5|-102|u55.5|-108,52.5,52.5,55.5,-102.0,55.5,-108.0,74.0,26.0,90.0,10.0,2019.0,3.0,3.0,16.0
cfb,2026,1,total,AR-Pine Bluff,Missouri,o58.5|u58.5|o62|-105|u62.5|-110,58.5,58.5,62.0,-105.0,62.5,-110.0,45.0,55.0,60.0,40.0,9092.0,3.5,4.0,15.0
cfb,2026,1,total,UTEP,Oklahoma,o51.5|u51.5|o51.5|-105|u51.5|-105,51.5,51.5,51.5,-105.0,51.5,-105.0,38.0,62.0,53.0,47.0,29711.0,0.0,0.0,15.0
cfb,2026,1,total,Kent State,S. Carolina,o51.5|u51.5|o53.5|-108|u53.5|-110,51.5,51.5,53.5,-108.0,53.5,-110.0,28.0,72.0,43.0,57.0,14994.0,2.0,2.0,15.0
cfb,2026,1,total,Colorado,GA Tech,o53.5|u53.5|o52.5|-110|u53.5|-112,53.5,53.5,52.5,-110.0,53.5,-112.0,41.0,59.0,55.0,45.0,72691.0,-1.0,0.0,14.0
cfb,2026,1,total,Toledo,Michigan St,o48.5|u48.5|o46.5|-110|u48.5|-110,48.5,48.5,46.5,-110.0,48.5,-110.0,34.0,66.0,48.0,52.0,39278.0,-2.0,0.0,14.0
cfb,2026,1,total,Ab Christian,Texas Tech,o55.5|u55.5|o59.5|-110|u61.5|-108,55.5,55.5,59.5,-110.0,61.5,-108.0,34.0,66.0,48.0,52.0,6830.0,4.0,6.0,14.0
cfb,2026,1,total,Ball State,Ohio State,o57.5|u57.5|o55.5|-105|u55.5|-105,57.5,57.5,55.5,-105.0,55.5,-105.0,23.0,77.0,36.0,64.0,18559.0,-2.0,-2.0,13.0
cfb,2026,1,total,Indiana St,Purdue,o56.5|u56.5|o56.5|-105|u56.5|-110,56.5,56.5,56.5,-105.0,56.5,-110.0,20.0,80.0,32.0,68.0,7088.0,0.0,0.0,12.0
cfb,2026,1,total,SE Missouri,Iowa State,o52.5|u52.5|o52.5|-108|u52.5|-108,52.5,52.5,52.5,-108.0,52.5,-108.0,26.0,74.0,38.0,62.0,3655.0,0.0,0.0,12.0
cfb,2026,1,total,N Alabama,Arkansas,o58.5|u58.5|o63.5|-105|u63.5|-110,58.5,58.5,63.5,-105.0,63.5,-110.0,7.0,93.0,19.0,81.0,3190.0,5.0,5.0,12.0
cfb,2026,1,total,Akron,Wake Forest,o48.5|u48.5|o50.5|-110|u50.5|-102,48.5,48.5,50.5,-110.0,50.5,-102.0,59.0,41.0,70.0,30.0,21068.0,2.0,2.0,11.0
cfb,2026,1,total,Lamar,Louisiana,o49.5|u49.5|o48.5|-110|u48.5|-108,49.5,49.5,48.5,-110.0,48.5,-108.0,40.0,60.0,29.0,71.0,1539.0,-1.0,-1.0,-11.0
cfb,2026,1,total,C. Michigan,New Mexico,o48.5|u48.5|o45.5|-110|u47.5|-108,48.5,48.5,45.5,-110.0,47.5,-108.0,68.0,32.0,57.0,43.0,18281.0,-3.0,-1.0,-11.0
cfb,2026,1,total,OK State,Tulsa,o60.5|u60.5|o57.5|-110|u57.5|-102,60.5,60.5,57.5,-110.0,57.5,-102.0,7.0,93.0,17.0,83.0,31362.0,-3.0,-3.0,10.0
cfb,2026,1,total,SMU,Florida St,o52.5|u52.5|o52.5|-110|u55.5|-115,52.5,52.5,52.5,-110.0,55.5,-115.0,65.0,35.0,75.0,25.0,85838.0,0.0,3.0,10.0
cfb,2026,1,total,Albany,Buffalo,o48.5|u48.5|o47.5|-108|u47.5|-105,48.5,48.5,47.5,-108.0,47.5,-105.0,66.0,34.0,57.0,43.0,5710.0,-1.0,-1.0,-9.0
cfb,2026,1,total,Liberty,JMU,o52.5|u52.5|o50.5|-110|u50.5|-102,52.5,52.5,50.5,-110.0,50.5,-102.0,29.0,71.0,38.0,62.0,33023.0,-2.0,-2.0,9.0
cfb,2026,1,total,Boise State,Oregon,o53.5|u53.5|o52.5|-110|u53.5|-108,53.5,53.5,52.5,-110.0,53.5,-108.0,21.0,79.0,30.0,70.0,46190.0,-1.0,0.0,9.0
cfb,2026,1,total,NC A&T,Georgia State,o54.5|u54.5|o58.5|-110|u58.5|-105,54.5,54.5,58.5,-110.0,58.5,-105.0,16.0,84.0,8.0,92.0,5169.0,4.0,4.0,-8.0
cfb,2026,1,total,TN State,Georgia,o55.5|u55.5|o55.5|-105|u55.5|-108,55.5,55.5,55.5,-105.0,55.5,-108.0,30.0,70.0,38.0,62.0,16216.0,0.0,0.0,8.0
cfb,2026,1,total,Towson,Navy,o53.5|u53.5|o50.5|-110|u51.5|-110,53.5,53.5,50.5,-110.0,51.5,-110.0,41.0,59.0,33.0,67.0,5841.0,-3.0,-2.0,-8.0
cfb,2026,1,total,Alcorn State,Southern Miss,o51.5|u51.5|o51.5|-105|u51.5|-110,51.5,51.5,51.5,-105.0,51.5,-110.0,47.0,53.0,55.0,45.0,2145.0,0.0,0.0,8.0
cfb,2026,1,total,E. Kentucky,Jax State,o50.5|u50.5|o51.5|-112|u51.5|-102,50.5,50.5,51.5,-112.0,51.5,-102.0,34.0,66.0,42.0,58.0,4725.0,1.0,1.0,8.0
cfb,2026,1,total,Memphis,UNLV,o57.5|u57.5|o55.5|-105|u55.5|-108,57.5,57.5,55.5,-105.0,55.5,-108.0,14.0,86.0,21.0,79.0,49573.0,-2.0,-2.0,7.0
cfb,2026,1,total,Merrimack,Delaware,o56.5|u56.5|o55.5|-110|u56.5|-110,56.5,56.5,55.5,-110.0,56.5,-110.0,24.0,76.0,31.0,69.0,4200.0,-1.0,0.0,7.0
cfb,2026,1,total,Youngstown St,Kentucky,o56.5|u56.5|o61.5|-108|u61.5|-110,56.5,56.5,61.5,-108.0,61.5,-110.0,14.0,86.0,21.0,79.0,6553.0,5.0,5.0,7.0
cfb,2026,1,total,Houston Christian,Rice,o46.5|u46.5|o47.5|-105|u47.5|-105,46.5,46.5,47.5,-105.0,47.5,-105.0,78.0,22.0,71.0,29.0,1555.0,1.0,1.0,-7.0
cfb,2026,1,total,Missouri St,Texas A&M,o53.5|u53.5|o53.5|-108|u53.5|-110,53.5,53.5,53.5,-108.0,53.5,-110.0,17.0,83.0,24.0,76.0,12737.0,0.0,0.0,7.0
cfb,2026,1,total,W. Kentucky,Nevada,o52.5|u52.5|o51.5|-105|u52.5|-102,52.5,52.5,51.5,-105.0,52.5,-102.0,13.0,87.0,20.0,80.0,18402.0,-1.0,0.0,7.0
cfb,2026,1,total,Wisconsin,Notre Dame,o46.5|u46.5|o45.5|-112|u47.5|-102,46.5,46.5,45.5,-112.0,47.5,-102.0,93.0,7.0,86.0,14.0,78769.0,-1.0,1.0,-7.0
cfb,2026,1,total,UMass,Rutgers,o55.5|u55.5|o54.5|-110|u54.5|-102,55.5,55.5,54.5,-110.0,54.5,-102.0,23.0,77.0,29.0,71.0,24264.0,-1.0,-1.0,6.0
cfb,2026,1,total,Maine,App State,o50.5|u50.5|o53.5|-110|u53.5|-105,50.5,50.5,53.5,-110.0,53.5,-105.0,67.0,33.0,61.0,39.0,2398.0,3.0,3.0,-6.0
cfb,2026,1,total,N. Arizona,Arizona,o57.5|u57.5|o59.5|-105|u59.5|-105,57.5,57.5,59.5,-105.0,59.5,-105.0,5.0,95.0,11.0,89.0,2796.0,2.0,2.0,6.0
cfb,2026,1,total,Jax State,ND State,o49.5|u49.5|o45.5|-110|u46.5|-110,49.5,49.5,45.5,-110.0,46.5,-110.0,50.0,50.0,45.0,55.0,34608.0,-4.0,-3.0,-5.0
cfb,2026,1,total,E. Carolina,Alabama,o54.5|u54.5|o52.5|-108|u52.5|-110,54.5,54.5,52.5,-108.0,52.5,-110.0,27.0,73.0,32.0,68.0,34926.0,-2.0,-2.0,5.0
cfb,2026,1,total,Tarleton,Bowling Green,o50.5|u50.5|o49.5|-105|u49.5|-110,50.5,50.5,49.5,-105.0,49.5,-110.0,79.0,21.0,74.0,26.0,7982.0,-1.0,-1.0,-5.0
cfb,2026,1,total,Hampton,Maryland,o53.5|u53.5|o55.5|-112|u56.5|-105,53.5,53.5,55.5,-112.0,56.5,-105.0,76.0,24.0,71.0,29.0,1787.0,2.0,3.0,-5.0
cfb,2026,1,total,Coastal Car,West Virginia,o58.5|u58.5|o54.5|-105|u54.5|-110,58.5,58.5,54.5,-105.0,54.5,-110.0,31.0,69.0,35.0,65.0,37643.0,-4.0,-4.0,4.0
cfb,2026,1,total,Baylor,Auburn,o58.5|u58.5|o58.5|-105|u58.5|-105,58.5,58.5,58.5,-105.0,58.5,-105.0,23.0,77.0,27.0,73.0,61558.0,0.0,0.0,4.0
cfb,2026,1,total,Charleston So,GA Southern,o52.5|u52.5|o51.5|-110|u51.5|-105,52.5,52.5,51.5,-110.0,51.5,-105.0,78.0,22.0,82.0,18.0,1549.0,-1.0,-1.0,4.0
cfb,2026,1,total,SE Louisiana,S. Alabama,o51.5|u51.5|o53.5|-110|u54.5|-110,51.5,51.5,53.5,-110.0,54.5,-110.0,76.0,24.0,72.0,28.0,1873.0,2.0,3.0,-4.0
cfb,2026,1,total,VMI,VA Tech,o54.5|u54.5|o59.5|-110|u61.5|-108,54.5,54.5,59.5,-110.0,61.5,-108.0,20.0,80.0,24.0,76.0,5513.0,5.0,7.0,4.0
cfb,2026,1,total,SD State,Northwestern,o46.5|u46.5|o49.5|-105|u49.5|-105,46.5,46.5,49.5,-105.0,49.5,-105.0,82.0,18.0,86.0,14.0,10607.0,3.0,3.0,4.0
cfb,2026,1,total,Morgan State,Arizona St,o51.5|u51.5|o52.5|-108|u53.5|-110,51.5,51.5,52.5,-108.0,53.5,-110.0,82.0,18.0,78.0,22.0,2589.0,1.0,2.0,-4.0
cfb,2026,1,total,UCLA,California,o53.5|u53.5|o39.5|-130|u53.5|-108,53.5,53.5,39.5,-130.0,53.5,-108.0,66.0,34.0,62.0,38.0,39758.0,-14.0,0.0,-4.0
cfb,2026,1,total,NC State,Virginia,o54.5|u53.5|o50.5|-108|u50.5|-105,54.5,53.5,50.5,-108.0,50.5,-105.0,47.0,53.0,44.0,56.0,58938.0,-4.0,-3.0,-3.0
cfb,2026,1,total,Tulane,Duke,o54.5|u54.5|o51.5|-110|u51.5|-105,54.5,54.5,51.5,-110.0,51.5,-105.0,17.0,83.0,20.0,80.0,24248.0,-3.0,-3.0,3.0
cfb,2026,1,total,Wyoming,Colorado St,o46.5|u46.5|o45.5|-110|u46.5|-110,46.5,46.5,45.5,-110.0,46.5,-110.0,26.0,74.0,23.0,77.0,21613.0,-1.0,0.0,-3.0
cfb,2026,1,total,Sam Houston,Troy,o51.5|u51.5|o52.5|-110|u53.5|-110,51.5,51.5,52.5,-110.0,53.5,-110.0,14.0,86.0,17.0,83.0,7128.0,1.0,2.0,3.0
cfb,2026,1,total,Murray State,Middle Tenn,o59.5|u59.5|o55.5|-106|u55.5|-105,59.5,59.5,55.5,-106.0,55.5,-105.0,3.0,97.0,100.0,3.0,3120.0,-4.0,-4.0,97.0
cfb,2026,1,total,Utah Tech,BYU,o54.5|u54.5|o61.5|-108|u64.5|-115,54.5,54.5,61.5,-108.0,64.5,-115.0,38.0,62.0,41.0,59.0,5462.0,7.0,10.0,3.0
cfb,2026,1,total,Miami (OH),Pittsburgh,o49.5|u49.5|o47|-110|u47.5|-105,49.5,49.5,47.0,-110.0,47.5,-105.0,34.0,66.0,36.0,64.0,13167.0,-2.5,-2.0,2.0
cfb,2026,1,total,Furman,Tennessee,o61.5|u61.5|o66.5|-108|u66.5|-110,61.5,61.5,66.5,-108.0,66.5,-110.0,23.0,77.0,25.0,75.0,6043.0,5.0,5.0,2.0
cfb,2026,1,total,N. Illinois,Iowa,o42.5|u42.5|o44.5|-110|u44.5|-104,42.5,42.5,44.5,-110.0,44.5,-104.0,60.0,40.0,62.0,38.0,17720.0,2.0,2.0,2.0
cfb,2026,1,total,Arkansas St,Memphis,o57.5|u57.5|o52.5|-108|u52.5|-105,57.5,57.5,52.5,-108.0,52.5,-105.0,27.0,73.0,25.0,75.0,30433.0,-5.0,-5.0,-2.0
cfb,2026,1,total,Portland State,San Diego St,o54.5|u54.5|o61|-110|u61.5|-110,54.5,54.5,61.0,-110.0,61.5,-110.0,16.0,84.0,14.0,86.0,2302.0,6.5,7.0,-2.0
cfb,2026,1,total,UNLV,Hawaii,o56.5|u56.5|o54.5|-114|u55.5|-110,56.5,56.5,54.5,-114.0,55.5,-110.0,4.0,96.0,6.0,94.0,25940.0,-2.0,-1.0,2.0
cfb,2026,1,total,Hawaii,Stanford,o50.5|u50.5|o48.5|-108|u49.5|-115,50.5,50.5,48.5,-108.0,49.5,-115.0,41.0,59.0,40.0,60.0,45852.0,-2.0,-1.0,-1.0
cfb,2026,1,total,UAB,Illinois,o56.5|u56.5|o53.5|-112|u54.5|-105,56.5,56.5,53.5,-112.0,54.5,-105.0,35.0,65.0,36.0,64.0,18660.0,-3.0,-2.0,1.0
cfb,2026,1,total,Bryant U,Army,o51.5|u51.5|o50.5|-110|u51.5|-108,51.5,51.5,50.5,-110.0,51.5,-108.0,43.0,57.0,42.0,58.0,3019.0,-1.0,0.0,-1.0
cfb,2026,1,total,Ohio,Nebraska,o46.5|u46.5|o47.5|-108|u47.5|-105,46.5,46.5,47.5,-108.0,47.5,-105.0,38.0,62.0,39.0,61.0,15615.0,1.0,1.0,1.0
cfb,2026,1,total,UNH,Syracuse,o49.5|u49.5|o55.5|-110|u57.5|-110,49.5,49.5,55.5,-110.0,57.5,-110.0,28.0,72.0,29.0,71.0,5114.0,6.0,8.0,1.0
cfb,2026,1,total,Lafayette,UConn,o55.5|u55.5|o51.5|-110|u52.5|-110,55.5,55.5,51.5,-110.0,52.5,-110.0,26.0,74.0,27.0,73.0,5871.0,-4.0,-3.0,1.0
cfb,2026,1,total,Rhode Island,Temple,o48.5|u48.5|o51.5|-105|u51.5|-108,48.5,48.5,51.5,-105.0,51.5,-108.0,38.0,62.0,39.0,61.0,6119.0,3.0,3.0,1.0
cfb,2026,1,total,Boston Col,Cincinnati,o54.5|u54.5|o51.5|-102|u51.5|-110,54.5,54.5,51.5,-102.0,51.5,-110.0,16.0,84.0,17.0,83.0,24390.0,-3.0,-3.0,1.0
cfb,2026,1,total,Marshall,Penn State,o53.5|u53.5|o52|-110|u53.5|-110,53.5,53.5,52.0,-110.0,53.5,-110.0,14.0,86.0,15.0,85.0,24269.0,-1.5,0.0,1.0
cfb,2026,1,total,Austin Peay,Vanderbilt,o61.5|u61.5|o57.5|-110|u58.5|-110,61.5,61.5,57.5,-110.0,58.5,-110.0,7.0,93.0,6.0,94.0,5492.0,-4.0,-3.0,-1.0
cfb,2026,1,total,Idaho State,Utah State,o58.5|u58.5|o58.5|-110|u59.5|-105,58.5,58.5,58.5,-110.0,59.5,-105.0,2.0,98.0,3.0,97.0,3352.0,0.0,1.0,1.0
cfb,2026,1,total,FIU,S. Florida,o55.5|u55.5|o53.5|-105|u53.5|-110,55.5,55.5,53.5,-105.0,53.5,-110.0,29.0,71.0,30.0,70.0,11319.0,-2.0,-2.0,1.0
cfb,2026,1,total,Clemson,LSU,o51.5|u50.5|o48.5|-108|u49.5|-110,51.5,50.5,48.5,-108.0,49.5,-110.0,40.0,60.0,39.0,61.0,,-3.0,-1.0,-1.0
cfb,2026,1,ml,UNC,TCU,+252|-320|+260|-305,252.0,-320.0,260.0,,-305.0,,6.0,94.0,37.0,63.0,82364.0,8.0,15.0,31.0
cfb,2026,1,ml,NC State,Virginia,+145|-170|+155|-175,145.0,-170.0,155.0,,-175.0,,13.0,87.0,42.0,58.0,58938.0,10.0,-5.0,29.0
cfb,2026,1,ml,Jax State,ND State,+300|-385|+230|-270,300.0,-385.0,230.0,,-270.0,,3.0,97.0,12.0,88.0,34608.0,-70.0,115.0,9.0
cfb,2026,1,ml,Sac State,E. Michigan,+255|-320|+310|-350,255.0,-320.0,310.0,,-350.0,,2.0,98.0,4.0,96.0,19200.0,55.0,-30.0,2.0
cfb,2026,1,ml,N. Mexico St,Florida St,+2400|-10000|+2800|-8000,2400.0,-10000.0,2800.0,,-8000.0,,3.0,97.0,23.0,77.0,33821.0,400.0,2000.0,20.0
cfb,2026,1,ml,Hawaii,Stanford,+130|-160|+170|-185,130.0,-160.0,170.0,,-185.0,,8.0,92.0,30.0,70.0,45852.0,40.0,-25.0,22.0
cfb,2026,1,ml,Memphis,UNLV,+116|-140|+168|-190,116.0,-140.0,168.0,,-190.0,,7.0,93.0,16.0,84.0,49573.0,52.0,-50.0,9.0
cfb,2026,1,ml,UMass,Rutgers,+2800|-10000|+2500|-5000,2800.0,-10000.0,2500.0,,-5000.0,,7.0,93.0,51.0,49.0,24264.0,-300.0,5000.0,44.0
cfb,2026,1,ml,Akron,Wake Forest,+1280|-3500|+2000|-3000,1280.0,-3500.0,2000.0,,-3000.0,,4.0,96.0,9.0,91.0,21068.0,720.0,500.0,5.0
cfb,2026,1,ml,West Georgia,Kennesaw St,+1100|-2500|+1500|-2200,1100.0,-2500.0,1500.0,,-2200.0,,6.0,94.0,35.0,65.0,7845.0,400.0,300.0,29.0
cfb,2026,1,ml,Albany,Buffalo,+2200|-8000|+810|-1000,2200.0,-8000.0,810.0,,-1000.0,,5.0,95.0,16.0,84.0,5710.0,-1390.0,7000.0,11.0
cfb,2026,1,ml,Merrimack,Delaware,+2500|-10000|+3000|-6500,2500.0,-10000.0,3000.0,,-6500.0,,5.0,95.0,19.0,81.0,4200.0,500.0,3500.0,14.0
cfb,2026,1,ml,Colorado,GA Tech,+250|-315|+220|-238,250.0,-315.0,220.0,,-238.0,,10.0,90.0,63.0,37.0,72691.0,-30.0,77.0,53.0
cfb,2026,1,ml,Idaho,Utah,+3000|-10000|+6500|N/A,3000.0,-10000.0,6500.0,,,,,,,,12056.0,3500.0,,
cfb,2026,1,ml,UAB,Illinois,+1600|-4500|+1800|-3600,1600.0,-4500.0,1800.0,,-3600.0,,6.0,94.0,26.0,74.0,18660.0,200.0,900.0,20.0
cfb,2026,1,ml,San Jose St,E. Michigan,+136|-164|+165|-115,136.0,-164.0,165.0,,-115.0,,21.0,79.0,65.0,35.0,37885.0,29.0,49.0,44.0
cfb,2026,1,ml,NC A&T,Georgia State,+1600|-4500|+2400|-4000,1600.0,-4500.0,2400.0,,-4000.0,,8.0,92.0,30.0,70.0,5169.0,800.0,500.0,22.0
cfb,2026,1,ml,Indiana St,Purdue,+3500|-20000|+3000|N/A,3500.0,-20000.0,3000.0,,,,,,,,7088.0,-500.0,,
cfb,2026,1,ml,Toledo,Michigan St,+365|-490|+350|-390,365.0,-490.0,350.0,,-390.0,,5.0,95.0,25.0,75.0,39278.0,-15.0,100.0,20.0
cfb,2026,1,ml,Miami (FL),Stanford,-3000|+1200|-3000|+1500,-3000.0,1200.0,-3000.0,,1500.0,,95.0,5.0,63.0,37.0,57060.0,0.0,300.0,-32.0
cfb,2026,1,ml,Fresno State,USC,+1280|-3500|+1600|-2400,1280.0,-3500.0,1600.0,,-2400.0,,4.0,96.0,42.0,58.0,38092.0,320.0,1100.0,38.0
cfb,2026,1,ml,Coastal Car,West Virginia,+740|-1250|+1000|-1500,740.0,-1250.0,1000.0,,-1500.0,,2.0,98.0,8.0,92.0,37643.0,260.0,-250.0,6.0
cfb,2026,1,ml,E. Carolina,Alabama,+1600|-4500|+2000|-4500,1600.0,-4500.0,2000.0,,-4500.0,,3.0,97.0,9.0,91.0,34926.0,400.0,0.0,6.0
cfb,2026,1,ml,Oregon St,Houston,+810|-1450|+980|-1400,810.0,-1450.0,980.0,,-1400.0,,5.0,95.0,24.0,76.0,22017.0,170.0,50.0,19.0
cfb,2026,1,ml,Ohio,Nebraska,+1280|-3500|+1400|-2100,1280.0,-3500.0,1400.0,,-2100.0,,2.0,98.0,12.0,88.0,15615.0,120.0,1400.0,10.0
cfb,2026,1,ml,Tarleton,Bowling Green,-104|-115|+105|-125,-104.0,-115.0,105.0,,-125.0,,21.0,79.0,27.0,73.0,7982.0,209.0,-10.0,6.0
cfb,2026,1,ml,UNH,Syracuse,+2000|-7000|+5500|-20000,2000.0,-7000.0,5500.0,,-20000.0,,3.0,97.0,34.0,66.0,5114.0,3500.0,-13000.0,31.0
cfb,2026,1,ml,Lafayette,UConn,+1060|-2300|+1000|-1500,1060.0,-2300.0,1000.0,,-1500.0,,3.0,97.0,14.0,86.0,5871.0,-60.0,800.0,11.0
cfb,2026,1,ml,Liberty,JMU,+210|-260|+200|-225,210.0,-260.0,200.0,,-225.0,,6.0,94.0,13.0,87.0,33023.0,-10.0,35.0,7.0
cfb,2026,1,ml,Miami (OH),Pittsburgh,+680|-1200|+590|-800,680.0,-1200.0,590.0,,-800.0,,2.0,98.0,7.0,93.0,13167.0,-90.0,400.0,5.0
cfb,2026,1,ml,Kent State,S. Carolina,+4283|-20000|+5500|N/A,4283.0,-20000.0,5500.0,,,,,,,,14994.0,1217.0,,
cfb,2026,1,ml,Duquesne,Air Force,+1200|-3000|+3000|-4000,1200.0,-3000.0,3000.0,,-4000.0,,2.0,98.0,30.0,70.0,3705.0,1800.0,-1000.0,28.0
cfb,2026,1,ml,Youngstown St,Kentucky,+2000|-7000|+1100|-1800,2000.0,-7000.0,1100.0,,-1800.0,,1.0,99.0,1.0,99.0,6553.0,-900.0,5200.0,0.0
cfb,2026,1,ml,SE Missouri,Iowa State,+2800|-10000|+3000|-8000,2800.0,-10000.0,3000.0,,-8000.0,,2.0,98.0,15.0,85.0,3655.0,200.0,2000.0,13.0
cfb,2026,1,ml,Rhode Island,Temple,+450|-630|+530|-650,450.0,-630.0,530.0,,-650.0,,4.0,96.0,6.0,94.0,6119.0,80.0,-20.0,2.0
cfb,2026,1,ml,Baylor,Auburn,+237|-290|+240|-250,237.0,-290.0,240.0,,-250.0,,7.0,93.0,17.0,83.0,61558.0,3.0,40.0,10.0
cfb,2026,1,ml,Boston Col,Cincinnati,+280|-360|+250|-278,280.0,-360.0,250.0,,-278.0,,4.0,96.0,27.0,73.0,24390.0,-30.0,82.0,23.0
cfb,2026,1,ml,Rio Grande Valley,UTSA,+1600|-4500|+2100|-4500,1600.0,-4500.0,2100.0,,-4500.0,,3.0,97.0,81.0,19.0,2322.0,500.0,0.0,78.0
cfb,2026,1,ml,Towson,Navy,+2800|-10000|+5000|-10000,2800.0,-10000.0,5000.0,,-10000.0,,2.0,98.0,8.0,92.0,5841.0,2200.0,0.0,6.0
cfb,2026,1,ml,Citadel,Charlotte,+720|-1200|+980|-1400,720.0,-1200.0,980.0,,-1400.0,,2.0,98.0,47.0,53.0,3529.0,260.0,-200.0,45.0
cfb,2026,1,ml,Marshall,Penn State,+1280|-3500|+1300|-2100,1280.0,-3500.0,1300.0,,-2100.0,,1.0,99.0,4.0,96.0,24269.0,20.0,1400.0,3.0
cfb,2026,1,ml,Maine,App State,+1200|-3000|+1000|-1400,1200.0,-3000.0,1000.0,,-1400.0,,2.0,98.0,100.0,2.0,2398.0,-200.0,1600.0,98.0
cfb,2026,1,ml,Texas St,Texas,+2400|-10000|+2800|-8000,2400.0,-10000.0,2800.0,,-8000.0,,1.0,99.0,3.0,97.0,33851.0,400.0,2000.0,2.0
cfb,2026,1,ml,Boise State,Oregon,+1400|-4000|+1600|-2400,1400.0,-4000.0,1600.0,,-2400.0,,2.0,98.0,7.0,93.0,46190.0,200.0,1600.0,5.0
cfb,2026,1,ml,Tulane,Duke,+260|-330|+300|-350,260.0,-330.0,300.0,,-350.0,,7.0,93.0,26.0,74.0,24248.0,40.0,-20.0,19.0
cfb,2026,1,ml,OK State,Tulsa,-520|+385|-520|+450,-520.0,385.0,-520.0,,450.0,,97.0,3.0,96.0,4.0,31362.0,0.0,65.0,-1.0
cfb,2026,1,ml,N. Illinois,Iowa,+3500|-20000|+4000|-10000,3500.0,-20000.0,4000.0,,-10000.0,,4.0,96.0,21.0,79.0,17720.0,500.0,10000.0,17.0
cfb,2026,1,ml,Alcorn State,Southern Miss,+1280|-3500|+900|-1200,1280.0,-3500.0,900.0,,-1200.0,,2.0,98.0,2.0,98.0,2145.0,-380.0,2300.0,0.0
cfb,2026,1,ml,Wyoming,Colorado St,+142|-172|+150|-130,142.0,-172.0,150.0,,-130.0,,9.0,91.0,27.0,73.0,21613.0,8.0,42.0,18.0
cfb,2026,1,ml,Sam Houston,Troy,+720|-1200|+600|-800,720.0,-1200.0,600.0,,-800.0,,1.0,99.0,3.0,97.0,7128.0,-120.0,400.0,2.0
cfb,2026,1,ml,Arkansas St,Memphis,+315|-410|+350|-325,315.0,-410.0,350.0,,-325.0,,3.0,97.0,3.0,97.0,30433.0,35.0,85.0,0.0
cfb,2026,1,ml,Houston Christian,Rice,+1280|-3500|+1200|-2200,1280.0,-3500.0,1200.0,,-2200.0,,1.0,99.0,1.0,99.0,1555.0,-80.0,1300.0,0.0
cfb,2026,1,ml,Charleston So,GA Southern,+1600|-4500|+2200|-4000,1600.0,-4500.0,2200.0,,-4000.0,,1.0,99.0,12.0,88.0,1549.0,600.0,500.0,11.0
cfb,2026,1,ml,Austin Peay,Vanderbilt,+3500|-20000|+2400|-5000,3500.0,-20000.0,2400.0,,-5000.0,,,,,,5492.0,-1100.0,15000.0,
cfb,2026,1,ml,E. Kentucky,Jax State,+980|-2000|+1100|-1800,980.0,-2000.0,1100.0,,-1800.0,,1.0,99.0,3.0,97.0,4725.0,120.0,200.0,2.0
cfb,2026,1,ml,Idaho State,Utah State,+1200|-3000|+540|-650,1200.0,-3000.0,540.0,,-650.0,,2.0,98.0,4.0,96.0,3352.0,-660.0,2350.0,2.0
cfb,2026,1,ml,FIU,S. Florida,+365|-490|+480|-550,365.0,-490.0,480.0,,-550.0,,2.0,98.0,7.0,93.0,11319.0,115.0,-60.0,5.0
cfb,2026,1,ml,Murray State,Middle Tenn,+1600|-4500|+1200|-1800,1600.0,-4500.0,1200.0,,-1800.0,,1.0,99.0,12.0,88.0,3120.0,-400.0,2700.0,11.0
cfb,2026,1,ml,SE Louisiana,S. Alabama,+500|-720|+450|-575,500.0,-720.0,450.0,,-575.0,,1.0,99.0,1.0,99.0,1873.0,-50.0,145.0,0.0
cfb,2026,1,ml,W. Michigan,Michigan,+2000|-7000|+2000|-4000,2000.0,-7000.0,2000.0,,-4000.0,,1.0,99.0,100.0,1.0,24496.0,0.0,3000.0,99.0
cfb,2026,1,ml,LA-Monroe,Mississippi St,+2400|-10000|+2000|-4000,2400.0,-10000.0,2000.0,,-4000.0,,1.0,99.0,2.0,98.0,10698.0,-400.0,6000.0,1.0
cfb,2026,1,ml,FL Atlantic,Florida,+1600|-4500|+1550|+1200,1600.0,-4500.0,1550.0,,1200.0,,1.0,99.0,3.0,97.0,11652.0,-50.0,5700.0,2.0
cfb,2026,1,ml,Lamar,Louisiana,+720|-1200|+890|-1200,720.0,-1200.0,890.0,,-1200.0,,1.0,99.0,41.0,59.0,1539.0,170.0,0.0,40.0
cfb,2026,1,ml,SD State,Northwestern,+540|-800|+450|-575,540.0,-800.0,450.0,,-575.0,,2.0,98.0,34.0,66.0,10607.0,-90.0,225.0,32.0
cfb,2026,1,ml,Mercyhurst,N. Mexico St,+1280|-3500|+3000|-8000,1280.0,-3500.0,3000.0,,-8000.0,,,,,,2347.0,1720.0,-4500.0,
cfb,2026,1,ml,N. Arizona,Arizona,+2400|-10000|+3500|-7000,2400.0,-10000.0,3500.0,,-7000.0,,1.0,99.0,100.0,1.0,2796.0,1100.0,3000.0,99.0
cfb,2026,1,ml,Clemson,LSU,+365|-490|+330|-390,365.0,-490.0,330.0,,-390.0,,5.0,95.0,11.0,89.0,87504.0,-35.0,100.0,6.0
cfb,2026,1,ml,UNLV,Hawaii,-118|-102|-125|+125,-118.0,-102.0,-125.0,,125.0,,87.0,13.0,74.0,26.0,25940.0,-7.0,227.0,-13.0
cfb,2026,1,ml,MS Valley St,Sac State,+3500|-20000|+8000|-20000,3500.0,-20000.0,8000.0,,-20000.0,,,,,,1782.0,4500.0,0.0,
cfb,2026,1,ml,C. Michigan,New Mexico,+390|-530|+375|-425,390.0,-530.0,375.0,,-425.0,,2.0,98.0,61.0,39.0,18281.0,-15.0,105.0,59.0
cfb,2026,1,ml,UCLA,California,+103|-123|-120|+120,103.0,-123.0,-120.0,,120.0,,60.0,40.0,51.0,49.0,39758.0,-223.0,243.0,-9.0
cfb,2026,1,ml,W. Kentucky,Nevada,-172|+142|-110|+120,-172.0,142.0,-110.0,,120.0,,85.0,15.0,39.0,61.0,18402.0,62.0,-22.0,-46.0
cfb,2026,1,ml,Washington St,Washington,+1100|-2500|+1200|+1000,1100.0,-2500.0,1200.0,,1000.0,,2.0,98.0,50.0,50.0,34603.0,100.0,3500.0,48.0
cfb,2026,1,ml,Louisville,Ole Miss,+275|-350|+210|-245,275.0,-350.0,210.0,,-245.0,,8.0,92.0,9.0,91.0,88004.0,-65.0,105.0,1.0
cfb,2026,1,ml,Wisconsin,Notre Dame,+764|-1800|+1100|-1000,764.0,-1800.0,1100.0,,-1000.0,,5.0,95.0,17.0,83.0,78769.0,336.0,800.0,12.0
cfb,2026,1,ml,SMU,Florida St,-142|+120|-145|+130,-142.0,120.0,-145.0,,130.0,,74.0,26.0,84.0,16.0,,-3.0,10.0,10.0
cfb,2026,2,spread,Florida A&M,Miami (FL),+49.5|-49.5|+59.5|-110|-59.5|-110,49.5,-49.5,59.5,-110.0,-59.5,-110.0,63.0,37.0,10.0,90.0,16085.0,10.0,-10.0,-53.0
cfb,2026,2,spread,Villanova,Louisville,+37.5|-37.5|+38.5|-108|-39.5|-108,37.5,-37.5,38.5,-108.0,-39.5,-108.0,84.0,16.0,58.0,42.0,15327.0,1.0,-2.0,-26.0
cfb,2026,2,spread,Richmond,NC State,+30.5|-30.5|+33.5|-108|-34.5|-105,30.5,-30.5,33.5,-108.0,-34.5,-105.0,72.0,28.0,53.0,47.0,10607.0,3.0,-4.0,-19.0
cfb,2026,2,spread,Norfolk State,Virginia,+43.5|-43.5|+47.5|-108|-46.5|-108,43.5,-43.5,47.5,-108.0,-46.5,-108.0,68.0,32.0,43.0,57.0,9749.0,4.0,-3.0,-25.0
cfb,2026,2,spread,Rutgers,Boston Col,+6.5|-6.5|+3|-112|-2.5|-110,6.5,-6.5,3.0,-112.0,-2.5,-110.0,44.0,56.0,65.0,35.0,40344.0,-3.5,4.0,21.0
cfb,2026,2,spread,Missouri,Kansas,-5.5|+5.5|-4|-110|+4.5|-110,-5.5,5.5,-4.0,-110.0,4.5,-110.0,69.0,31.0,56.0,44.0,71100.0,1.5,-1.0,-13.0
cfb,2026,2,spread,Oklahoma,Michigan,+2.5|-2.5|-5|-110|+5.5|-110,2.5,-2.5,-5.0,-110.0,5.5,-110.0,79.0,21.0,81.0,19.0,99020.0,-7.5,8.0,2.0
cfb,2026,2,spread,Wake Forest,Purdue,-3.5|+3.5|-3|+100|+2.5|+100,-3.5,3.5,-3.0,100.0,2.5,100.0,58.0,42.0,50.0,50.0,29201.0,0.5,-1.0,-8.0
cfb,2026,2,spread,App State,E. Carolina,+8.5|-8.5|+6.5|-110|-6.5|-108,8.5,-8.5,6.5,-110.0,-6.5,-108.0,51.0,49.0,54.0,46.0,14767.0,-2.0,2.0,3.0
cfb,2026,2,spread,Gardner-Webb,Liberty,+27.5|-27.5|+28.5|-108|-28.5|-110,27.5,-27.5,28.5,-108.0,-28.5,-110.0,68.0,32.0,33.0,67.0,2443.0,1.0,-1.0,-35.0
cfb,2026,2,spread,Washington St,K State,+18.5|-18.5|+18|-110|-17.5|-110,18.5,-18.5,18.0,-110.0,-17.5,-110.0,84.0,16.0,84.0,16.0,13500.0,-0.5,1.0,0.0
cfb,2026,2,spread,Howard,Indiana,+55.5|-55.5|+58|-108|-58|-110,55.5,-55.5,58.0,-108.0,-58.0,-110.0,88.0,12.0,50.0,50.0,6901.0,2.5,-2.5,-38.0
cfb,2026,2,spread,Wofford,Kent State,+14.5|-14.5|+10|-108|-9.5|-110,14.5,-14.5,10.0,-108.0,-9.5,-110.0,54.0,46.0,58.0,42.0,2887.0,-4.5,5.0,4.0
cfb,2026,2,spread,Arizona St,Texas A&M,+14.5|-14.5|+14.5|-108|-13.5|-110,14.5,-14.5,14.5,-108.0,-13.5,-110.0,36.0,64.0,52.0,48.0,35265.0,0.0,1.0,16.0
cfb,2026,2,spread,Penn State,Temple,-23.5|+23.5|-24.5|-102|+24|-108,-23.5,23.5,-24.5,-102.0,24.0,-108.0,24.0,76.0,82.0,18.0,25450.0,-1.0,0.5,58.0
cfb,2026,2,spread,East Tenn,UNC,+35.5|-35.5|+36|-108|-36.5|-105,35.5,-35.5,36.0,-108.0,-36.5,-105.0,85.0,15.0,34.0,66.0,3094.0,0.5,-1.0,-51.0
cfb,2026,2,spread,Oregon,OK State,-17.5|+17.5|-24|-108|+24.5|-108,-17.5,17.5,-24.0,-108.0,24.5,-108.0,68.0,32.0,78.0,22.0,39879.0,-6.5,7.0,10.0
cfb,2026,2,spread,Old Dominion,VA Tech,+14|-14|+17.5|-105|-18.5|-105,14.0,-14.0,17.5,-105.0,-18.5,-105.0,80.0,20.0,21.0,79.0,20295.0,3.5,-4.5,-59.0
cfb,2026,2,spread,S. Florida,Army,+1.5|-1.5|+3.5|-112|-3.5|-102,1.5,-1.5,3.5,-112.0,-3.5,-102.0,75.0,25.0,70.0,30.0,20684.0,2.0,-2.0,-5.0
cfb,2026,2,spread,Wagner,JMU,+45.5|-45.5|+46.5|-108|-46.5|-110,45.5,-45.5,46.5,-108.0,-46.5,-110.0,90.0,10.0,64.0,36.0,1923.0,1.0,-1.0,-26.0
cfb,2026,2,spread,W. Kentucky,Georgia,+35.5|-35.5|+40.5|-108|-40.5|-110,35.5,-35.5,40.5,-108.0,-40.5,-110.0,78.0,22.0,60.0,40.0,20154.0,5.0,-5.0,-18.0
cfb,2026,2,spread,Holy Cross,Miami (OH),+33.5|-33.5|+30.5|-108|-29.5|-110,33.5,-33.5,30.5,-108.0,-29.5,-110.0,65.0,35.0,34.0,66.0,2135.0,-3.0,4.0,-31.0
cfb,2026,2,spread,Colgate,C. Michigan,+26.5|-26.5|+18.5|-105|-18.5|-108,26.5,-26.5,18.5,-105.0,-18.5,-108.0,87.0,13.0,95.0,5.0,2448.0,-8.0,8.0,8.0
cfb,2026,2,spread,TN-Martin,West Virginia,+34.5|-34.5|+41.5|-108|-41.5|-108,34.5,-34.5,41.5,-108.0,-41.5,-108.0,88.0,12.0,57.0,43.0,3801.0,7.0,-7.0,-31.0
cfb,2026,2,spread,Stony Brook,Ball State,+16.5|-16.5|+13.5|-105|-13.5|-110,16.5,-16.5,13.5,-105.0,-13.5,-110.0,74.0,26.0,69.0,31.0,2297.0,-3.0,3.0,-5.0
cfb,2026,2,spread,LA-Monroe,UAB,+9.5|-9.5|+9.5|-108|-9|-110,9.5,-9.5,9.5,-108.0,-9.0,-110.0,43.0,57.0,41.0,59.0,5482.0,0.0,0.5,-2.0
cfb,2026,2,spread,Utah State,Washington,+24.5|-24.5|+27.5|-102|-28.5|-102,24.5,-24.5,27.5,-102.0,-28.5,-102.0,86.0,14.0,27.0,73.0,9577.0,3.0,-4.0,-59.0
cfb,2026,2,spread,Robert Morris,Akron,+28.5|-28.5|+26.5|-106|-26.5|-110,28.5,-28.5,26.5,-106.0,-26.5,-110.0,86.0,14.0,97.0,3.0,2181.0,-2.0,2.0,11.0
cfb,2026,2,spread,Duke,Illinois,+8.5|-8.5|+6.5|-110|-6|-110,8.5,-8.5,6.5,-110.0,-6.0,-110.0,38.0,62.0,32.0,68.0,22719.0,-2.0,2.5,-6.0
cfb,2026,2,spread,Sacred Heart,UMass,+24.5|-24.5|+23.5|-108|-23.5|-110,24.5,-24.5,23.5,-108.0,-23.5,-110.0,82.0,18.0,53.0,47.0,2600.0,-1.0,1.0,-29.0
cfb,2026,2,spread,Central Conn,Toledo,+35.5|-35.5|+36.5|+100|-36|-108,35.5,-35.5,36.5,100.0,-36.0,-108.0,92.0,8.0,32.0,68.0,2130.0,1.0,-0.5,-60.0
cfb,2026,2,spread,California,Syracuse,-2.5|+2.5|+4.5|-115|-3.5|-115,-2.5,2.5,4.5,-115.0,-3.5,-115.0,38.0,62.0,47.0,53.0,27061.0,7.0,-6.0,9.0
cfb,2026,2,spread,Mississippi St,Minnesota,+2.5|-2.5|-1.5|-102|+1.5|-115,2.5,-2.5,-1.5,-102.0,1.5,-115.0,77.0,23.0,82.0,18.0,40470.0,-4.0,4.0,5.0
cfb,2026,2,spread,Maryland,UConn,-10.5|+10.5|-11.5|-108|+11.5|-110,-10.5,10.5,-11.5,-108.0,11.5,-110.0,16.0,84.0,39.0,61.0,10652.0,-1.0,1.0,23.0
cfb,2026,2,spread,UCF,Pittsburgh,+8.5|-8.5|+7|+100|-7.5|-108,8.5,-8.5,7.0,100.0,-7.5,-108.0,46.0,54.0,52.0,48.0,16524.0,-1.5,1.0,6.0
cfb,2026,2,spread,Arizona,BYU,+6.5|-6.5|+6.5|+100|-2.5|-115,6.5,-6.5,6.5,100.0,-2.5,-115.0,31.0,69.0,40.0,60.0,40056.0,0.0,4.0,9.0
cfb,2026,2,spread,Rice,Notre Dame,+44.5|-44.5|+44.5|-105|-44.5|-110,44.5,-44.5,44.5,-105.0,-44.5,-110.0,87.0,13.0,45.0,55.0,11657.0,0.0,0.0,-42.0
cfb,2026,2,spread,Alabama,Kentucky,-10.5|+10.5|-8|-110|+9.5|-112,-10.5,10.5,-8.0,-110.0,9.5,-112.0,79.0,21.0,66.0,34.0,68490.0,2.5,-1.0,-13.0
cfb,2026,2,spread,E. Michigan,Michigan St,+16.5|-16.5|+17.5|-110|-17.5|-102,16.5,-16.5,17.5,-110.0,-17.5,-102.0,37.0,63.0,43.0,57.0,7355.0,1.0,-1.0,6.0
cfb,2026,2,spread,Weber State,Colorado,+36.5|-36.5|+38.5|-108|-38.5|-105,36.5,-36.5,38.5,-108.0,-38.5,-105.0,90.0,10.0,59.0,41.0,3084.0,2.0,-2.0,-31.0
cfb,2026,2,spread,UTSA,Texas St,+1.5|-1.5|+2.5|-110|-1.5|-110,1.5,-1.5,2.5,-110.0,-1.5,-110.0,54.0,46.0,66.0,34.0,13570.0,1.0,0.0,12.0
cfb,2026,2,spread,UNLV,North Texas,-6.5|+6.5|-3|+100|+3|-120,-6.5,6.5,-3.0,100.0,3.0,-120.0,63.0,37.0,51.0,49.0,19068.0,3.5,-3.5,-12.0
cfb,2026,2,spread,N. Colorado,Wyoming,+23.5|-23.5|+23.5|-110|-23.5|-108,23.5,-23.5,23.5,-110.0,-23.5,-108.0,91.0,9.0,95.0,5.0,1666.0,0.0,0.0,4.0
cfb,2026,2,spread,UC Davis,SMU,+24.5|-24.5|+31.5|-104|-32|-108,24.5,-24.5,31.5,-104.0,-32.0,-108.0,85.0,15.0,1.0,99.0,8143.0,7.0,-7.5,-84.0
cfb,2026,2,spread,Alabama St,Troy,+23.5|-23.5|+23.5|-102|-23.5|-110,23.5,-23.5,23.5,-102.0,-23.5,-110.0,55.0,45.0,64.0,36.0,1257.0,0.0,0.0,9.0
cfb,2026,2,spread,Mercyhurst,New Mexico,+41.5|-41.5|+42.5|-108|-42.5|-104,41.5,-41.5,42.5,-108.0,-42.5,-104.0,91.0,9.0,63.0,37.0,1681.0,1.0,-1.0,-28.0
cfb,2026,2,spread,Delaware,Vanderbilt,+23.5|-23.5|+20.5|-104|-20.5|-110,23.5,-23.5,20.5,-104.0,-20.5,-110.0,54.0,46.0,58.0,42.0,9557.0,-3.0,3.0,4.0
cfb,2026,2,spread,Campbell,Florida,+49.5|-49.5|+51.5|-108|-51.5|-110,49.5,-49.5,51.5,-108.0,-51.5,-110.0,93.0,7.0,18.0,82.0,4165.0,2.0,-2.0,-75.0
cfb,2026,2,spread,Memphis,Boise State,+6.5|-6.5|+9.5|-110|-8.5|-108,6.5,-6.5,9.5,-110.0,-8.5,-108.0,50.0,50.0,65.0,35.0,30317.0,3.0,-2.0,15.0
cfb,2026,2,spread,Buffalo,FIU,+7.5|-7.5|+8.5|-105|-8.5|-105,7.5,-7.5,8.5,-105.0,-8.5,-105.0,50.0,50.0,70.0,30.0,13232.0,1.0,-1.0,20.0
cfb,2026,2,spread,Jax State,Ohio,+1.5|-1.5|+2|-110|-1.5|-110,1.5,-1.5,2.0,-110.0,-1.5,-110.0,44.0,56.0,46.0,54.0,8082.0,0.5,0.0,2.0
cfb,2026,2,spread,Monmouth,W. Michigan,+27.5|-27.5|+29.5|-102|-29.5|-110,27.5,-27.5,29.5,-102.0,-29.5,-110.0,89.0,11.0,6.0,94.0,2933.0,2.0,-2.0,-83.0
cfb,2026,2,spread,Southern U,Houston,+50.5|-50.5|+51.5|-102|-52|-105,50.5,-50.5,51.5,-102.0,-52.0,-105.0,92.0,8.0,91.0,9.0,2928.0,1.0,-1.5,-1.0
cfb,2026,2,spread,S. Alabama,Tulane,+10|-10|+9.5|-105|-9.5|-110,10.0,-10.0,9.5,-105.0,-9.5,-110.0,39.0,61.0,51.0,49.0,11687.0,-0.5,0.5,12.0
cfb,2026,2,spread,W. Carolina,Cincinnati,+36.5|-36.5|+36.5|-110|-36.5|-108,36.5,-36.5,36.5,-110.0,-36.5,-108.0,95.0,5.0,40.0,60.0,1711.0,0.0,0.0,-55.0
cfb,2026,2,spread,Tulsa,Sam Houston,-12.5|+12.5|-12.5|-108|+12.5|-105,-12.5,12.5,-12.5,-108.0,12.5,-105.0,68.0,32.0,66.0,34.0,13328.0,0.0,0.0,-2.0
cfb,2026,2,spread,Lindenwood,Missouri St,+21.5|-21.5|+21.5|-120|-16.5|-110,21.5,-21.5,21.5,-120.0,-16.5,-110.0,93.0,7.0,91.0,9.0,1428.0,0.0,5.0,-2.0
cfb,2026,2,spread,Bowling Green,Nebraska,+25.5|-25.5|+30.5|-105|-31|-105,25.5,-25.5,30.5,-105.0,-31.0,-105.0,91.0,9.0,27.0,73.0,16463.0,5.0,-5.5,-64.0
cfb,2026,2,spread,West Georgia,Arkansas St,+28.5|-28.5|+31.5|-105|-31.5|-110,28.5,-28.5,31.5,-105.0,-31.5,-110.0,88.0,12.0,90.0,10.0,2382.0,3.0,-3.0,2.0
cfb,2026,2,spread,Towson,S. Carolina,+42.5|-42.5|+44.5|-108|-44.5|-110,42.5,-42.5,44.5,-108.0,-44.5,-110.0,94.0,6.0,52.0,48.0,5361.0,2.0,-2.0,-42.0
cfb,2026,2,spread,Georgia State,Kennesaw St,+9.5|-9.5|+7.5|-110|-7.5|-105,9.5,-9.5,7.5,-110.0,-7.5,-105.0,45.0,55.0,78.0,22.0,11263.0,-2.0,2.0,33.0
cfb,2026,2,spread,Illinois St,N. Illinois,-3.5|+3.5|-3.5|+106|+2.5|+100,-3.5,3.5,-3.5,106.0,2.5,100.0,46.0,54.0,45.0,55.0,2342.0,0.0,-1.0,-1.0
cfb,2026,2,spread,Middle Tenn,Marshall,+17.5|-17.5|+13.5|-115|-11.5|-106,17.5,-17.5,13.5,-115.0,-11.5,-106.0,52.0,48.0,65.0,35.0,7472.0,-4.0,6.0,13.0
cfb,2026,2,spread,Tennessee,GA Tech,-8.5|+8.5|-12|-108|+12.5|-105,-8.5,8.5,-12.0,-108.0,12.5,-105.0,72.0,28.0,65.0,35.0,43671.0,-3.5,4.0,-7.0
cfb,2026,2,spread,Southern Utah,Colorado St,+20.5|-20.5|+20.5|-108|-19.5|-110,20.5,-20.5,20.5,-108.0,-19.5,-110.0,43.0,57.0,47.0,53.0,2019.0,0.0,1.0,4.0
cfb,2026,2,spread,W. Illinois,Wisconsin,+36.5|-36.5|+43.5|-108|-43.5|-108,36.5,-36.5,43.5,-108.0,-43.5,-108.0,95.0,5.0,26.0,74.0,3402.0,7.0,-7.0,-69.0
cfb,2026,2,spread,San Diego St,UCLA,+8.5|-8.5|+13.5|-108|-13.5|-110,8.5,-8.5,13.5,-108.0,-13.5,-110.0,24.0,76.0,30.0,70.0,20467.0,5.0,-5.0,6.0
cfb,2026,2,spread,Ohio State,Texas,+2.5|-2.5|+2.5|-108|-2.5|-105,2.5,-2.5,2.5,-108.0,-2.5,-105.0,65.0,35.0,64.0,36.0,109875.0,0.0,0.0,-1.0
cfb,2026,2,spread,Fordham,Coastal Car,+31.5|-31.5|+36.5|-108|-35.5|-110,31.5,-31.5,36.5,-108.0,-35.5,-110.0,95.0,5.0,57.0,43.0,1610.0,5.0,-4.0,-38.0
cfb,2026,2,spread,Iowa State,Iowa,+13.5|-13.5|+14|-108|-14.5|+100,13.5,-13.5,14.0,-108.0,-14.5,100.0,50.0,50.0,56.0,44.0,35240.0,0.5,-1.0,6.0
cfb,2026,2,spread,LA Tech,LSU,+31.5|-31.5|+34.5|-105|-35.5|-105,31.5,-31.5,34.5,-105.0,-35.5,-105.0,84.0,16.0,9.0,91.0,20957.0,3.0,-4.0,-75.0
cfb,2026,2,spread,Navy,FL Atlantic,-6.5|+6.5|-4.5|-110|+5.5|-114,-6.5,6.5,-4.5,-110.0,5.5,-114.0,72.0,28.0,61.0,39.0,18084.0,2.0,-1.0,-11.0
cfb,2026,2,spread,Texas Tech,Oregon St,-29.5|+29.5|-26.5|-102|+25.5|-110,-29.5,29.5,-26.5,-102.0,25.5,-110.0,50.0,50.0,39.0,61.0,19068.0,3.0,-4.0,-11.0
cfb,2026,2,spread,Charlotte,Ole Miss,+46.5|-46.5|+44.5|-104|-44.5|-108,46.5,-46.5,44.5,-104.0,-44.5,-108.0,87.0,13.0,85.0,15.0,14616.0,-2.0,2.0,-2.0
cfb,2026,2,spread,Southern Miss,Auburn,+29.5|-29.5|+32.5|-110|-32.5|-102,29.5,-29.5,32.5,-110.0,-32.5,-102.0,92.0,8.0,81.0,19.0,12934.0,3.0,-3.0,-11.0
cfb,2026,2,spread,Grambling St,TCU,+44.5|-44.5|+44.5|-105|-44.5|-105,44.5,-44.5,44.5,-105.0,-44.5,-105.0,76.0,24.0,44.0,56.0,2433.0,0.0,0.0,-32.0
cfb,2026,2,spread,Prairie View,Baylor,+38.5|-38.5|+37.5|-104|-38.5|-105,38.5,-38.5,37.5,-104.0,-38.5,-105.0,88.0,12.0,78.0,22.0,2680.0,-1.0,0.0,-10.0
cfb,2026,2,spread,Cal Poly,San Jose St,+21.5|-21.5|+21.5|-106|-21.5|-105,21.5,-21.5,21.5,-106.0,-21.5,-105.0,34.0,66.0,18.0,82.0,2605.0,0.0,0.0,-16.0
cfb,2026,2,spread,Texas Southern,UTEP,+27.5|-27.5|+27.5|-110|-24.5|-115,27.5,-27.5,27.5,-110.0,-24.5,-115.0,47.0,53.0,50.0,50.0,1277.0,0.0,3.0,3.0
cfb,2026,2,spread,GA Southern,Clemson,+26.5|-26.5|+19.5|-105|-19|-110,26.5,-26.5,19.5,-105.0,-19.0,-110.0,31.0,69.0,37.0,63.0,11203.0,-7.0,7.5,6.0
cfb,2026,2,spread,ND State,Air Force,-6.5|+6.5|-1.5|-110|+2.5|-120,-6.5,6.5,-1.5,-110.0,2.5,-120.0,43.0,57.0,40.0,60.0,18750.0,5.0,-4.0,-3.0
cfb,2026,2,spread,Arkansas,Utah,+7.5|-7.5|+13.5|+100|-8.5|-120,7.5,-7.5,13.5,100.0,-8.5,-120.0,43.0,57.0,42.0,58.0,27338.0,6.0,-1.0,-1.0
cfb,2026,2,spread,Montana St,Nevada,-5.5|+5.5|-4.5|-110|+4.5|-105,-5.5,5.5,-4.5,-110.0,4.5,-105.0,43.0,57.0,24.0,76.0,13020.0,1.0,-1.0,-19.0
cfb,2026,2,spread,Sac State,Fresno State,+18.5|-18.5|+17.5|-105|-17.5|-110,18.5,-18.5,17.5,-105.0,-17.5,-110.0,53.0,47.0,68.0,32.0,14075.0,-1.0,1.0,15.0
cfb,2026,2,spread,Louisiana,USC,+28.5|-28.5|+30.5|-105|-30.5|-110,28.5,-28.5,30.5,-105.0,-30.5,-110.0,48.0,52.0,41.0,59.0,11632.0,2.0,-2.0,-7.0
cfb,2026,2,total,Florida A&M,Miami (FL),o56.5|u56.5|o66.5|-105|u66.5|-110,56.5,56.5,66.5,-105.0,66.5,-110.0,16.0,84.0,76.0,24.0,16085.0,10.0,10.0,60.0
cfb,2026,2,total,Villanova,Louisville,o55.5|u55.5|o56.5|-108|u57.5|-110,55.5,55.5,56.5,-108.0,57.5,-110.0,10.0,90.0,20.0,80.0,15327.0,1.0,2.0,10.0
cfb,2026,2,total,Richmond,NC State,o49.5|u49.5|o50.5|-110|u50.5|-105,49.5,49.5,50.5,-110.0,50.5,-105.0,26.0,74.0,56.0,44.0,10607.0,1.0,1.0,30.0
cfb,2026,2,total,Norfolk State,Virginia,o53.5|u53.5|o56.5|+100|u56.5|-108,53.5,53.5,56.5,100.0,56.5,-108.0,31.0,69.0,91.0,9.0,9749.0,3.0,3.0,60.0
cfb,2026,2,total,Rutgers,Boston Col,o57.5|u57.5|o53.5|-108|u53.5|-105,57.5,57.5,53.5,-108.0,53.5,-105.0,11.0,89.0,14.0,86.0,40344.0,-4.0,-4.0,3.0
cfb,2026,2,total,Missouri,Kansas,o52.5|u52.5|o51.5|-110|u51.5|-105,52.5,52.5,51.5,-110.0,51.5,-105.0,34.0,66.0,38.0,62.0,71100.0,-1.0,-1.0,4.0
cfb,2026,2,total,Oklahoma,Michigan,o45.5|u45.5|o43.5|-108|u43.5|-105,45.5,45.5,43.5,-108.0,43.5,-105.0,40.0,60.0,34.0,66.0,99020.0,-2.0,-2.0,-6.0
cfb,2026,2,total,Wake Forest,Purdue,o50.5|u50.5|o51|-110|u51.5|-110,50.5,50.5,51.0,-110.0,51.5,-110.0,25.0,75.0,33.0,67.0,29201.0,0.5,1.0,8.0
cfb,2026,2,total,App State,E. Carolina,o55.5|u55.5|o55.5|-108|u55.5|-110,55.5,55.5,55.5,-108.0,55.5,-110.0,18.0,82.0,20.0,80.0,14767.0,0.0,0.0,2.0
cfb,2026,2,total,Gardner-Webb,Liberty,o54.5|u54.5|o54.5|-115|u55.5|-110,54.5,54.5,54.5,-115.0,55.5,-110.0,40.0,60.0,47.0,53.0,2443.0,0.0,1.0,7.0
cfb,2026,2,total,Washington St,K State,o52.5|u52.5|o48.5|-102|u48.5|-110,52.5,52.5,48.5,-102.0,48.5,-110.0,40.0,60.0,42.0,58.0,13500.0,-4.0,-4.0,2.0
cfb,2026,2,total,Howard,Indiana,o64.5|u64.5|o67.5|-110|u68.5|-108,64.5,64.5,67.5,-110.0,68.5,-108.0,28.0,72.0,89.0,11.0,6901.0,3.0,4.0,61.0
cfb,2026,2,total,Wofford,Kent State,o46.5|u46.5|o45.5|-110|u46.5|-108,46.5,46.5,45.5,-110.0,46.5,-108.0,30.0,70.0,32.0,68.0,2887.0,-1.0,0.0,2.0
cfb,2026,2,total,Arizona St,Texas A&M,o51.5|u51.5|o51.5|-102|u51.5|-110,51.5,51.5,51.5,-102.0,51.5,-110.0,48.0,52.0,62.0,38.0,35265.0,0.0,0.0,14.0
cfb,2026,2,total,Penn State,Temple,o49.5|u49.5|o49.5|-110|u51|-110,49.5,49.5,49.5,-110.0,51.0,-110.0,42.0,58.0,49.0,51.0,25450.0,0.0,1.5,7.0
cfb,2026,2,total,East Tenn,UNC,o51.5|u51.5|o54.5|-115|u55.5|-110,51.5,51.5,54.5,-115.0,55.5,-110.0,37.0,63.0,40.0,60.0,3094.0,3.0,4.0,3.0
cfb,2026,2,total,Oregon,OK State,o58.5|u58.5|o55.5|+100|u55.5|-105,58.5,58.5,55.5,100.0,55.5,-105.0,40.0,60.0,22.0,78.0,39879.0,-3.0,-3.0,-18.0
cfb,2026,2,total,Old Dominion,VA Tech,o52.5|u52.5|o47.5|-110|u47.5|-105,52.5,52.5,47.5,-110.0,47.5,-105.0,39.0,61.0,32.0,68.0,20295.0,-5.0,-5.0,-7.0
cfb,2026,2,total,S. Florida,Army,o54.5|u54.5|o45.5|-110|u45.5|-108,54.5,54.5,45.5,-110.0,45.5,-108.0,56.0,44.0,53.0,47.0,20684.0,-9.0,-9.0,-3.0
cfb,2026,2,total,Wagner,JMU,o54.5|u54.5|o56.5|-110|u57|-110,54.5,54.5,56.5,-110.0,57.0,-110.0,44.0,56.0,75.0,25.0,1923.0,2.0,2.5,31.0
cfb,2026,2,total,W. Kentucky,Georgia,o52.5|u52.5|o55.5|-110|u55.5|-102,52.5,52.5,55.5,-110.0,55.5,-102.0,31.0,69.0,48.0,52.0,20154.0,3.0,3.0,17.0
cfb,2026,2,total,Holy Cross,Miami (OH),o50.5|u50.5|o46.5|-112|u47.5|-110,50.5,50.5,46.5,-112.0,47.5,-110.0,29.0,71.0,18.0,82.0,2135.0,-4.0,-3.0,-11.0
cfb,2026,2,total,Colgate,C. Michigan,o50.5|u50.5|o49.5|-105|u49.5|-110,50.5,50.5,49.5,-105.0,49.5,-110.0,65.0,35.0,66.0,34.0,2448.0,-1.0,-1.0,1.0
cfb,2026,2,total,TN-Martin,West Virginia,o52.5|u52.5|o55.5|-112|u57.5|-110,52.5,52.5,55.5,-112.0,57.5,-110.0,53.0,47.0,56.0,44.0,3801.0,3.0,5.0,3.0
cfb,2026,2,total,Stony Brook,Ball State,o56.5|u56.5|o52.5|-110|u52.5|-105,56.5,56.5,52.5,-110.0,52.5,-105.0,29.0,71.0,24.0,76.0,2297.0,-4.0,-4.0,-5.0
cfb,2026,2,total,LA-Monroe,UAB,o52.5|u52.5|o52.5|-115|u54.5|-115,52.5,52.5,52.5,-115.0,54.5,-115.0,19.0,81.0,16.0,84.0,5482.0,0.0,2.0,-3.0
cfb,2026,2,total,Utah State,Washington,o54.5|u54.5|o55.5|-108|u55.5|-110,54.5,54.5,55.5,-108.0,55.5,-110.0,25.0,75.0,26.0,74.0,9577.0,1.0,1.0,1.0
cfb,2026,2,total,Robert Morris,Akron,o43.5|u43.5|o45.5|-110|u46.5|-110,43.5,43.5,45.5,-110.0,46.5,-110.0,64.0,36.0,72.0,28.0,2181.0,2.0,3.0,8.0
cfb,2026,2,total,Duke,Illinois,o54.5|u54.5|o51.5|-110|u51.5|-110,54.5,54.5,51.5,-110.0,51.5,-110.0,38.0,62.0,34.0,66.0,22719.0,-3.0,-3.0,-4.0
cfb,2026,2,total,Sacred Heart,UMass,o54.5|u54.5|o53.5|-110|u53.5|-110,54.5,54.5,53.5,-110.0,53.5,-110.0,46.0,54.0,45.0,55.0,2600.0,-1.0,-1.0,-1.0
cfb,2026,2,total,Central Conn,Toledo,o56.5|u56.5|o52.5|-105|u53.5|-108,56.5,56.5,52.5,-105.0,53.5,-108.0,42.0,58.0,30.0,70.0,2130.0,-4.0,-3.0,-12.0
cfb,2026,2,total,California,Syracuse,o53.5|u53.5|o56.5|-112|u57.5|-112,53.5,53.5,56.5,-112.0,57.5,-112.0,39.0,61.0,43.0,57.0,27061.0,3.0,4.0,4.0
cfb,2026,2,total,Mississippi St,Minnesota,o51.5|u51.5|o53.5|-108|u54.5|-105,51.5,51.5,53.5,-108.0,54.5,-105.0,57.0,43.0,47.0,53.0,40470.0,2.0,3.0,-10.0
cfb,2026,2,total,Maryland,UConn,o53.5|u53.5|o52.5|-110|u53.5|-110,53.5,53.5,52.5,-110.0,53.5,-110.0,41.0,59.0,47.0,53.0,10652.0,-1.0,0.0,6.0
cfb,2026,2,total,UCF,Pittsburgh,o51.5|u51.5|o55.5|-105|u55.5|-108,51.5,51.5,55.5,-105.0,55.5,-108.0,37.0,63.0,38.0,62.0,16524.0,4.0,4.0,1.0
cfb,2026,2,total,Arizona,BYU,o53.5|u53.5|o48.5|-106|u52.5|-120,53.5,53.5,48.5,-106.0,52.5,-120.0,65.0,35.0,57.0,43.0,40056.0,-5.0,-1.0,-8.0
cfb,2026,2,total,Rice,Notre Dame,o52.5|u52.5|o54.5|-108|u54.5|-105,52.5,52.5,54.5,-108.0,54.5,-105.0,38.0,62.0,57.0,43.0,11657.0,2.0,2.0,19.0
cfb,2026,2,total,Alabama,Kentucky,o49.5|u49.5|o47.5|-105|u47.5|-115,49.5,49.5,47.5,-105.0,47.5,-115.0,30.0,70.0,49.0,51.0,68490.0,-2.0,-2.0,19.0
cfb,2026,2,total,E. Michigan,Michigan St,o50.5|u50.5|o49.5|-110|u49.5|-105,50.5,50.5,49.5,-110.0,49.5,-105.0,37.0,63.0,29.0,71.0,7355.0,-1.0,-1.0,-8.0
cfb,2026,2,total,Weber State,Colorado,o52.5|u52.5|o56.5|-115|u57.5|-108,52.5,52.5,56.5,-115.0,57.5,-108.0,38.0,62.0,88.0,12.0,3084.0,4.0,5.0,50.0
cfb,2026,2,total,UTSA,Texas St,o63.5|u63.5|o65.5|-108|u66|-110,63.5,63.5,65.5,-108.0,66.0,-110.0,13.0,87.0,20.0,80.0,13570.0,2.0,2.5,7.0
cfb,2026,2,total,UNLV,North Texas,o60.5|u60.5|o57.5|-110|u58.5|-115,60.5,60.5,57.5,-110.0,58.5,-115.0,12.0,88.0,32.0,68.0,19068.0,-3.0,-2.0,20.0
cfb,2026,2,total,N. Colorado,Wyoming,o49.5|u49.5|o44.5|-105|u44.5|-110,49.5,49.5,44.5,-105.0,44.5,-110.0,34.0,66.0,22.0,78.0,1666.0,-5.0,-5.0,-12.0
cfb,2026,2,total,UC Davis,SMU,o58.5|u58.5|o58.5|-110|u59.5|-110,58.5,58.5,58.5,-110.0,59.5,-110.0,12.0,88.0,24.0,76.0,8143.0,0.0,1.0,12.0
cfb,2026,2,total,Alabama St,Troy,o52.5|u52.5|o52.5|-110|u52.5|-108,52.5,52.5,52.5,-110.0,52.5,-108.0,13.0,87.0,15.0,85.0,1257.0,0.0,0.0,2.0
cfb,2026,2,total,Mercyhurst,New Mexico,o51.5|u51.5|o53.5|-110|u54.5|-110,51.5,51.5,53.5,-110.0,54.5,-110.0,32.0,68.0,55.0,45.0,1681.0,2.0,3.0,23.0
cfb,2026,2,total,Delaware,Vanderbilt,o53.5|u53.5|o54.5|-105|u54.5|-105,53.5,53.5,54.5,-105.0,54.5,-105.0,22.0,78.0,22.0,78.0,9557.0,1.0,1.0,0.0
cfb,2026,2,total,Campbell,Florida,o66.5|u66.5|o66.5|-110|u66.5|-105,66.5,66.5,66.5,-110.0,66.5,-105.0,24.0,76.0,12.0,88.0,4165.0,0.0,0.0,-12.0
cfb,2026,2,total,Memphis,Boise State,o54.5|u54.5|o54.5|-115|u54.5|-102,54.5,54.5,54.5,-115.0,54.5,-102.0,19.0,81.0,30.0,70.0,30317.0,0.0,0.0,11.0
cfb,2026,2,total,Buffalo,FIU,o50.5|u50.5|o47.5|-110|u47.5|-108,50.5,50.5,47.5,-110.0,47.5,-108.0,31.0,69.0,28.0,72.0,13232.0,-3.0,-3.0,-3.0
cfb,2026,2,total,Jax State,Ohio,o50.5|u50.5|o48.5|-112|u49.5|-105,50.5,50.5,48.5,-112.0,49.5,-105.0,29.0,71.0,28.0,72.0,8082.0,-2.0,-1.0,-1.0
cfb,2026,2,total,Monmouth,W. Michigan,o53.5|u53.5|o54.5|-110|u54.5|-110,53.5,53.5,54.5,-110.0,54.5,-110.0,49.0,51.0,50.0,50.0,2933.0,1.0,1.0,1.0
cfb,2026,2,total,Southern U,Houston,o60.5|u60.5|o61.5|-114|u62.5|-110,60.5,60.5,61.5,-114.0,62.5,-110.0,13.0,87.0,33.0,67.0,2928.0,1.0,2.0,20.0
cfb,2026,2,total,S. Alabama,Tulane,o55.5|u55.5|o48.5|-104|u48.5|-110,55.5,55.5,48.5,-104.0,48.5,-110.0,27.0,73.0,27.0,73.0,11687.0,-7.0,-7.0,0.0
cfb,2026,2,total,W. Carolina,Cincinnati,o60.5|u60.5|o61.5|-106|u61.5|-110,60.5,60.5,61.5,-106.0,61.5,-110.0,29.0,71.0,30.0,70.0,1711.0,1.0,1.0,1.0
cfb,2026,2,total,Tulsa,Sam Houston,o51.5|u51.5|o51.5|-110|u52.5|-110,51.5,51.5,51.5,-110.0,52.5,-110.0,9.0,91.0,11.0,89.0,13328.0,0.0,1.0,2.0
cfb,2026,2,total,Lindenwood,Missouri St,o53.5|u53.5|o53.5|-110|u53.5|-110,53.5,53.5,53.5,-110.0,53.5,-110.0,34.0,66.0,33.0,67.0,1428.0,0.0,0.0,-1.0
cfb,2026,2,total,Bowling Green,Nebraska,o50.5|u50.5|o48.5|-112|u49.5|-110,50.5,50.5,48.5,-112.0,49.5,-110.0,68.0,32.0,1.0,99.0,16463.0,-2.0,-1.0,-67.0
cfb,2026,2,total,West Georgia,Arkansas St,o56.5|u56.5|o56.5|-108|u56.5|-110,56.5,56.5,56.5,-108.0,56.5,-110.0,53.0,47.0,59.0,41.0,2382.0,0.0,0.0,6.0
cfb,2026,2,total,Towson,S. Carolina,o54.5|u54.5|o57.5|-108|u57.5|-110,54.5,54.5,57.5,-108.0,57.5,-110.0,24.0,76.0,49.0,51.0,5361.0,3.0,3.0,25.0
cfb,2026,2,total,Georgia State,Kennesaw St,o50.5|u50.5|o55.5|-106|u55.5|-110,50.5,50.5,55.5,-106.0,55.5,-110.0,15.0,85.0,16.0,84.0,11263.0,5.0,5.0,1.0
cfb,2026,2,total,Illinois St,N. Illinois,o46.5|u46.5|o48.5|-105|u47.5|-105,46.5,46.5,48.5,-105.0,47.5,-105.0,72.0,28.0,67.0,33.0,2342.0,2.0,1.0,-5.0
cfb,2026,2,total,Middle Tenn,Marshall,o57.5|u57.5|o55.5|-110|u56.5|-112,57.5,57.5,55.5,-110.0,56.5,-112.0,6.0,94.0,9.0,91.0,7472.0,-2.0,-1.0,3.0
cfb,2026,2,total,Tennessee,GA Tech,o54.5|u54.5|o55.5|-105|u55.5|-110,54.5,54.5,55.5,-105.0,55.5,-110.0,77.0,23.0,79.0,21.0,43671.0,1.0,1.0,2.0
cfb,2026,2,total,Southern Utah,Colorado St,o57.5|u57.5|o57.5|-105|u57.5|-108,57.5,57.5,57.5,-105.0,57.5,-108.0,40.0,60.0,34.0,66.0,2019.0,0.0,0.0,-6.0
cfb,2026,2,total,W. Illinois,Wisconsin,o49.5|u49.5|o52.5|-110|u53.5|-108,49.5,49.5,52.5,-110.0,53.5,-108.0,38.0,62.0,98.0,2.0,3402.0,3.0,4.0,60.0
cfb,2026,2,total,San Diego St,UCLA,o49.5|u49.5|o53.5|-112|u53.5|-105,49.5,49.5,53.5,-112.0,53.5,-105.0,12.0,88.0,36.0,64.0,20467.0,4.0,4.0,24.0
cfb,2026,2,total,Ohio State,Texas,o47.5|u47.5|o50.5|-112|u50.5|-104,47.5,47.5,50.5,-112.0,50.5,-104.0,64.0,36.0,77.0,23.0,109875.0,3.0,3.0,13.0
cfb,2026,2,total,Fordham,Coastal Car,o53.5|u53.5|o53.5|-110|u54.5|-115,53.5,53.5,53.5,-110.0,54.5,-115.0,33.0,67.0,33.0,67.0,1610.0,0.0,1.0,0.0
cfb,2026,2,total,Iowa State,Iowa,o41.5|u41.5|o42.5|-108|u42.5|-105,41.5,41.5,42.5,-108.0,42.5,-105.0,40.0,60.0,32.0,68.0,35240.0,1.0,1.0,-8.0
cfb,2026,2,total,LA Tech,LSU,o55.5|u55.5|o54.5|-115|u55.5|-110,55.5,55.5,54.5,-115.0,55.5,-110.0,35.0,65.0,64.0,36.0,20957.0,-1.0,0.0,29.0
cfb,2026,2,total,Navy,FL Atlantic,o57.5|u57.5|o59.5|-108|u59.5|-110,57.5,57.5,59.5,-108.0,59.5,-110.0,13.0,87.0,56.0,44.0,18084.0,2.0,2.0,43.0
cfb,2026,2,total,Texas Tech,Oregon St,o51.5|u51.5|o48.5|-110|u52.5|-110,51.5,51.5,48.5,-110.0,52.5,-110.0,8.0,92.0,19.0,81.0,19068.0,-3.0,1.0,11.0
cfb,2026,2,total,Charlotte,Ole Miss,o61.5|u61.5|o59.5|-108|u60.5|-110,61.5,61.5,59.5,-108.0,60.5,-110.0,14.0,86.0,16.0,84.0,14616.0,-2.0,-1.0,2.0
cfb,2026,2,total,Southern Miss,Auburn,o52.5|u52.5|o56.5|-110|u56.5|-105,52.5,52.5,56.5,-110.0,56.5,-105.0,7.0,93.0,11.0,89.0,12934.0,4.0,4.0,4.0
cfb,2026,2,total,Grambling St,TCU,o54.5|u54.5|o55.5|-115|u56.5|-110,54.5,54.5,55.5,-115.0,56.5,-110.0,21.0,79.0,65.0,35.0,2433.0,1.0,2.0,44.0
cfb,2026,2,total,Prairie View,Baylor,o54.5|u54.5|o55.5|-110|u58.5|-110,54.5,54.5,55.5,-110.0,58.5,-110.0,14.0,86.0,33.0,67.0,2680.0,1.0,4.0,19.0
cfb,2026,2,total,Cal Poly,San Jose St,o57.5|u57.5|o58.5|-105|u58.5|-108,57.5,57.5,58.5,-105.0,58.5,-108.0,36.0,64.0,41.0,59.0,2605.0,1.0,1.0,5.0
cfb,2026,2,total,Texas Southern,UTEP,o53.5|u53.5|o52.5|-110|u53.5|-110,53.5,53.5,52.5,-110.0,53.5,-110.0,55.0,45.0,60.0,40.0,1277.0,-1.0,0.0,5.0
cfb,2026,2,total,GA Southern,Clemson,o57.5|u57.5|o53.5|-112|u54.5|-110,57.5,57.5,53.5,-112.0,54.5,-110.0,7.0,93.0,10.0,90.0,11203.0,-4.0,-3.0,3.0
cfb,2026,2,total,ND State,Air Force,o49.5|u49.5|o48.5|-105|u48.5|-106,49.5,49.5,48.5,-105.0,48.5,-106.0,74.0,26.0,70.0,30.0,18750.0,-1.0,-1.0,-4.0
cfb,2026,2,total,Arkansas,Utah,o55.5|u55.5|o55.5|-110|u55.5|-105,55.5,55.5,55.5,-110.0,55.5,-105.0,4.0,96.0,41.0,59.0,27338.0,0.0,0.0,37.0
cfb,2026,2,total,Montana St,Nevada,o48.5|u48.5|o50.5|+102|u52|-110,48.5,48.5,50.5,102.0,52.0,-110.0,16.0,84.0,22.0,78.0,13020.0,2.0,3.5,6.0
cfb,2026,2,total,Sac State,Fresno State,o48.5|u48.5|o43.5|-110|u43.5|-105,48.5,48.5,43.5,-110.0,43.5,-105.0,60.0,40.0,53.0,47.0,14075.0,-5.0,-5.0,-7.0
cfb,2026,2,total,Louisiana,USC,o63.5|u63.5|o58.5|-110|u59.5|+104,63.5,63.5,58.5,-110.0,59.5,104.0,18.0,82.0,32.0,68.0,11632.0,-5.0,-4.0,14.0
cfb,2026,2,ml,Villanova,Louisville,+2400|-10000|+6600|N/A,2400.0,-10000.0,6600.0,,,,,,,,15327.0,4200.0,,
cfb,2026,2,ml,Richmond,NC State,+3000|-10000|+4000|-6500,3000.0,-10000.0,4000.0,,-6500.0,,8.0,92.0,48.0,52.0,10607.0,1000.0,3500.0,40.0
cfb,2026,2,ml,Rutgers,Boston Col,+205|-255|+125|-142,205.0,-255.0,125.0,,-142.0,,17.0,83.0,85.0,15.0,40344.0,-80.0,113.0,68.0
cfb,2026,2,ml,Missouri,Kansas,-210|+176|-190|+168,-210.0,176.0,-190.0,,168.0,,89.0,11.0,64.0,36.0,71100.0,20.0,-8.0,-25.0
cfb,2026,2,ml,Oklahoma,Michigan,+122|-146|-215|+185,122.0,-146.0,-215.0,,185.0,,86.0,14.0,89.0,11.0,99020.0,-337.0,331.0,3.0
cfb,2026,2,ml,Wake Forest,Purdue,-162|+134|-135|+126,-162.0,134.0,-135.0,,126.0,,83.0,17.0,74.0,26.0,29201.0,27.0,-8.0,-9.0
cfb,2026,2,ml,App State,E. Carolina,+270|-345|+205|-230,270.0,-345.0,205.0,,-230.0,,6.0,94.0,4.0,96.0,14767.0,-65.0,115.0,-2.0
cfb,2026,2,ml,Gardner-Webb,Liberty,+1600|-4500|+2000|-3200,1600.0,-4500.0,2000.0,,-3200.0,,4.0,96.0,14.0,86.0,2443.0,400.0,1300.0,10.0
cfb,2026,2,ml,Washington St,K State,+800|-1400|+740|-950,800.0,-1400.0,740.0,,-950.0,,3.0,97.0,8.0,92.0,13500.0,-60.0,450.0,5.0
cfb,2026,2,ml,Wofford,Kent State,+550|-820|+350|-410,550.0,-820.0,350.0,,-410.0,,3.0,97.0,10.0,90.0,2887.0,-200.0,410.0,7.0
cfb,2026,2,ml,Arizona St,Texas A&M,+470|-650|+525|-550,470.0,-650.0,525.0,,-550.0,,3.0,97.0,7.0,93.0,35265.0,55.0,100.0,4.0
cfb,2026,2,ml,Penn State,Temple,-4000|+1400|-2500|+1400,-4000.0,1400.0,-2500.0,,1400.0,,97.0,3.0,94.0,6.0,25450.0,1500.0,0.0,-3.0
cfb,2026,2,ml,East Tenn,UNC,+4000|-20000|+5500|N/A,4000.0,-20000.0,5500.0,,,,,,,,3094.0,1500.0,,
cfb,2026,2,ml,Oregon,OK State,-1000|+640|-2200|+1300,-1000.0,640.0,-2200.0,,1300.0,,97.0,3.0,92.0,8.0,39879.0,-1200.0,660.0,-5.0
cfb,2026,2,ml,Old Dominion,VA Tech,+610|-950|+810|-950,610.0,-950.0,810.0,,-950.0,,3.0,97.0,3.0,97.0,20295.0,200.0,0.0,0.0
cfb,2026,2,ml,S. Florida,Army,+100|-120|+140|-165,100.0,-120.0,140.0,,-165.0,,12.0,88.0,35.0,65.0,20684.0,40.0,-45.0,23.0
cfb,2026,2,ml,Holy Cross,Miami (OH),+2400|-10000|+3500|-6500,2400.0,-10000.0,3500.0,,-6500.0,,2.0,98.0,13.0,87.0,2135.0,1100.0,3500.0,11.0
cfb,2026,2,ml,Colgate,C. Michigan,+1280|-3500|+920|-1400,1280.0,-3500.0,920.0,,-1400.0,,3.0,97.0,6.0,94.0,2448.0,-360.0,2100.0,3.0
cfb,2026,2,ml,Stony Brook,Ball State,+610|-950|+500|-550,610.0,-950.0,500.0,,-550.0,,2.0,98.0,1.0,99.0,2297.0,-110.0,400.0,-1.0
cfb,2026,2,ml,LA-Monroe,UAB,+285|-365|+290|-350,285.0,-365.0,290.0,,-350.0,,2.0,98.0,1.0,99.0,5482.0,5.0,15.0,-1.0
cfb,2026,2,ml,Utah State,Washington,+1400|-4000|+2000|-5000,1400.0,-4000.0,2000.0,,-5000.0,,1.0,99.0,4.0,96.0,9577.0,600.0,-1000.0,3.0
cfb,2026,2,ml,Robert Morris,Akron,+2000|-7000|+2000|-2800,2000.0,-7000.0,2000.0,,-2800.0,,2.0,98.0,18.0,82.0,2181.0,0.0,4200.0,16.0
cfb,2026,2,ml,Duke,Illinois,+240|-300|+205|-235,240.0,-300.0,205.0,,-235.0,,5.0,95.0,8.0,92.0,22719.0,-35.0,65.0,3.0
cfb,2026,2,ml,Sacred Heart,UMass,+1200|-3000|+1250|-2200,1200.0,-3000.0,1250.0,,-2200.0,,2.0,98.0,1.0,99.0,2600.0,50.0,800.0,-1.0
cfb,2026,2,ml,Central Conn,Toledo,+3006|-10000|+6600|N/A,3006.0,-10000.0,6600.0,,,,,,,,2130.0,3594.0,,
cfb,2026,2,ml,California,Syracuse,-126|+105|+164|-180,-126.0,105.0,164.0,,-180.0,,12.0,88.0,16.0,84.0,27061.0,290.0,-285.0,4.0
cfb,2026,2,ml,Mississippi St,Minnesota,-102|-118|-110|-105,-102.0,-118.0,-110.0,,-105.0,,71.0,29.0,85.0,15.0,40470.0,-8.0,13.0,14.0
cfb,2026,2,ml,Maryland,UConn,-385|+300|-450|+360,-385.0,300.0,-450.0,,360.0,,96.0,4.0,94.0,6.0,10652.0,-65.0,60.0,-2.0
cfb,2026,2,ml,UCF,Pittsburgh,+260|-330|+250|-280,260.0,-330.0,250.0,,-280.0,,4.0,96.0,8.0,92.0,16524.0,-10.0,50.0,4.0
cfb,2026,2,ml,Arizona,BYU,+265|-335|+220|-120,265.0,-335.0,220.0,,-120.0,,2.0,98.0,34.0,66.0,40056.0,-45.0,215.0,32.0
cfb,2026,2,ml,Alabama,Kentucky,-360|+280|-350|+300,-360.0,280.0,-350.0,,300.0,,98.0,2.0,96.0,4.0,68490.0,10.0,20.0,-2.0
cfb,2026,2,ml,E. Michigan,Michigan St,+610|-950|+650|-850,610.0,-950.0,650.0,,-850.0,,1.0,99.0,4.0,96.0,7355.0,40.0,100.0,3.0
cfb,2026,2,ml,Weber State,Colorado,+2500|-10000|+8000|-8000,2500.0,-10000.0,8000.0,,-8000.0,,2.0,98.0,14.0,86.0,3084.0,5500.0,2000.0,12.0
cfb,2026,2,ml,UTSA,Texas St,-118|-102|+112|-120,-118.0,-102.0,112.0,,-120.0,,25.0,75.0,34.0,66.0,13570.0,230.0,-18.0,9.0
cfb,2026,2,ml,UNLV,North Texas,-245|+198|-140|+126,-245.0,198.0,-140.0,,126.0,,94.0,6.0,91.0,9.0,19068.0,105.0,-72.0,-3.0
cfb,2026,2,ml,N. Colorado,Wyoming,+1400|-4000|+1200|-1800,1400.0,-4000.0,1200.0,,-1800.0,,2.0,98.0,1.0,99.0,1666.0,-200.0,2200.0,-1.0
cfb,2026,2,ml,UC Davis,SMU,+1200|-2400|+3000|-3200,1200.0,-2400.0,3000.0,,-3200.0,,2.0,98.0,12.0,88.0,8143.0,1800.0,-800.0,10.0
cfb,2026,2,ml,Alabama St,Troy,+980|-2000|+1200|-1700,980.0,-2000.0,1200.0,,-1700.0,,2.0,98.0,16.0,84.0,1257.0,220.0,300.0,14.0
cfb,2026,2,ml,Delaware,Vanderbilt,+1200|-3000|+950|-1350,1200.0,-3000.0,950.0,,-1350.0,,1.0,99.0,1.0,99.0,9557.0,-250.0,1650.0,0.0
cfb,2026,2,ml,Memphis,Boise State,+260|-330|+285|-330,260.0,-330.0,285.0,,-330.0,,3.0,97.0,3.0,97.0,30317.0,25.0,0.0,0.0
cfb,2026,2,ml,Buffalo,FIU,+245|-310|+280|-335,245.0,-310.0,280.0,,-335.0,,2.0,98.0,92.0,8.0,13232.0,35.0,-25.0,90.0
cfb,2026,2,ml,Jax State,Ohio,-104|-115|+105|-120,-104.0,-115.0,105.0,,-120.0,,11.0,89.0,30.0,70.0,8082.0,209.0,-5.0,19.0
cfb,2026,2,ml,Monmouth,W. Michigan,+1400|-4000|+2800|-5000,1400.0,-4000.0,2800.0,,-5000.0,,3.0,97.0,2.0,98.0,2933.0,1400.0,-1000.0,-1.0
cfb,2026,2,ml,S. Alabama,Tulane,+300|-380|+315|-360,300.0,-380.0,315.0,,-360.0,,2.0,98.0,20.0,80.0,11687.0,15.0,20.0,18.0
cfb,2026,2,ml,W. Carolina,Cincinnati,+2400|-10000|+3500|-10000,2400.0,-10000.0,3500.0,,-10000.0,,3.0,97.0,3.0,97.0,1711.0,1100.0,0.0,0.0
cfb,2026,2,ml,Tulsa,Sam Houston,-550|+400|-470|+420,-550.0,400.0,-470.0,,420.0,,98.0,2.0,80.0,20.0,13328.0,80.0,20.0,-18.0
cfb,2026,2,ml,Lindenwood,Missouri St,+1160|-2800|+1200|-900,1160.0,-2800.0,1200.0,,-900.0,,4.0,96.0,1.0,99.0,1428.0,40.0,1900.0,-3.0
cfb,2026,2,ml,Bowling Green,Nebraska,+1600|-4500|+3500|-7000,1600.0,-4500.0,3500.0,,-7000.0,,1.0,99.0,2.0,98.0,16463.0,1900.0,-2500.0,1.0
cfb,2026,2,ml,West Georgia,Arkansas St,+2000|-8000|+3500|-8000,2000.0,-8000.0,3500.0,,-8000.0,,2.0,98.0,61.0,39.0,2382.0,1500.0,0.0,59.0
cfb,2026,2,ml,Georgia State,Kennesaw St,+270|-340|+260|-300,270.0,-340.0,260.0,,-300.0,,1.0,99.0,38.0,62.0,11263.0,-10.0,40.0,37.0
cfb,2026,2,ml,Illinois St,N. Illinois,-170|+140|-145|+125,-170.0,140.0,-145.0,,125.0,,94.0,6.0,44.0,56.0,2342.0,25.0,-15.0,-50.0
cfb,2026,2,ml,Middle Tenn,Marshall,+650|-1000|+400|-430,650.0,-1000.0,400.0,,-430.0,,1.0,99.0,19.0,81.0,7472.0,-250.0,570.0,18.0
cfb,2026,2,ml,Tennessee,GA Tech,-350|+275|-485|+380,-350.0,275.0,-485.0,,380.0,,99.0,1.0,94.0,6.0,43671.0,-135.0,105.0,-5.0
cfb,2026,2,ml,Southern Utah,Colorado St,+920|-1800|+920|-1300,920.0,-1800.0,920.0,,-1300.0,,1.0,99.0,100.0,1.0,2019.0,0.0,500.0,99.0
cfb,2026,2,ml,W. Illinois,Wisconsin,+3500|-20000|+20000|N/A,3500.0,-20000.0,20000.0,,,,,,,,3402.0,16500.0,,
cfb,2026,2,ml,San Diego St,UCLA,+320|-420|+450|-525,320.0,-420.0,450.0,,-525.0,,1.0,99.0,1.0,99.0,20467.0,130.0,-105.0,0.0
cfb,2026,2,ml,Ohio State,Texas,+111|-135|+115|-126,111.0,-135.0,115.0,,-126.0,,48.0,52.0,51.0,49.0,109875.0,4.0,9.0,3.0
cfb,2026,2,ml,Fordham,Coastal Car,+3500|-20000|+5500|-10000,3500.0,-20000.0,5500.0,,-10000.0,,2.0,98.0,1.0,99.0,1610.0,2000.0,10000.0,-1.0
cfb,2026,2,ml,Iowa State,Iowa,+450|-630|+475|-600,450.0,-630.0,475.0,,-600.0,,2.0,98.0,54.0,46.0,35240.0,25.0,30.0,52.0
cfb,2026,2,ml,LA Tech,LSU,+3000|-10000|+4000|-15000,3000.0,-10000.0,4000.0,,-15000.0,,5.0,95.0,17.0,83.0,20957.0,1000.0,-5000.0,12.0
cfb,2026,2,ml,Navy,FL Atlantic,-250|+205|-200|+170,-250.0,205.0,-200.0,,170.0,,96.0,4.0,93.0,7.0,18084.0,50.0,-35.0,-3.0
cfb,2026,2,ml,Texas Tech,Oregon St,-10000|+2400|-2500|+1600,-10000.0,2400.0,-2500.0,,1600.0,,97.0,3.0,88.0,12.0,19068.0,7500.0,-800.0,-9.0
cfb,2026,2,ml,Southern Miss,Auburn,+1800|-5000|+2500|-8000,1800.0,-5000.0,2500.0,,-8000.0,,3.0,97.0,40.0,60.0,12934.0,700.0,-3000.0,37.0
cfb,2026,2,ml,Prairie View,Baylor,+3000|-10000|+2800|N/A,3000.0,-10000.0,2800.0,,,,,,,,2680.0,-200.0,,
cfb,2026,2,ml,Cal Poly,San Jose St,+1160|-2800|+1160|-1800,1160.0,-2800.0,1160.0,,-1800.0,,1.0,99.0,1.0,99.0,2605.0,0.0,1000.0,0.0
cfb,2026,2,ml,Texas Southern,UTEP,+2000|-7000|+1700|-2500,2000.0,-7000.0,1700.0,,-2500.0,,3.0,97.0,12.0,88.0,1277.0,-300.0,4500.0,9.0
cfb,2026,2,ml,GA Southern,Clemson,+1700|-4500|+850|-1200,1700.0,-4500.0,850.0,,-1200.0,,2.0,98.0,29.0,71.0,11203.0,-850.0,3300.0,27.0
cfb,2026,2,ml,ND State,Air Force,-245|+200|-120|+102,-245.0,200.0,-120.0,,102.0,,84.0,16.0,77.0,23.0,18750.0,125.0,-98.0,-7.0
cfb,2026,2,ml,Arkansas,Utah,+255|-320|+455|-425,255.0,-320.0,455.0,,-425.0,,4.0,96.0,3.0,97.0,27338.0,200.0,-105.0,-1.0
cfb,2026,2,ml,Montana St,Nevada,-220|+180|-205|+180,-220.0,180.0,-205.0,,180.0,,83.0,17.0,35.0,65.0,13020.0,15.0,0.0,-48.0
cfb,2026,2,ml,Sac State,Fresno State,+675|-1050|+740|-950,675.0,-1050.0,740.0,,-950.0,,2.0,98.0,5.0,95.0,14075.0,65.0,100.0,3.0
cfb,2026,2,ml,Louisiana,USC,+2200|-8000|+3000|-6500,2200.0,-8000.0,3000.0,,-6500.0,,1.0,99.0,17.0,83.0,11632.0,800.0,1500.0,16.0
cfb,2026,3,spread,Montana,Oregon St,+9.5|-9.5|+17.5|-110|-17.5|-105,9.5,-9.5,17.5,-110.0,-17.5,-105.0,9.0,91.0,8.0,92.0,7088.0,8.0,-8.0,-1.0
cfb,2026,3,spread,Purdue,UCLA,+12.5|-12.5|+13.5|+100|-14|-108,12.5,-12.5,13.5,100.0,-14.0,-108.0,5.0,95.0,5.0,95.0,21270.0,1.0,-1.5,0.0
cfb,2026,3,spread,Fresno State,San Jose St,-6.5|+6.5|-3.5|-105|+4.5|-110,-6.5,6.5,-3.5,-105.0,4.5,-110.0,62.0,38.0,36.0,64.0,21356.0,3.0,-2.0,-26.0
cfb,2026,3,spread,N. Illinois,Arizona,+31.5|-31.5|+34.5|-108|-34.5|-110,31.5,-31.5,34.5,-108.0,-34.5,-110.0,73.0,27.0,77.0,23.0,7007.0,3.0,-3.0,4.0
cfb,2026,3,spread,ND State,Sac State,-23.5|+23.5|-25|-108|+26.5|-105,-23.5,23.5,-25.0,-108.0,26.5,-105.0,19.0,81.0,19.0,81.0,13192.0,-1.5,3.0,0.0
cfb,2026,3,spread,South Dakota,Boise State,+22.5|-22.5|+28|-108|-28.5|-105,22.5,-22.5,28.0,-108.0,-28.5,-105.0,43.0,57.0,32.0,68.0,7840.0,5.5,-6.0,-11.0
cfb,2026,3,spread,JMU,San Diego St,+1.5|-1.5|+2.5|-102|-1.5|-110,1.5,-1.5,2.5,-102.0,-1.5,-110.0,70.0,30.0,59.0,41.0,15125.0,1.0,0.0,-11.0
cfb,2026,3,spread,BYU,Colorado St,-20.5|+20.5|-17.5|-110|+17.5|-105,-20.5,20.5,-17.5,-110.0,17.5,-105.0,63.0,37.0,56.0,44.0,17993.0,3.0,-3.0,-7.0
cfb,2026,3,spread,UTSA,Texas,+29.5|-29.5|+29.5|-105|-30|-108,29.5,-29.5,29.5,-105.0,-30.0,-108.0,55.0,45.0,52.0,48.0,19826.0,0.0,-0.5,-3.0
cfb,2026,3,spread,E TA&M,Tulsa,+42.5|-42.5|+41.5|-106|-41.5|-102,42.5,-42.5,41.5,-106.0,-41.5,-102.0,48.0,52.0,82.0,18.0,1696.0,-1.0,1.0,34.0
cfb,2026,3,spread,Arkansas St,TCU,+20.5|-20.5|+19.5|+102|-19.5|-102,20.5,-20.5,19.5,102.0,-19.5,-102.0,39.0,61.0,53.0,47.0,8799.0,-1.0,1.0,14.0
cfb,2026,3,spread,UAB,Louisiana,+8.5|-8.5|+6.5|+111|-7|-105,8.5,-8.5,6.5,111.0,-7.0,-105.0,34.0,66.0,58.0,42.0,8012.0,-2.0,1.5,24.0
cfb,2026,3,spread,Kennesaw St,Tennessee,+35.5|-35.5|+35.5|-112|-35.5|-105,35.5,-35.5,35.5,-112.0,-35.5,-105.0,53.0,47.0,49.0,51.0,10006.0,0.0,0.0,-4.0
cfb,2026,3,spread,Colorado,Northwestern,+5.5|-5.5|+3.5|-110|-3.5|-105,5.5,-5.5,3.5,-110.0,-3.5,-105.0,79.0,21.0,69.0,31.0,21946.0,-2.0,2.0,-10.0
cfb,2026,3,spread,Michigan St,Notre Dame,+29.5|-29.5|+28.5|-105|-29.5|-106,29.5,-29.5,28.5,-105.0,-29.5,-106.0,47.0,53.0,54.0,46.0,18796.0,-1.0,0.0,7.0
cfb,2026,3,spread,LSU,Ole Miss,+2.5|-2.5|-3|-105|+3.5|-115,2.5,-2.5,-3.0,-105.0,3.5,-115.0,52.0,48.0,54.0,46.0,111884.0,-5.5,6.0,2.0
cfb,2026,3,spread,VA Tech,Maryland,-1.5|+1.5|-2|-110|+2.5|-108,-1.5,1.5,-2.0,-110.0,2.5,-108.0,67.0,33.0,68.0,32.0,32528.0,-0.5,1.0,1.0
cfb,2026,3,spread,New Mexico,Oklahoma,+21.5|-21.5|+21.5|-112|-21.5|-105,21.5,-21.5,21.5,-112.0,-21.5,-105.0,43.0,57.0,52.0,48.0,21674.0,0.0,0.0,9.0
cfb,2026,3,spread,West Virginia,Virginia,+8.5|-8.5|+10.5|-105|-11.5|-105,8.5,-8.5,10.5,-105.0,-11.5,-105.0,40.0,60.0,47.0,53.0,21820.0,2.0,-3.0,7.0
cfb,2026,3,spread,Eastern Wash,Washington,+44.5|-44.5|+42.5|-108|-42.5|-110,44.5,-44.5,42.5,-108.0,-42.5,-110.0,69.0,31.0,78.0,22.0,2251.0,-2.0,2.0,9.0
cfb,2026,3,spread,North Dakota,Nebraska,+24.5|-24.5|+26.5|+106|-26.5|-106,24.5,-24.5,26.5,106.0,-26.5,-106.0,65.0,35.0,66.0,34.0,5220.0,2.0,-2.0,1.0
cfb,2026,3,spread,GA Southern,Jax State,+2.5|-2.5|+3.5|-110|-3.5|-108,2.5,-2.5,3.5,-110.0,-3.5,-108.0,41.0,59.0,52.0,48.0,4538.0,1.0,-1.0,11.0
cfb,2026,3,spread,Nicholls St,Sam Houston,+18.5|-18.5|+21.5|-110|-21.5|-105,18.5,-18.5,21.5,-110.0,-21.5,-105.0,46.0,54.0,45.0,55.0,1585.0,3.0,-3.0,-1.0
cfb,2026,3,spread,Nevada,Middle Tenn,-6.5|+6.5|-4.5|+111|+4.5|-111,-6.5,6.5,-4.5,111.0,4.5,-111.0,51.0,49.0,54.0,46.0,6108.0,2.0,-2.0,3.0
cfb,2026,3,spread,Ohio,S. Alabama,+3.5|-3.5|+13.5|-115|-7|-105,3.5,-3.5,13.5,-115.0,-7.0,-105.0,49.0,51.0,41.0,59.0,13606.0,10.0,-3.5,-8.0
cfb,2026,3,spread,Delaware St,S. Florida,+37.5|-37.5|+36.5|-105|-37.5|-105,37.5,-37.5,36.5,-105.0,-37.5,-105.0,38.0,62.0,40.0,60.0,1802.0,-1.0,0.0,2.0
cfb,2026,3,spread,Murray State,OK State,+57.5|-57.5|+55.5|+100|-56.5|-105,57.5,-57.5,55.5,100.0,-56.5,-105.0,56.0,44.0,56.0,44.0,3483.0,-2.0,1.0,0.0
cfb,2026,3,spread,W. Michigan,Rice,-10.5|+10.5|-7.5|-110|+8.5|-105,-10.5,10.5,-7.5,-110.0,8.5,-105.0,80.0,20.0,82.0,18.0,16186.0,3.0,-2.0,2.0
cfb,2026,3,spread,Florida,Auburn,-1.5|+1.5|-2.5|-105|+5.5|-110,-1.5,1.5,-2.5,-105.0,5.5,-110.0,61.0,39.0,48.0,52.0,59287.0,-1.0,4.0,-13.0
cfb,2026,3,spread,Georgia State,UCF,+19.5|-19.5|+17.5|-114|-17.5|-102,19.5,-19.5,17.5,-114.0,-17.5,-102.0,44.0,56.0,46.0,54.0,10097.0,-2.0,2.0,2.0
cfb,2026,3,spread,Troy,Missouri,+27.5|-27.5|+27|-110|-26.5|-105,27.5,-27.5,27.0,-110.0,-26.5,-105.0,75.0,25.0,68.0,32.0,10011.0,-0.5,1.0,-7.0
cfb,2026,3,spread,UConn,Southern Miss,-2.5|+2.5|-3.5|-102|+3.5|-110,-2.5,2.5,-3.5,-102.0,3.5,-110.0,62.0,38.0,53.0,47.0,5099.0,-1.0,1.0,-9.0
cfb,2026,3,spread,TN-Martin,Memphis,+35.5|-35.5|+33.5|-110|-33.5|-110,35.5,-35.5,33.5,-110.0,-33.5,-110.0,36.0,64.0,36.0,64.0,1448.0,-2.0,2.0,0.0
cfb,2026,3,spread,Marshall,Missouri St,-4.5|+4.5|-4.5|+106|+4.5|-106,-4.5,4.5,-4.5,106.0,4.5,-106.0,43.0,57.0,39.0,61.0,6280.0,0.0,0.0,-4.0
cfb,2026,3,spread,FIU,FL Atlantic,+9.5|-9.5|+5.5|-115|-4.5|-110,9.5,-9.5,5.5,-115.0,-4.5,-110.0,22.0,78.0,24.0,76.0,10622.0,-4.0,5.0,2.0
cfb,2026,3,spread,Charlotte,App State,+19.5|-19.5|+15.5|-105|-16.5|-108,19.5,-19.5,15.5,-105.0,-16.5,-108.0,20.0,80.0,21.0,79.0,6184.0,-4.0,3.0,1.0
cfb,2026,3,spread,E. Carolina,Old Dominion,+2.5|-2.5|+2.5|-105|-2.5|-108,2.5,-2.5,2.5,-105.0,-2.5,-108.0,55.0,45.0,53.0,47.0,7992.0,0.0,0.0,-2.0
cfb,2026,3,spread,Florida St,Alabama,+15.5|-15.5|+18.5|-108|-18.5|-105,15.5,-15.5,18.5,-108.0,-18.5,-105.0,60.0,40.0,57.0,43.0,44332.0,3.0,-3.0,-3.0
cfb,2026,3,spread,SE Louisiana,LA-Monroe,+12.5|-12.5|+10|-105|-9.5|-115,12.5,-12.5,10.0,-105.0,-9.5,-115.0,3.0,97.0,2.0,98.0,2009.0,-2.5,3.0,-1.0
cfb,2026,3,spread,Mississippi St,S. Carolina,+7.5|-7.5|+3|-105|+16.5|+100,7.5,-7.5,3.0,-105.0,16.5,100.0,66.0,34.0,53.0,47.0,49537.0,-4.5,24.0,-13.0
cfb,2026,3,spread,Stanford,Duke,+11.5|-11.5|+9.5|+102|-10|-108,11.5,-11.5,9.5,102.0,-10.0,-108.0,36.0,64.0,31.0,69.0,18377.0,-2.0,1.5,-5.0
cfb,2026,3,spread,Ball State,Liberty,+13.5|-13.5|+14.5|-110|+6.5|+100,13.5,-13.5,14.5,-110.0,6.5,100.0,6.0,94.0,6.0,94.0,7552.0,1.0,20.0,0.0
cfb,2026,3,spread,LA Tech,Baylor,+18.5|-18.5|+19.5|-105|-20.5|-106,18.5,-18.5,19.5,-105.0,-20.5,-106.0,80.0,20.0,81.0,19.0,15211.0,1.0,-2.0,1.0
cfb,2026,3,spread,N. Iowa,Iowa,+41.5|-41.5|+37.5|-102|-37.5|-115,41.5,-41.5,37.5,-102.0,-37.5,-115.0,72.0,28.0,77.0,23.0,7517.0,-4.0,4.0,5.0
cfb,2026,3,spread,W. Kentucky,Indiana,+44.5|-44.5|+44.5|+100|-44.5|-110,44.5,-44.5,44.5,100.0,-44.5,-110.0,62.0,38.0,46.0,54.0,14772.0,0.0,0.0,-16.0
cfb,2026,3,spread,UTEP,Michigan,+35.5|-35.5|+34.5|-104|-34.5|-105,35.5,-35.5,34.5,-104.0,-34.5,-105.0,63.0,37.0,53.0,47.0,18508.0,-1.0,1.0,-10.0
cfb,2026,3,spread,USC,Rutgers,-24.5|+24.5|-21.5|-105|+21|-102,-24.5,24.5,-21.5,-105.0,21.0,-102.0,47.0,53.0,49.0,51.0,34901.0,3.0,-3.5,2.0
cfb,2026,3,spread,Utah State,Utah,+26.5|-26.5|+26.5|-110|-26|-108,26.5,-26.5,26.5,-110.0,-26.0,-108.0,42.0,58.0,37.0,63.0,16085.0,0.0,0.5,-5.0
cfb,2026,3,spread,Duquesne,Washington St,+35.5|-35.5|+38|-105|-38.5|-105,35.5,-35.5,38.0,-105.0,-38.5,-105.0,38.0,62.0,27.0,73.0,2241.0,2.5,-3.0,-11.0
cfb,2026,3,spread,Stonehill,UMass,+34.5|-34.5|+30.5|-105|-31.5|-106,34.5,-34.5,30.5,-105.0,-31.5,-106.0,51.0,49.0,63.0,37.0,2181.0,-4.0,3.0,12.0
cfb,2026,3,spread,Miami (OH),Cincinnati,+13.5|-13.5|+14.5|-108|-14.5|-108,13.5,-13.5,14.5,-108.0,-14.5,-108.0,8.0,92.0,7.0,93.0,12556.0,1.0,-1.0,-1.0
cfb,2026,3,spread,Kentucky,Texas A&M,+14.5|-14.5|+16.5|-105|-16.5|-110,14.5,-14.5,16.5,-105.0,-16.5,-110.0,12.0,88.0,13.0,87.0,32155.0,2.0,-2.0,1.0
cfb,2026,3,spread,SMU,Louisville,+1.5|-1.5|+3|-105|-3|-105,1.5,-1.5,3.0,-105.0,-3.0,-105.0,57.0,43.0,62.0,38.0,66557.0,1.5,-1.5,5.0
cfb,2026,3,spread,Wagner,California,+58.5|-58.5|+58.5|-110|-59|-105,58.5,-58.5,58.5,-110.0,-59.0,-105.0,63.0,37.0,55.0,45.0,1055.0,0.0,-0.5,-8.0
cfb,2026,3,spread,Temple,Toledo,+2.5|-2.5|+4.5|+100|-4.5|-110,2.5,-2.5,4.5,100.0,-4.5,-110.0,18.0,82.0,16.0,84.0,9804.0,2.0,-2.0,-2.0
cfb,2026,3,spread,Maine,Boston Col,+39.5|-39.5|+37.5|-105|-38|-105,39.5,-39.5,37.5,-105.0,-38.0,-105.0,63.0,37.0,54.0,46.0,2494.0,-2.0,1.5,-9.0
cfb,2026,3,spread,S. Illinois,Illinois,+41.5|-41.5|+34.5|+100|-35.5|+100,41.5,-41.5,34.5,100.0,-35.5,100.0,69.0,31.0,77.0,23.0,3231.0,-7.0,6.0,8.0
cfb,2026,3,spread,Wyoming,C. Michigan,+1.5|-1.5|-1.5|-110|+2|-108,1.5,-1.5,-1.5,-110.0,2.0,-108.0,63.0,37.0,82.0,18.0,9400.0,-3.0,3.5,19.0
cfb,2026,3,spread,NC State,Vanderbilt,+4.5|-4.5|+4.5|-120|-3|-108,4.5,-4.5,4.5,-120.0,-3.0,-108.0,40.0,60.0,57.0,43.0,26707.0,0.0,1.5,17.0
cfb,2026,3,spread,E. Michigan,Wisconsin,+24.5|-24.5|+23.5|-108|-23|-110,24.5,-24.5,23.5,-108.0,-23.0,-110.0,59.0,41.0,50.0,50.0,11672.0,-1.0,1.5,-9.0
cfb,2026,3,spread,UNC,Clemson,+9.5|-9.5|+2.5|+100|-3|-105,9.5,-9.5,2.5,100.0,-3.0,-105.0,54.0,46.0,62.0,38.0,47866.0,-7.0,6.5,8.0
cfb,2026,3,spread,Kent State,Ohio State,+52.5|-52.5|+31.5|+100|-31.5|+100,52.5,-52.5,31.5,100.0,-31.5,100.0,42.0,58.0,27.0,73.0,19074.0,-21.0,21.0,-15.0
cfb,2026,3,spread,Arizona St,Kansas,-5.5|+5.5|-5|-105|+5.5|-110,-5.5,5.5,-5.0,-105.0,5.5,-110.0,57.0,43.0,68.0,32.0,28126.0,0.5,0.0,11.0
cfb,2026,3,spread,North Texas,Texas St,+2.5|-2.5|+3|-102|-3|-105,2.5,-2.5,3.0,-102.0,-3.0,-105.0,45.0,55.0,41.0,59.0,26147.0,0.5,-0.5,-4.0
cfb,2026,3,spread,Mercer,GA Tech,+41.5|-41.5|+38.5|-105|-38.5|-110,41.5,-41.5,38.5,-105.0,-38.5,-110.0,50.0,50.0,45.0,55.0,5210.0,-3.0,3.0,-5.0
cfb,2026,3,spread,Akron,Minnesota,+28.5|-28.5|+22.5|+102|-23|-110,28.5,-28.5,22.5,102.0,-23.0,-110.0,69.0,31.0,67.0,33.0,9890.0,-6.0,5.5,-2.0
cfb,2026,3,spread,Tulane,K State,+20.5|-20.5|+20.5|-110|-20.5|-108,20.5,-20.5,20.5,-110.0,-20.5,-108.0,70.0,30.0,63.0,37.0,16261.0,0.0,0.0,-7.0
cfb,2026,3,spread,Georgia,Arkansas,-16.5|+16.5|-24.5|-110|+24.5|-105,-16.5,16.5,-24.5,-110.0,24.5,-105.0,76.0,24.0,83.0,17.0,52653.0,-8.0,8.0,7.0
cfb,2026,3,spread,Bowling Green,Iowa State,+23.5|-23.5|+44.5|+100|-23|-108,23.5,-23.5,44.5,100.0,-23.0,-108.0,54.0,46.0,62.0,38.0,12818.0,21.0,0.5,8.0
cfb,2026,3,spread,Buffalo,Penn State,+39.5|-39.5|+39|-108|-25.5|+100,39.5,-39.5,39.0,-108.0,-25.5,100.0,67.0,33.0,45.0,55.0,8804.0,-0.5,14.0,-22.0
cfb,2026,3,spread,Coastal Car,Delaware,+4.5|-4.5|+4.5|-105|-4.5|-108,4.5,-4.5,4.5,-105.0,-4.5,-108.0,36.0,64.0,39.0,61.0,22527.0,0.0,0.0,3.0
cfb,2026,3,spread,Portland State,Oregon,+57.5|-57.5|+58.5|-105|-59|-105,57.5,-57.5,58.5,-105.0,-59.0,-105.0,45.0,55.0,25.0,75.0,13813.0,1.0,-1.5,-20.0
cfb,2026,3,spread,Houston,Texas Tech,+13|-13|+8.5|-112|-7.5|-110,13.0,-13.0,8.5,-112.0,-7.5,-110.0,41.0,59.0,54.0,46.0,75846.0,-4.5,5.5,13.0
cfb,2026,3,spread,Miami (FL),Wake Forest,-19.5|+19.5|-20|-110|+19.5|-105,-19.5,19.5,-20.0,-110.0,19.5,-105.0,48.0,52.0,59.0,41.0,69490.0,-0.5,0.0,11.0
cfb,2026,3,spread,Syracuse,Pittsburgh,+10.5|-10.5|+10.5|-108|-10.5|-108,10.5,-10.5,10.5,-108.0,-10.5,-108.0,41.0,59.0,44.0,56.0,,0.0,0.0,3.0
cfb,2026,3,total,Syracuse,Pittsburgh,o59.5|u59.5|o51.5|-102|u51.5|-110,59.5,59.5,51.5,-102.0,51.5,-110.0,69.0,31.0,63.0,37.0,32256.0,-8.0,-8.0,-6.0
cfb,2026,3,total,Miami (FL),Wake Forest,o50.5|u50.5|o56.5|+111|u56.5|-111,50.5,50.5,56.5,111.0,56.5,-111.0,77.0,23.0,82.0,18.0,69490.0,6.0,6.0,5.0
cfb,2026,3,total,Houston,Texas Tech,o54|u54|o51.5|-111|u51.5|+111,54.0,54.0,51.5,-111.0,51.5,111.0,85.0,15.0,85.0,15.0,75846.0,-2.5,-2.5,0.0
cfb,2026,3,total,Portland State,Oregon,o64.5|u64.5|o71.5|-110|u71.5|-105,64.5,64.5,71.5,-110.0,71.5,-105.0,52.0,48.0,62.0,38.0,13813.0,7.0,7.0,10.0
cfb,2026,3,total,Coastal Car,Delaware,o57.5|u57.5|o55.5|-111|u55.5|+111,57.5,57.5,55.5,-111.0,55.5,111.0,62.0,38.0,65.0,35.0,22527.0,-2.0,-2.0,3.0
cfb,2026,3,total,UNC,Clemson,o44.5|u44.5|o44.5|-105|u44.5|-110,44.5,44.5,44.5,-105.0,44.5,-110.0,89.0,11.0,78.0,22.0,47866.0,0.0,0.0,-11.0
cfb,2026,3,total,Kent State,Ohio State,o56.5|u56.5|o59.5|+105|u59.5|-120,56.5,56.5,59.5,105.0,59.5,-120.0,78.0,22.0,87.0,13.0,19074.0,3.0,3.0,9.0
cfb,2026,3,total,Arizona St,Kansas,o56.5|u56.5|o50.5|-112|u50.5|-102,56.5,56.5,50.5,-112.0,50.5,-102.0,71.0,29.0,72.0,28.0,28126.0,-6.0,-6.0,1.0
cfb,2026,3,total,North Texas,Texas St,o63.5|u63.5|o62.5|-102|u62.5|+102,63.5,63.5,62.5,-102.0,62.5,102.0,48.0,52.0,53.0,47.0,26147.0,-1.0,-1.0,5.0
cfb,2026,3,total,Mercer,GA Tech,o60.5|u60.5|o58.5|+111|u58.5|-111,60.5,60.5,58.5,111.0,58.5,-111.0,54.0,46.0,46.0,54.0,5210.0,-2.0,-2.0,-8.0
cfb,2026,3,total,Akron,Minnesota,o47.5|u47.5|o48.5|-105|u47.5|+115,47.5,47.5,48.5,-105.0,47.5,115.0,73.0,27.0,60.0,40.0,9890.0,1.0,0.0,-13.0
cfb,2026,3,total,Tulane,K State,o50.5|u50.5|o49.5|-104|u49.5|+104,50.5,50.5,49.5,-104.0,49.5,104.0,81.0,19.0,81.0,19.0,16261.0,-1.0,-1.0,0.0
cfb,2026,3,total,Georgia,Arkansas,o55.5|u55.5|o54.5|+102|u54.5|-102,55.5,55.5,54.5,102.0,54.5,-102.0,68.0,32.0,72.0,28.0,52653.0,-1.0,-1.0,4.0
cfb,2026,3,total,Bowling Green,Iowa State,o47.5|u47.5|o43.5|-106|u43.5|+106,47.5,47.5,43.5,-106.0,43.5,106.0,86.0,14.0,84.0,16.0,12818.0,-4.0,-4.0,-2.0
cfb,2026,3,total,Buffalo,Penn State,o48.5|u48.5|o48.5|-102|u47.5|+115,48.5,48.5,48.5,-102.0,47.5,115.0,86.0,14.0,89.0,11.0,8804.0,0.0,-1.0,3.0
cfb,2026,3,total,E. Michigan,Wisconsin,o47.5|u47.5|o44.5|-105|u43.5|-102,47.5,47.5,44.5,-105.0,43.5,-102.0,86.0,14.0,84.0,16.0,11672.0,-3.0,-4.0,-2.0
cfb,2026,3,total,NC State,Vanderbilt,o51.5|u51.5|o49.5|-110|u50.5|+106,51.5,51.5,49.5,-110.0,50.5,106.0,81.0,19.0,77.0,23.0,26707.0,-2.0,-1.0,-4.0
cfb,2026,3,total,Wyoming,C. Michigan,o43.5|u43.5|o40.5|+111|u40.5|-111,43.5,43.5,40.5,111.0,40.5,-111.0,83.0,17.0,84.0,16.0,9400.0,-3.0,-3.0,1.0
cfb,2026,3,total,Maine,Boston Col,o52.5|u52.5|o53.5|-115|u53.5|+115,52.5,52.5,53.5,-115.0,53.5,115.0,78.0,22.0,81.0,19.0,2494.0,1.0,1.0,3.0
cfb,2026,3,total,S. Illinois,Illinois,o53.5|u53.5|o56.5|+111|u56.5|-111,53.5,53.5,56.5,111.0,56.5,-111.0,60.0,40.0,68.0,32.0,3231.0,3.0,3.0,8.0
cfb,2026,3,total,Temple,Toledo,o52.5|u52.5|o48.5|-110|u48.5|-105,52.5,52.5,48.5,-110.0,48.5,-105.0,79.0,21.0,63.0,37.0,9804.0,-4.0,-4.0,-16.0
cfb,2026,3,total,UTEP,Michigan,o48.5|u48.5|o48.5|-108|u48.5|-105,48.5,48.5,48.5,-108.0,48.5,-105.0,82.0,18.0,80.0,20.0,18508.0,0.0,0.0,-2.0
cfb,2026,3,total,USC,Rutgers,o55.5|u55.5|o57.5|-110|u58.5|+102,55.5,55.5,57.5,-110.0,58.5,102.0,46.0,54.0,34.0,66.0,34901.0,2.0,3.0,-12.0
cfb,2026,3,total,Utah State,Utah,o57.5|u57.5|o56.5|+111|u56.5|-110,57.5,57.5,56.5,111.0,56.5,-110.0,55.0,45.0,60.0,40.0,16085.0,-1.0,-1.0,5.0
cfb,2026,3,total,Duquesne,Washington St,o52.5|u52.5|o51.5|-110|u51.5|+111,52.5,52.5,51.5,-110.0,51.5,111.0,76.0,24.0,41.0,59.0,2241.0,-1.0,-1.0,-35.0
cfb,2026,3,total,Stonehill,UMass,o44.5|u44.5|o50.5|-115|u50.5|-102,44.5,44.5,50.5,-115.0,50.5,-102.0,84.0,16.0,87.0,13.0,2181.0,6.0,6.0,3.0
cfb,2026,3,total,Miami (OH),Cincinnati,o48.5|u48.5|o49.5|-111|u49.5|+111,48.5,48.5,49.5,-111.0,49.5,111.0,68.0,32.0,75.0,25.0,12556.0,1.0,1.0,7.0
cfb,2026,3,total,Kentucky,Texas A&M,o48.5|u48.5|o49.5|+111|u49.5|-111,48.5,48.5,49.5,111.0,49.5,-111.0,77.0,23.0,84.0,16.0,32155.0,1.0,1.0,7.0
cfb,2026,3,total,SMU,Louisville,o56.5|u56.5|o57.5|-110|u57.5|-105,56.5,56.5,57.5,-110.0,57.5,-105.0,57.0,43.0,66.0,34.0,66557.0,1.0,1.0,9.0
cfb,2026,3,total,Wagner,California,o65.5|u65.5|o65.5|-105|u65.5|-102,65.5,65.5,65.5,-105.0,65.5,-102.0,48.0,52.0,57.0,43.0,1055.0,0.0,0.0,9.0
cfb,2026,3,total,Stanford,Duke,o50.5|u50.5|o51.5|-102|u51.5|-112,50.5,50.5,51.5,-102.0,51.5,-112.0,82.0,18.0,85.0,15.0,18377.0,1.0,1.0,3.0
cfb,2026,3,total,Ball State,Liberty,o58.5|u58.5|o48.5|-112|u49.5|-112,58.5,58.5,48.5,-112.0,49.5,-112.0,74.0,26.0,69.0,31.0,7552.0,-10.0,-9.0,-5.0
cfb,2026,3,total,LA Tech,Baylor,o55.5|u55.5|o50|-110|u50.5|-110,55.5,55.5,50.0,-110.0,50.5,-110.0,79.0,21.0,60.0,40.0,15211.0,-5.5,-5.0,-19.0
cfb,2026,3,total,N. Iowa,Iowa,o48.5|u48.5|o48.5|-110|u48.5|-105,48.5,48.5,48.5,-110.0,48.5,-105.0,89.0,11.0,62.0,38.0,7517.0,0.0,0.0,-27.0
cfb,2026,3,total,W. Kentucky,Indiana,o59.5|u59.5|o40.5|+100|u60.5|-115,59.5,59.5,40.5,100.0,60.5,-115.0,61.0,39.0,70.0,30.0,14772.0,-19.0,1.0,9.0
cfb,2026,3,total,Mississippi St,S. Carolina,o54.5|u54.5|o34.5|+100|u60.5|-115,54.5,54.5,34.5,100.0,60.5,-115.0,46.0,54.0,50.0,50.0,49537.0,-20.0,6.0,4.0
cfb,2026,3,total,SE Louisiana,LA-Monroe,o47.5|u47.5|o48.5|-105|u48.5|-110,47.5,47.5,48.5,-105.0,48.5,-110.0,74.0,26.0,74.0,26.0,2009.0,1.0,1.0,0.0
cfb,2026,3,total,Florida St,Alabama,o52.5|u52.5|o50.5|+104|u50.5|-104,52.5,52.5,50.5,104.0,50.5,-104.0,79.0,21.0,78.0,22.0,44332.0,-2.0,-2.0,-1.0
cfb,2026,3,total,FIU,FL Atlantic,o59.5|u59.5|o58.5|-120|u62.5|-110,59.5,59.5,58.5,-120.0,62.5,-110.0,55.0,45.0,57.0,43.0,10622.0,-1.0,3.0,2.0
cfb,2026,3,total,Charlotte,App State,o53.5|u53.5|o52.5|-102|u52.5|+102,53.5,53.5,52.5,-102.0,52.5,102.0,58.0,42.0,61.0,39.0,6184.0,-1.0,-1.0,3.0
cfb,2026,3,total,E. Carolina,Old Dominion,o49.5|u49.5|o48.5|-108|u48.5|-105,49.5,49.5,48.5,-108.0,48.5,-105.0,68.0,32.0,67.0,33.0,7992.0,-1.0,-1.0,-1.0
cfb,2026,3,total,Marshall,Missouri St,o53.5|u53.5|o53.5|+115|u53.5|-112,53.5,53.5,53.5,115.0,53.5,-112.0,61.0,39.0,51.0,49.0,6280.0,0.0,0.0,-10.0
cfb,2026,3,total,GA Southern,Jax State,o53.5|u53.5|o51.5|-106|u52|-110,53.5,53.5,51.5,-106.0,52.0,-110.0,89.0,11.0,89.0,11.0,4538.0,-2.0,-1.5,0.0
cfb,2026,3,total,Nicholls St,Sam Houston,o50.5|u50.5|o51.5|+102|u51.5|-102,50.5,50.5,51.5,102.0,51.5,-102.0,82.0,18.0,82.0,18.0,1585.0,1.0,1.0,0.0
cfb,2026,3,total,Nevada,Middle Tenn,o49.5|u49.5|o50.5|+102|u50.5|-102,49.5,49.5,50.5,102.0,50.5,-102.0,51.0,49.0,45.0,55.0,6108.0,1.0,1.0,-6.0
cfb,2026,3,total,Ohio,S. Alabama,o53.5|u53.5|o48.5|-115|u48.5|+115,53.5,53.5,48.5,-115.0,48.5,115.0,91.0,9.0,92.0,8.0,13606.0,-5.0,-5.0,1.0
cfb,2026,3,total,Delaware St,S. Florida,o62.5|u62.5|o59.5|-110|u63.5|-120,62.5,62.5,59.5,-110.0,63.5,-120.0,50.0,50.0,44.0,56.0,1802.0,-3.0,1.0,-6.0
cfb,2026,3,total,Murray State,OK State,o69.5|u69.5|o70.5|+106|u70.5|-106,69.5,69.5,70.5,106.0,70.5,-106.0,36.0,64.0,31.0,69.0,3483.0,1.0,1.0,-5.0
cfb,2026,3,total,W. Michigan,Rice,o49.5|u49.5|o43.5|+106|u43.5|-105,49.5,49.5,43.5,106.0,43.5,-105.0,90.0,10.0,87.0,13.0,16186.0,-6.0,-6.0,-3.0
cfb,2026,3,total,Florida,Auburn,o53.5|u53.5|o52.5|-111|u52.5|+111,53.5,53.5,52.5,-111.0,52.5,111.0,87.0,13.0,62.0,38.0,59287.0,-1.0,-1.0,-25.0
cfb,2026,3,total,Georgia State,UCF,o49.5|u49.5|o49.5|-106|u49.5|+106,49.5,49.5,49.5,-106.0,49.5,106.0,56.0,44.0,56.0,44.0,10097.0,0.0,0.0,0.0
cfb,2026,3,total,Troy,Missouri,o49.5|u49.5|o49.5|-108|u49.5|-108,49.5,49.5,49.5,-108.0,49.5,-108.0,75.0,25.0,76.0,24.0,10011.0,0.0,0.0,1.0
cfb,2026,3,total,UConn,Southern Miss,o55.5|u55.5|o54.5|-106|u54.5|+106,55.5,55.5,54.5,-106.0,54.5,106.0,62.0,38.0,58.0,42.0,5099.0,-1.0,-1.0,-4.0
cfb,2026,3,total,TN-Martin,Memphis,o55.5|u55.5|o57.5|-115|u58.5|-105,55.5,55.5,57.5,-115.0,58.5,-105.0,50.0,50.0,50.0,50.0,1448.0,2.0,3.0,0.0
cfb,2026,3,total,Eastern Wash,Washington,o56.5|u56.5|o58.5|-110|u58.5|-106,56.5,56.5,58.5,-110.0,58.5,-106.0,72.0,28.0,95.0,5.0,2251.0,2.0,2.0,23.0
cfb,2026,3,total,North Dakota,Nebraska,o49.5|u49.5|o55.5|-111|u55.5|+111,49.5,49.5,55.5,-111.0,55.5,111.0,80.0,20.0,82.0,18.0,5220.0,6.0,6.0,2.0
cfb,2026,3,total,Colorado,Northwestern,o45.5|u45.5|o47.5|-106|u47.5|+106,45.5,45.5,47.5,-106.0,47.5,106.0,77.0,23.0,77.0,23.0,21946.0,2.0,2.0,0.0
cfb,2026,3,total,Michigan St,Notre Dame,o52.5|u52.5|o51.5|+102|u51.5|-102,52.5,52.5,51.5,102.0,51.5,-102.0,78.0,22.0,70.0,30.0,18796.0,-1.0,-1.0,-8.0
cfb,2026,3,total,LSU,Ole Miss,o57.5|u57.5|o58.5|-105|u58.5|-108,57.5,57.5,58.5,-105.0,58.5,-108.0,48.0,52.0,50.0,50.0,111884.0,1.0,1.0,2.0
cfb,2026,3,total,VA Tech,Maryland,o53.5|u53.5|o52.5|-110|u53.5|-110,53.5,53.5,52.5,-110.0,53.5,-110.0,87.0,13.0,87.0,13.0,32528.0,-1.0,0.0,0.0
cfb,2026,3,total,New Mexico,Oklahoma,o49.5|u49.5|o45.5|-108|u46.5|-114,49.5,49.5,45.5,-108.0,46.5,-114.0,81.0,19.0,91.0,9.0,21674.0,-4.0,-3.0,10.0
cfb,2026,3,total,West Virginia,Virginia,o50.5|u50.5|o51.5|-108|u51.5|-110,50.5,50.5,51.5,-108.0,51.5,-110.0,89.0,11.0,76.0,24.0,21820.0,1.0,1.0,-13.0
cfb,2026,3,total,Kennesaw St,Tennessee,o60.5|u60.5|o59.5|-115|u60.5|-110,60.5,60.5,59.5,-115.0,60.5,-110.0,53.0,47.0,60.0,40.0,10006.0,-1.0,0.0,7.0
cfb,2026,3,total,UTSA,Texas,o57.5|u57.5|o48.5|+100|u58.5|-105,57.5,57.5,48.5,100.0,58.5,-105.0,58.0,42.0,67.0,33.0,19826.0,-9.0,1.0,9.0
cfb,2026,3,total,E TA&M,Tulsa,o58.5|u58.5|o44.5|+100|u61.5|-105,58.5,58.5,44.5,100.0,61.5,-105.0,92.0,8.0,76.0,24.0,1696.0,-14.0,3.0,-16.0
cfb,2026,3,total,Arkansas St,TCU,o54.5|u54.5|o56.5|+106|u56.5|-106,54.5,54.5,56.5,106.0,56.5,-106.0,57.0,43.0,63.0,37.0,8799.0,2.0,2.0,6.0
cfb,2026,3,total,UAB,Louisiana,o57.5|u57.5|o55.5|-102|u55.5|+102,57.5,57.5,55.5,-102.0,55.5,102.0,29.0,71.0,22.0,78.0,8012.0,-2.0,-2.0,-7.0
cfb,2026,3,total,BYU,Colorado St,o51.5|u51.5|o54.5|-105|u54.5|-105,51.5,51.5,54.5,-105.0,54.5,-105.0,84.0,16.0,85.0,15.0,17993.0,3.0,3.0,1.0
cfb,2026,3,total,South Dakota,Boise State,o56.5|u56.5|o60.5|-110|u61.5|-110,56.5,56.5,60.5,-110.0,61.5,-110.0,38.0,62.0,55.0,45.0,7840.0,4.0,5.0,17.0
cfb,2026,3,total,JMU,San Diego St,o46.5|u46.5|o46.5|-108|u46.5|-108,46.5,46.5,46.5,-108.0,46.5,-108.0,90.0,10.0,89.0,11.0,15125.0,0.0,0.0,-1.0
cfb,2026,3,total,N. Illinois,Arizona,o52.5|u52.5|o49.5|-110|u50.5|-108,52.5,52.5,49.5,-110.0,50.5,-108.0,88.0,12.0,90.0,10.0,7007.0,-3.0,-2.0,2.0
cfb,2026,3,total,ND State,Sac State,o53.5|u53.5|o50.5|-110|u50.5|-102,53.5,53.5,50.5,-110.0,50.5,-102.0,85.0,15.0,88.0,12.0,13192.0,-3.0,-3.0,3.0
cfb,2026,3,total,Montana,Oregon St,o53.5|u53.5|o54.5|-110|u56.5|-110,53.5,53.5,54.5,-110.0,56.5,-110.0,30.0,70.0,40.0,60.0,7088.0,1.0,3.0,10.0
cfb,2026,3,total,Purdue,UCLA,o52.5|u52.5|o52.5|-110|u54.5|-115,52.5,52.5,52.5,-110.0,54.5,-115.0,82.0,18.0,86.0,14.0,21270.0,0.0,2.0,4.0
cfb,2026,3,total,Fresno State,San Jose St,o54.5|u54.5|o47.5|-108|u48.5|-114,54.5,54.5,47.5,-108.0,48.5,-114.0,82.0,18.0,47.0,53.0,,-7.0,-6.0,-35.0
cfb,2026,3,ml,Montana,Oregon St,+280|-360|+600|-800,280.0,-360.0,600.0,,-800.0,,2.0,98.0,7.0,93.0,7088.0,320.0,-440.0,5.0
cfb,2026,3,ml,Purdue,UCLA,+390|-530|+475|-575,390.0,-530.0,475.0,,-575.0,,1.0,99.0,1.0,99.0,21270.0,85.0,-45.0,0.0
cfb,2026,3,ml,Fresno State,San Jose St,-240|+195|-165|+168,-240.0,195.0,-165.0,,168.0,,92.0,8.0,56.0,44.0,21356.0,75.0,-27.0,-36.0
cfb,2026,3,ml,N. Illinois,Arizona,+3500|-20000|+6500|-6500,3500.0,-20000.0,6500.0,,-6500.0,,8.0,92.0,36.0,64.0,7007.0,3000.0,13500.0,28.0
cfb,2026,3,ml,ND State,Sac State,-3200|+1400|-3000|+1800,-3200.0,1400.0,-3000.0,,1800.0,,98.0,2.0,97.0,3.0,13192.0,200.0,400.0,-1.0
cfb,2026,3,ml,South Dakota,Boise State,+1200|-3000|+1700|-3000,1200.0,-3000.0,1700.0,,-3000.0,,1.0,99.0,2.0,98.0,7840.0,500.0,0.0,1.0
cfb,2026,3,ml,JMU,San Diego St,-102|-118|+120|-130,-102.0,-118.0,120.0,,-130.0,,53.0,47.0,65.0,35.0,15125.0,222.0,-12.0,12.0
cfb,2026,3,ml,BYU,Colorado St,-1700|+890|-850|+700,-1700.0,890.0,-850.0,,700.0,,99.0,1.0,100.0,1.0,17993.0,850.0,-190.0,1.0
cfb,2026,3,ml,UTSA,Texas,+2000|-6500|+2200|-5000,2000.0,-6500.0,2200.0,,-5000.0,,1.0,99.0,1.0,99.0,19826.0,200.0,1500.0,0.0
cfb,2026,3,ml,Arkansas St,TCU,+860|-1600|+953|-953,860.0,-1600.0,953.0,,-953.0,,1.0,99.0,1.0,99.0,8799.0,93.0,647.0,0.0
cfb,2026,3,ml,UAB,Louisiana,+270|-345|+251|-251,270.0,-345.0,251.0,,-251.0,,3.0,97.0,19.0,81.0,8012.0,-19.0,94.0,16.0
cfb,2026,3,ml,Kennesaw St,Tennessee,+4000|-20000|+4000|-20000,4000.0,-20000.0,4000.0,,-20000.0,,2.0,98.0,18.0,82.0,10006.0,0.0,0.0,16.0
cfb,2026,3,ml,Colorado,Northwestern,+176|-215|+150|-175,176.0,-215.0,150.0,,-175.0,,42.0,58.0,86.0,14.0,21946.0,-26.0,40.0,44.0
cfb,2026,3,ml,Michigan St,Notre Dame,+2400|-10000|+2000|-4000,2400.0,-10000.0,2000.0,,-4000.0,,3.0,97.0,27.0,73.0,18796.0,-400.0,6000.0,24.0
cfb,2026,3,ml,LSU,Ole Miss,+109|-130|-145|+130,109.0,-130.0,-145.0,,130.0,,71.0,29.0,70.0,30.0,111884.0,-254.0,260.0,-1.0
cfb,2026,3,ml,New Mexico,Oklahoma,+1160|-2800|+1200|-1800,1160.0,-2800.0,1200.0,,-1800.0,,1.0,99.0,17.0,83.0,21674.0,40.0,1000.0,16.0
cfb,2026,3,ml,West Virginia,Virginia,+240|-298|+375|-410,240.0,-298.0,375.0,,-410.0,,2.0,98.0,13.0,87.0,21820.0,135.0,-112.0,11.0
cfb,2026,3,ml,North Dakota,Nebraska,+1400|-4000|+1718|-1718,1400.0,-4000.0,1718.0,,-1718.0,,1.0,99.0,7.0,93.0,5220.0,318.0,2282.0,6.0
cfb,2026,3,ml,GA Southern,Jax State,+110|-130|+146|-170,110.0,-130.0,146.0,,-170.0,,9.0,91.0,29.0,71.0,4538.0,36.0,-40.0,20.0
cfb,2026,3,ml,Nicholls St,Sam Houston,+860|-1600|+1160|-1400,860.0,-1600.0,1160.0,,-1400.0,,1.0,99.0,100.0,1.0,1585.0,300.0,200.0,99.0
cfb,2026,3,ml,Nevada,Middle Tenn,-218|+180|-167|+167,-218.0,180.0,-167.0,,167.0,,93.0,7.0,35.0,65.0,6108.0,51.0,-13.0,-58.0
cfb,2026,3,ml,Ohio,S. Alabama,+130|-155|+390|-260,130.0,-155.0,390.0,,-260.0,,5.0,95.0,8.0,92.0,13606.0,260.0,-105.0,3.0
cfb,2026,3,ml,W. Michigan,Rice,-450|+340|-335|+280,-450.0,340.0,-335.0,,280.0,,97.0,3.0,96.0,4.0,16186.0,115.0,-60.0,-1.0
cfb,2026,3,ml,Florida,Auburn,-112|-108|-128|+170,-112.0,-108.0,-128.0,,170.0,,72.0,28.0,68.0,32.0,59287.0,-16.0,278.0,-4.0
cfb,2026,3,ml,Georgia State,UCF,+860|-1600|+750|-1000,860.0,-1600.0,750.0,,-1000.0,,1.0,99.0,1.0,99.0,10097.0,-110.0,600.0,0.0
cfb,2026,3,ml,Troy,Missouri,+2200|-8000|+1850|-4000,2200.0,-8000.0,1850.0,,-4000.0,,1.0,99.0,1.0,99.0,10011.0,-350.0,4000.0,0.0
cfb,2026,3,ml,UConn,Southern Miss,-135|+114|-162|+140,-135.0,114.0,-162.0,,140.0,,89.0,11.0,77.0,23.0,5099.0,-27.0,26.0,-12.0
cfb,2026,3,ml,TN-Martin,Memphis,+4000|-20000|+3500|-5000,4000.0,-20000.0,3500.0,,-5000.0,,3.0,97.0,24.0,76.0,1448.0,-500.0,15000.0,21.0
cfb,2026,3,ml,Marshall,Missouri St,-180|+150|-167|+167,-180.0,150.0,-167.0,,167.0,,93.0,7.0,61.0,39.0,6280.0,13.0,17.0,-32.0
cfb,2026,3,ml,FIU,FL Atlantic,+275|-350|+180|-185,275.0,-350.0,180.0,,-185.0,,3.0,97.0,6.0,94.0,10622.0,-95.0,165.0,3.0
cfb,2026,3,ml,Charlotte,App State,+625|-950|+700|-1000,625.0,-950.0,700.0,,-1000.0,,1.0,99.0,3.0,97.0,6184.0,75.0,-50.0,2.0
cfb,2026,3,ml,E. Carolina,Old Dominion,+110|-130|+120|-130,110.0,-130.0,120.0,,-130.0,,19.0,81.0,65.0,35.0,7992.0,10.0,0.0,46.0
cfb,2026,3,ml,Florida St,Alabama,+440|-600|+850|-1200,440.0,-600.0,850.0,,-1200.0,,2.0,98.0,3.0,97.0,44332.0,410.0,-600.0,1.0
cfb,2026,3,ml,SE Louisiana,LA-Monroe,+400|-550|+375|-400,400.0,-550.0,375.0,,-400.0,,1.0,99.0,1.0,99.0,2009.0,-25.0,150.0,0.0
cfb,2026,3,ml,Mississippi St,S. Carolina,+240|-298|+153|-153,240.0,-298.0,153.0,,-153.0,,28.0,72.0,73.0,27.0,49537.0,-87.0,145.0,45.0
cfb,2026,3,ml,Stanford,Duke,+365|-490|+315|-375,365.0,-490.0,315.0,,-375.0,,5.0,95.0,2.0,98.0,18377.0,-50.0,115.0,-3.0
cfb,2026,3,ml,Ball State,Liberty,+460|-650|+545|-545,460.0,-650.0,545.0,,-545.0,,1.0,99.0,12.0,88.0,7552.0,85.0,105.0,11.0
cfb,2026,3,ml,LA Tech,Baylor,+810|-1450|+890|-1200,810.0,-1450.0,890.0,,-1200.0,,2.0,98.0,22.0,78.0,15211.0,80.0,250.0,20.0
cfb,2026,3,ml,UTEP,Michigan,+6600|-20000|+6500|N/A,6600.0,-20000.0,6500.0,,,,,,,,18508.0,-100.0,,
cfb,2026,3,ml,USC,Rutgers,-4000|+1400|-2000|+1200,-4000.0,1400.0,-2000.0,,1200.0,,98.0,2.0,96.0,4.0,34901.0,2000.0,-200.0,-2.0
cfb,2026,3,ml,Utah State,Utah,+1600|-4500|+1900|-3000,1600.0,-4500.0,1900.0,,-3000.0,,2.0,98.0,4.0,96.0,16085.0,300.0,1500.0,2.0
cfb,2026,3,ml,Stonehill,UMass,+3500|-12500|+3500|-10000,3500.0,-12500.0,3500.0,,-10000.0,,3.0,97.0,1.0,99.0,2181.0,0.0,2500.0,-2.0
cfb,2026,3,ml,Miami (OH),Cincinnati,+460|-650|+530|-650,460.0,-650.0,530.0,,-650.0,,1.0,99.0,100.0,1.0,12556.0,70.0,0.0,99.0
cfb,2026,3,ml,Kentucky,Texas A&M,+550|-820|+680|-800,550.0,-820.0,680.0,,-800.0,,2.0,98.0,2.0,98.0,32155.0,130.0,20.0,0.0
cfb,2026,3,ml,SMU,Louisville,-105|-115|+130|-145,-105.0,-115.0,130.0,,-145.0,,36.0,64.0,21.0,79.0,66557.0,235.0,-30.0,-15.0
cfb,2026,3,ml,Temple,Toledo,+122|-146|+175|-190,122.0,-146.0,175.0,,-190.0,,3.0,97.0,4.0,96.0,9804.0,53.0,-44.0,1.0
cfb,2026,3,ml,Wyoming,C. Michigan,+104|-125|-118|+110,104.0,-125.0,-118.0,,110.0,,36.0,64.0,87.0,13.0,9400.0,-222.0,235.0,51.0
cfb,2026,3,ml,NC State,Vanderbilt,+140|-170|+140|-155,140.0,-170.0,140.0,,-155.0,,11.0,89.0,40.0,60.0,26707.0,0.0,15.0,29.0
cfb,2026,3,ml,E. Michigan,Wisconsin,+1400|-4000|+1400|-2200,1400.0,-4000.0,1400.0,,-2200.0,,1.0,99.0,2.0,98.0,11672.0,0.0,1800.0,1.0
cfb,2026,3,ml,UNC,Clemson,+320|-410|+130|-145,320.0,-410.0,130.0,,-145.0,,18.0,82.0,37.0,63.0,47866.0,-190.0,265.0,19.0
cfb,2026,3,ml,Arizona St,Kansas,-205|+170|-200|+180,-205.0,170.0,-200.0,,180.0,,90.0,10.0,84.0,16.0,28126.0,5.0,10.0,-6.0
cfb,2026,3,ml,North Texas,Texas St,+106|-128|+136|-145,106.0,-128.0,136.0,,-145.0,,27.0,73.0,69.0,31.0,26147.0,30.0,-17.0,42.0
cfb,2026,3,ml,Akron,Minnesota,+2500|-10000|+1718|-1718,2500.0,-10000.0,1718.0,,-1718.0,,2.0,98.0,8.0,92.0,9890.0,-782.0,8282.0,6.0
cfb,2026,3,ml,Tulane,K State,+920|-1800|+980|-1400,920.0,-1800.0,980.0,,-1400.0,,3.0,97.0,9.0,91.0,16261.0,60.0,400.0,6.0
cfb,2026,3,ml,Georgia,Arkansas,-880|+580|-2800|+1500,-880.0,580.0,-2800.0,,1500.0,,97.0,3.0,96.0,4.0,52653.0,-1920.0,920.0,-1.0
cfb,2026,3,ml,Bowling Green,Iowa State,+1280|-3500|+1718|-1718,1280.0,-3500.0,1718.0,,-1718.0,,3.0,97.0,6.0,94.0,12818.0,438.0,1782.0,3.0
cfb,2026,3,ml,Coastal Car,Delaware,+146|-178|+175|-196,146.0,-178.0,175.0,,-196.0,,12.0,88.0,24.0,76.0,22527.0,29.0,-18.0,12.0
cfb,2026,3,ml,Houston,Texas Tech,+419|-574|+260|-320,419.0,-574.0,260.0,,-320.0,,6.0,94.0,85.0,15.0,75846.0,-159.0,254.0,79.0
cfb,2026,3,ml,Miami (FL),Wake Forest,-1200|+750|-1400|+950,-1200.0,750.0,-1400.0,,950.0,,95.0,5.0,97.0,3.0,69490.0,-200.0,200.0,2.0
cfb,2026,3,ml,Syracuse,Pittsburgh,+295|-375|+340|-420,295.0,-375.0,340.0,,-420.0,,5.0,95.0,14.0,86.0,,45.0,-45.0,9.0
nfl,2026,1,spread,Patriots,Seahawks,+4.5|-4.5|+3.5|-110|-3|-115,4.5,-4.5,3.5,-110.0,-3.0,-115.0,54.0,46.0,65.0,35.0,292189.0,-1.0,1.5,11.0
nfl,2026,1,spread,49ers,Rams,+2.5|-2.5|+3.5|-105|-3.5|-110,2.5,-2.5,3.5,-105.0,-3.5,-110.0,39.0,61.0,55.0,45.0,268970.0,1.0,-1.0,16.0
nfl,2026,1,spread,Broncos,Chiefs,+2.5|-2.5|+6.5|-108|-2|-105,2.5,-2.5,6.5,-108.0,-2.0,-105.0,74.0,26.0,79.0,21.0,244014.0,4.0,0.5,5.0
nfl,2026,1,spread,Cowboys,Giants,-2.5|+2.5|+5.5|-104|+3|+105,-2.5,2.5,5.5,-104.0,3.0,105.0,61.0,39.0,69.0,31.0,183051.0,8.0,0.5,8.0
nfl,2026,1,spread,Saints,Lions,+7.5|-7.5|+9.5|-108|-7|-105,7.5,-7.5,9.5,-108.0,-7.0,-105.0,38.0,62.0,27.0,73.0,122244.0,2.0,0.5,-11.0
nfl,2026,1,spread,Buccaneers,Bengals,+3.5|-3.5|+3.5|-102|-3.5|-105,3.5,-3.5,3.5,-102.0,-3.5,-105.0,54.0,46.0,59.0,41.0,120341.0,0.0,0.0,5.0
nfl,2026,1,spread,Bills,Texans,-1.5|+1.5|-1|-108|-16.5|+9900,-1.5,1.5,-1.0,-108.0,,,55.0,45.0,48.0,52.0,119704.0,0.5,,-7.0
nfl,2026,1,spread,Packers,Vikings,-2.5|+2.5|+16.5|+9900|-2.5|-105,-2.5,2.5,,,-2.5,-105.0,57.0,43.0,48.0,52.0,106548.0,,-5.0,-9.0
nfl,2026,1,spread,Bears,Panthers,-2.5|+2.5|-3|-105|+6.5|+113,-2.5,2.5,-3.0,-105.0,6.5,113.0,67.0,33.0,53.0,47.0,105250.0,-0.5,4.0,-14.0
nfl,2026,1,spread,Commanders,Eagles,+4.5|-4.5|+5.5|+100|-5.5|-104,4.5,-4.5,5.5,100.0,-5.5,-104.0,34.0,66.0,24.0,76.0,102004.0,1.0,-1.0,-10.0
nfl,2026,1,spread,Ravens,Colts,-4.5|+4.5|+1.5|-125|-14.5|+9900,-4.5,4.5,1.5,-125.0,,,68.0,32.0,37.0,63.0,100110.0,6.0,,-31.0
nfl,2026,1,spread,Falcons,Steelers,+2.5|-2.5|+6.5|-108|-20.5|+9900,2.5,-2.5,6.5,-108.0,,,37.0,63.0,15.0,85.0,94385.0,4.0,,-22.0
nfl,2026,1,spread,Cardinals,Chargers,+8.5|-8.5|+8.5|+100|+1.5|-127,8.5,-8.5,8.5,100.0,1.5,-127.0,28.0,72.0,26.0,74.0,93269.0,0.0,10.0,-2.0
nfl,2026,1,spread,Browns,Jaguars,+7.5|-7.5|+9|-105|-7.5|-105,7.5,-7.5,9.0,-105.0,-7.5,-105.0,36.0,64.0,18.0,82.0,91432.0,1.5,0.0,-18.0
nfl,2026,1,spread,Dolphins,Raiders,+3|-3|+3|-110|-3|-108,3.0,-3.0,3.0,-110.0,-3.0,-108.0,45.0,55.0,57.0,43.0,85015.0,0.0,0.0,12.0
nfl,2026,1,spread,Jets,Titans,+1.5|-1.5|+1|-110|+6.5|-104,1.5,-1.5,1.0,-110.0,6.5,-104.0,44.0,56.0,52.0,48.0,84904.0,-0.5,8.0,8.0
nfl,2026,1,total,Patriots,Seahawks,o45.5|u45.5|o44.5|-105|u44.5|-110,45.5,45.5,44.5,-105.0,44.5,-110.0,29.0,71.0,41.0,59.0,292189.0,-1.0,-1.0,12.0
nfl,2026,1,total,49ers,Rams,o49.5|u49.5|o36.5|+9900|u47.5|-105,49.5,49.5,,,47.5,-105.0,20.0,80.0,30.0,70.0,268970.0,,-2.0,10.0
nfl,2026,1,total,Broncos,Chiefs,o43.5|u43.5|o41.5|+108|u42.5|-105,43.5,43.5,41.5,108.0,42.5,-105.0,24.0,76.0,37.0,63.0,244014.0,-2.0,-1.0,13.0
nfl,2026,1,total,Cowboys,Giants,o48.5|u48.5|o48.5|+9900|u47.5|-105,48.5,48.5,,,47.5,-105.0,15.0,85.0,12.0,88.0,183051.0,,-1.0,-3.0
nfl,2026,1,total,Saints,Lions,o49.5|u49.5|o50|-108|u50|-110,49.5,49.5,50.0,-108.0,50.0,-110.0,14.0,86.0,66.0,34.0,122244.0,0.5,0.5,52.0
nfl,2026,1,total,Buccaneers,Bengals,o52.5|u52.5|o60.5|+9900|u50.5|-110,52.5,52.5,,,50.5,-110.0,10.0,90.0,25.0,75.0,120341.0,,-2.0,15.0
nfl,2026,1,total,Bills,Texans,o44.5|u44.5|o44.5|-110|u44.5|-108,44.5,44.5,44.5,-110.0,44.5,-108.0,17.0,83.0,62.0,38.0,119704.0,0.0,0.0,45.0
nfl,2026,1,total,Packers,Vikings,o46.5|u46.5|o63.5|+9900|u45.5|-106,46.5,46.5,,,45.5,-106.0,9.0,91.0,16.0,84.0,106548.0,,-1.0,7.0
nfl,2026,1,total,Bears,Panthers,o45.5|u45.5|o46.5|-114|u47|-108,45.5,45.5,46.5,-114.0,47.0,-108.0,11.0,89.0,52.0,48.0,105250.0,1.0,1.5,41.0
nfl,2026,1,total,Commanders,Eagles,o47.5|u47.5|o44.5|+127|u45.5|-115,47.5,47.5,44.5,127.0,45.5,-115.0,14.0,86.0,19.0,81.0,102004.0,-3.0,-2.0,5.0
nfl,2026,1,total,Ravens,Colts,o49.5|u49.5|o66.5|+9900|u51.5|-115,49.5,49.5,,,51.5,-115.0,13.0,87.0,14.0,86.0,100110.0,,2.0,1.0
nfl,2026,1,total,Falcons,Steelers,o41.5|u41.5|o35.5|+9900|u40.5|-105,41.5,41.5,,,40.5,-105.0,24.0,76.0,19.0,81.0,94385.0,,-1.0,-5.0
nfl,2026,1,total,Cardinals,Chargers,o46.5|u46.5|o40.5|-133|u50.5|-115,46.5,46.5,40.5,-133.0,50.5,-115.0,10.0,90.0,23.0,77.0,93269.0,-6.0,4.0,13.0
nfl,2026,1,total,Browns,Jaguars,o39.5|u39.5|o46.5|+9900|u42.5|-120,39.5,39.5,,,42.5,-120.0,31.0,69.0,31.0,69.0,91432.0,,3.0,0.0
nfl,2026,1,total,Dolphins,Raiders,o39.5|u39.5|o40.5|+9900|u40.5|-110,39.5,39.5,,,40.5,-110.0,30.0,70.0,36.0,64.0,85015.0,,1.0,6.0
nfl,2026,1,total,Jets,Titans,o38.5|u38.5|o35.5|+9900|u39.5|-108,38.5,38.5,,,39.5,-108.0,39.0,61.0,42.0,58.0,84904.0,,1.0,3.0
nfl,2026,1,ml,Patriots,Seahawks,+175|-210|+165|-170,175.0,-210.0,165.0,,-170.0,,18.0,82.0,47.0,53.0,292189.0,-10.0,40.0,29.0
nfl,2026,1,ml,49ers,Rams,+115|-140|+180|-198,115.0,-140.0,180.0,,-198.0,,13.0,87.0,19.0,81.0,268970.0,65.0,-58.0,6.0
nfl,2026,1,ml,Broncos,Chiefs,+130|-155|+300|-125,130.0,-155.0,300.0,,-125.0,,37.0,63.0,37.0,63.0,244014.0,170.0,30.0,0.0
nfl,2026,1,ml,Cowboys,Giants,-150|+125|+245|+145,-150.0,125.0,245.0,,145.0,,87.0,13.0,72.0,28.0,183051.0,395.0,20.0,-15.0
nfl,2026,1,ml,Saints,Lions,+310|-390|+525|-325,310.0,-390.0,525.0,,-325.0,,4.0,96.0,2.0,98.0,122244.0,215.0,65.0,-2.0
nfl,2026,1,ml,Buccaneers,Bengals,+168|-200|+170|-190,168.0,-200.0,170.0,,-190.0,,13.0,87.0,16.0,84.0,120341.0,2.0,10.0,3.0
nfl,2026,1,ml,Bills,Texans,-112|-104|-110|+100,-112.0,-104.0,-110.0,,100.0,,73.0,27.0,71.0,29.0,119704.0,2.0,204.0,-2.0
nfl,2026,1,ml,Packers,Vikings,-142|+120|+120|+567,-142.0,120.0,120.0,,567.0,,41.0,59.0,32.0,68.0,106548.0,262.0,447.0,-9.0
nfl,2026,1,ml,Bears,Panthers,-142|+120|-160|+140,-142.0,120.0,-160.0,,140.0,,89.0,11.0,94.0,6.0,105250.0,-18.0,20.0,5.0
nfl,2026,1,ml,Commanders,Eagles,+180|-215|+285|-245,180.0,-215.0,285.0,,-245.0,,4.0,96.0,3.0,97.0,102004.0,105.0,-30.0,-1.0
nfl,2026,1,ml,Ravens,Colts,-205|+172|-110|+136,-205.0,172.0,-110.0,,136.0,,91.0,9.0,96.0,4.0,100110.0,95.0,-36.0,5.0
nfl,2026,1,ml,Falcons,Steelers,+108|-126|+250|-298,108.0,-126.0,250.0,,-298.0,,9.0,91.0,8.0,92.0,94385.0,142.0,-172.0,-1.0
nfl,2026,1,ml,Cardinals,Chargers,+350|-450|+380|-113,350.0,-450.0,380.0,,-113.0,,4.0,96.0,4.0,96.0,93269.0,30.0,337.0,0.0
nfl,2026,1,ml,Browns,Jaguars,+315|-400|+360|-350,315.0,-400.0,360.0,,-350.0,,6.0,94.0,7.0,93.0,91432.0,45.0,50.0,1.0
nfl,2026,1,ml,Dolphins,Raiders,+142|-168|+142|-165,142.0,-168.0,142.0,,-165.0,,15.0,85.0,21.0,79.0,85015.0,0.0,3.0,6.0
nfl,2026,1,ml,Jets,Titans,+106|-124|+100|-115,106.0,-124.0,100.0,,-115.0,,27.0,73.0,24.0,76.0,84904.0,-6.0,9.0,-3.0
nfl,2026,2,spread,Lions,Bills,+3|-3|+16.5|-104|-5.5|+102,3.0,-3.0,16.5,-104.0,-5.5,102.0,50.0,50.0,39.0,61.0,292239.0,13.5,-2.5,-11.0
nfl,2026,2,spread,Browns,Buccaneers,+5.5|-5.5|+7.5|+102|-1.5|-144,5.5,-5.5,7.5,102.0,-1.5,-144.0,12.0,88.0,11.0,89.0,106361.0,2.0,4.0,-1.0
nfl,2026,2,spread,Packers,Jets,-5.5|+5.5|-3.5|+120|+3.5|-112,-5.5,5.5,-3.5,120.0,3.5,-112.0,75.0,25.0,48.0,52.0,95556.0,2.0,-2.0,-27.0
nfl,2026,2,spread,Panthers,Falcons,+1.5|-1.5|-2.5|+102|+17.5|-113,1.5,-1.5,-2.5,102.0,17.5,-113.0,69.0,31.0,55.0,45.0,91724.0,-4.0,19.0,-14.0
nfl,2026,2,spread,Eagles,Titans,-4.5|+4.5|-6.5|-111|+9.5|-117,-4.5,4.5,-6.5,-111.0,9.5,-117.0,94.0,6.0,92.0,8.0,116165.0,-2.0,5.0,-2.0
nfl,2026,2,spread,Bengals,Texans,+2.5|-2.5|+2.5|+111|+3.5|+100,2.5,-2.5,2.5,111.0,3.5,100.0,56.0,44.0,47.0,53.0,117761.0,0.0,6.0,-9.0
nfl,2026,2,spread,Saints,Ravens,+7.5|-7.5|+10.5|-104|-7.5|-102,7.5,-7.5,10.5,-104.0,-7.5,-102.0,18.0,82.0,14.0,86.0,115817.0,3.0,0.0,-4.0
nfl,2026,2,spread,Vikings,Bears,+3.5|-3.5|+4.5|-102|-3.5|-104,3.5,-3.5,4.5,-102.0,-3.5,-104.0,36.0,64.0,37.0,63.0,125086.0,1.0,0.0,1.0
nfl,2026,2,spread,Steelers,Patriots,+4.5|-4.5|+7.5|-133|-4.5|+102,4.5,-4.5,7.5,-133.0,-4.5,102.0,57.0,43.0,55.0,45.0,88922.0,3.0,0.0,-2.0
nfl,2026,2,spread,Raiders,Chargers,+8.5|-8.5|+6.5|+106|-1.5|+104,8.5,-8.5,6.5,106.0,-1.5,104.0,51.0,49.0,40.0,60.0,78315.0,-2.0,7.0,-11.0
nfl,2026,2,spread,Jaguars,Broncos,+2.5|+106|+2.5|-108,,,2.5,106.0,2.5,-108.0,69.0,31.0,81.0,19.0,97329.0,,,12.0
nfl,2026,2,spread,Commanders,Cowboys,+10.5|+104|-3.5|-106,,,10.5,104.0,-3.5,-106.0,55.0,45.0,68.0,32.0,114696.0,,,13.0
nfl,2026,2,spread,Dolphins,49ers,+10.5|-10.5|+14.5|+104|-12.5|-106,10.5,-10.5,14.5,104.0,-12.5,-106.0,13.0,87.0,50.0,50.0,85964.0,4.0,-2.0,37.0
nfl,2026,2,spread,Seahawks,Cardinals,-10|+10|-3.5|+117|+5.5|-110,-10.0,10.0,-3.5,117.0,5.5,-110.0,63.0,37.0,46.0,54.0,83864.0,6.5,-4.5,-17.0
nfl,2026,2,spread,Colts,Chiefs,+6.5|-6.5|+9.5|-108|-5.5|-102,6.5,-6.5,9.5,-108.0,-5.5,-102.0,19.0,81.0,41.0,59.0,183571.0,3.0,1.0,22.0
nfl,2026,2,spread,Giants,Rams,+8.5|-8.5|+17.5|-108|-7|+102,8.5,-8.5,17.5,-108.0,-7.0,102.0,58.0,42.0,61.0,39.0,235840.0,9.0,1.5,3.0
nfl,2026,2,total,Lions,Bills,o52.5|u52.5|o54.5|-102|u63.5|+104,52.5,52.5,54.5,-102.0,63.5,104.0,17.0,83.0,66.0,34.0,292239.0,2.0,11.0,49.0
nfl,2026,2,total,Browns,Buccaneers,o42.5|u42.5|o41.5|+102|u46.5|+133,42.5,42.5,41.5,102.0,46.5,133.0,33.0,67.0,67.0,33.0,106361.0,-1.0,4.0,34.0
nfl,2026,2,total,Packers,Jets,o42.5|u42.5|o43.5|-106|u43.5|+106,42.5,42.5,43.5,-106.0,43.5,106.0,32.0,68.0,34.0,66.0,95556.0,1.0,1.0,2.0
nfl,2026,2,total,Panthers,Falcons,o44.5|u44.5|o43.5|+106|u43.5|-106,44.5,44.5,43.5,106.0,43.5,-106.0,38.0,62.0,77.0,23.0,91724.0,-1.0,-1.0,39.0
nfl,2026,2,total,Eagles,Titans,o42.5|u42.5|o39.5|-106|u43.5|-108,42.5,42.5,39.5,-106.0,43.5,-108.0,29.0,71.0,27.0,73.0,116165.0,-3.0,1.0,-2.0
nfl,2026,2,total,Bengals,Texans,o46.5|u46.5|o45.5|+106|u45.5|-106,46.5,46.5,45.5,106.0,45.5,-106.0,34.0,66.0,49.0,51.0,117761.0,-1.0,-1.0,15.0
nfl,2026,2,total,Saints,Ravens,o46.5|u46.5|o42.5|+108|u45.5|-106,46.5,46.5,42.5,108.0,45.5,-106.0,25.0,75.0,46.0,54.0,115817.0,-4.0,-1.0,21.0
nfl,2026,2,total,Vikings,Bears,o45.5|u45.5|o30.5|+104|u46.5|-105,45.5,45.5,30.5,104.0,46.5,-105.0,27.0,73.0,48.0,52.0,125086.0,-15.0,1.0,21.0
nfl,2026,2,total,Steelers,Patriots,o43.5|u43.5|o41.5|+106|u41.5|-106,43.5,43.5,41.5,106.0,41.5,-106.0,37.0,63.0,32.0,68.0,88922.0,-2.0,-2.0,-5.0
nfl,2026,2,total,Raiders,Chargers,o42.5|u42.5|o43.5|+102|u43.5|-102,42.5,42.5,43.5,102.0,43.5,-102.0,32.0,68.0,37.0,63.0,78315.0,1.0,1.0,5.0
nfl,2026,2,total,Jaguars,Broncos,o43.5|u43.5|o34.5|+9900|u45.5|-110,43.5,43.5,,,45.5,-110.0,28.0,72.0,53.0,47.0,97329.0,,2.0,25.0
nfl,2026,2,total,Commanders,Cowboys,o51.5|u51.5|o51.5|+108|u52.5|-115,51.5,51.5,51.5,108.0,52.5,-115.0,32.0,68.0,54.0,46.0,114696.0,0.0,1.0,22.0
nfl,2026,2,total,Dolphins,49ers,o46.5|u46.5|o44.5|-102|u47.5|-108,46.5,46.5,44.5,-102.0,47.5,-108.0,31.0,69.0,29.0,71.0,85964.0,-2.0,1.0,-2.0
nfl,2026,2,total,Seahawks,Cardinals,o44.5|u44.5|o36.5|-122|u45.5|-110,44.5,44.5,36.5,-122.0,45.5,-110.0,78.0,22.0,67.0,33.0,83864.0,-8.0,1.0,-11.0
nfl,2026,2,total,Colts,Chiefs,o47.5|u47.5|o45.5|+102|u60.5|-108,47.5,47.5,45.5,102.0,60.5,-108.0,35.0,65.0,27.0,73.0,183571.0,-2.0,13.0,-8.0
nfl,2026,2,total,Giants,Rams,o48.5|u48.5|o39.5|+117|u47.5|-106,48.5,48.5,39.5,117.0,47.5,-106.0,62.0,38.0,60.0,40.0,235840.0,-9.0,-1.0,-2.0
nfl,2026,2,ml,Lions,Bills,+140|-165|+1329|-228,140.0,-165.0,1329.0,,-228.0,,9.0,91.0,16.0,84.0,292239.0,1189.0,-63.0,7.0
nfl,2026,2,ml,Browns,Buccaneers,+200|-245|+350|-113,200.0,-245.0,350.0,,-113.0,,3.0,97.0,1.0,99.0,106361.0,150.0,132.0,-2.0
nfl,2026,2,ml,Packers,Jets,-238|+195|-153|+163,-238.0,195.0,-153.0,,163.0,,91.0,9.0,93.0,7.0,95556.0,85.0,-32.0,2.0
nfl,2026,2,ml,Panthers,Falcons,+105|-125|-125|+1567,105.0,-125.0,-125.0,,1567.0,,80.0,20.0,84.0,16.0,91724.0,-230.0,1692.0,4.0
nfl,2026,2,ml,Eagles,Titans,-205|+170|-292|+488,-205.0,170.0,-292.0,,488.0,,98.0,2.0,85.0,15.0,116165.0,-87.0,318.0,-13.0
nfl,2026,2,ml,Bengals,Texans,+114|-135|+135|+203,114.0,-135.0,135.0,,203.0,,30.0,70.0,63.0,37.0,117761.0,21.0,338.0,33.0
nfl,2026,2,ml,Saints,Ravens,+280|-355|+488|-360,280.0,-355.0,488.0,,-360.0,,3.0,97.0,3.0,97.0,115817.0,208.0,-5.0,0.0
nfl,2026,2,ml,Vikings,Bears,+164|-198|+190|-156,164.0,-198.0,190.0,,-156.0,,9.0,91.0,5.0,95.0,125086.0,26.0,42.0,-4.0
nfl,2026,2,ml,Steelers,Patriots,+185|-225|+614|-208,185.0,-225.0,614.0,,-208.0,,16.0,84.0,29.0,71.0,88922.0,429.0,17.0,13.0
nfl,2026,2,ml,Raiders,Chargers,+295|-375|+277|-275,295.0,-375.0,277.0,,-275.0,,11.0,89.0,13.0,87.0,78315.0,-18.0,100.0,2.0
nfl,2026,2,ml,Jaguars,Broncos,+120|-142|+120|-130,120.0,-142.0,120.0,,-130.0,,38.0,62.0,54.0,46.0,97329.0,0.0,12.0,16.0
nfl,2026,2,ml,Commanders,Cowboys,+164|-198|+210|-190,164.0,-198.0,210.0,,-190.0,,14.0,86.0,37.0,63.0,114696.0,46.0,8.0,23.0
nfl,2026,2,ml,Dolphins,49ers,+470|-650|+770|-750,470.0,-650.0,770.0,,-750.0,,2.0,98.0,3.0,97.0,85964.0,300.0,-100.0,1.0
nfl,2026,2,ml,Seahawks,Cardinals,-550|+410|-190|+200,-550.0,410.0,-190.0,,200.0,,92.0,8.0,91.0,9.0,83864.0,360.0,-210.0,-1.0
nfl,2026,2,ml,Colts,Chiefs,+250|-310|+257|-251,250.0,-310.0,257.0,,-251.0,,3.0,97.0,10.0,90.0,183571.0,7.0,59.0,7.0
nfl,2026,2,ml,Giants,Rams,+300|-380|+270|-251,300.0,-380.0,270.0,,-251.0,,18.0,82.0,21.0,79.0,235840.0,-30.0,129.0,3.0
